PO_Line_ID,PO_ID,Product_ID,Quantity,Unit_Cost,Line_Total
POL0000001,PO000001,P0345,7,14.73,103.11
POL0000002,PO000001,P0196,59,46.81,2761.79
POL0000003,PO000001,P0472,26,99.82,2595.32
POL0000004,PO000001,P0186,6,58.06,348.36
POL0000005,PO000001,P0414,49,11.08,542.92
POL0000006,PO000001,P0215,42,16.53,694.26
POL0000007,PO000001,P0104,36,81.01,2916.36
POL0000008,PO000001,P0442,54,104.51,5643.54
POL0000009,PO000002,P0198,1,149119.0,149119.0
POL0000010,PO000002,P0168,1,776041.08,776041.08
POL0000011,PO000002,P0092,1,1545480.99,1545480.99
POL0000012,PO000002,P0201,36,62.31,2243.16
POL0000013,PO000002,P0122,1,123453.98,123453.98
POL0000014,PO000002,P0335,1,1382311.31,1382311.31
POL0000015,PO000002,P0127,1,17054650.07,17054650.07
POL0000016,PO000002,P0065,1,294958.42,294958.42
POL0000017,PO000003,P0192,3,41.51,124.53
POL0000018,PO000003,P0481,22,21.5,473.0
POL0000019,PO000003,P0029,35,14.89,521.15
POL0000020,PO000003,P0469,5,21.02,105.1
POL0000021,PO000003,P0297,5,13.41,67.05
POL0000022,PO000003,P0394,46,10.89,500.94
POL0000023,PO000003,P0068,26,7.11,184.86
POL0000024,PO000004,P0142,51,92.43,4713.93
POL0000025,PO000004,P0250,57,42.06,2397.42
POL0000026,PO000004,P0383,53,27.63,1464.39
POL0000027,PO000005,P0489,35,11.19,391.65
POL0000028,PO000005,P0402,6,7.59,45.54
POL0000029,PO000005,P0465,10,7.62,76.2
POL0000030,PO000005,P0252,101,6.43,649.43
POL0000031,PO000005,P0121,61,6.72,409.92
POL0000032,PO000005,P0407,11,14.25,156.75
POL0000033,PO000005,P0406,40,9.98,399.2
POL0000034,PO000005,P0355,29,21.46,622.34
POL0000035,PO000006,P0231,64,410.93,26299.52
POL0000036,PO000006,P0219,5,249.21,1246.05
POL0000037,PO000006,P0330,57,299.59,17076.63
POL0000038,PO000006,P0183,59,598.99,35340.41
POL0000039,PO000006,P0039,41,554.15,22720.15
POL0000040,PO000006,P0133,41,492.74,20202.34
POL0000041,PO000007,P0455,16,61.86,989.76
POL0000042,PO000007,P0345,35,15.99,559.65
POL0000043,PO000007,P0484,101,121.88,12309.88
POL0000044,PO000007,P0378,63,26.52,1670.76
POL0000045,PO000007,P0154,66,52.13,3440.58
POL0000046,PO000007,P0202,30,68.38,2051.4
POL0000047,PO000008,P0469,10,21.02,210.2
POL0000048,PO000008,P0311,44,199.22,8765.68
POL0000049,PO000008,P0062,33,15.86,523.38
POL0000050,PO000008,P0424,31,51.61,1599.91
POL0000051,PO000008,P0362,100,18.51,1851.0
POL0000052,PO000008,P0188,57,20.82,1186.74
POL0000053,PO000008,P0425,26,50.19,1304.94
POL0000054,PO000008,P0481,65,21.5,1397.5
POL0000055,PO000009,P0406,28,9.98,279.44
POL0000056,PO000009,P0027,1,14.01,14.01
POL0000057,PO000009,P0264,27,18.96,511.92
POL0000058,PO000009,P0481,48,21.5,1032.0
POL0000059,PO000009,P0355,31,21.46,665.26
POL0000060,PO000009,P0337,55,10.26,564.3
POL0000061,PO000009,P0402,4,7.59,30.36
POL0000062,PO000010,P0154,18,50.37,906.66
POL0000063,PO000010,P0086,26,266.01,6916.26
POL0000064,PO000010,P0381,39,216.39,8439.21
POL0000065,PO000010,P0436,32,15.81,505.92
POL0000066,PO000011,P0351,30,115.93,3477.9
POL0000067,PO000011,P0487,45,58.95,2652.75
POL0000068,PO000011,P0094,28,93.89,2628.92
POL0000069,PO000011,P0227,57,24.32,1386.24
POL0000070,PO000012,P0044,1,188078.27,188078.27
POL0000071,PO000012,P0160,1,311680.89,311680.89
POL0000072,PO000012,P0011,1,1359053.82,1359053.82
POL0000073,PO000012,P0071,1,1066271.15,1066271.15
POL0000074,PO000012,P0105,1,1268415.26,1268415.26
POL0000075,PO000012,P0151,103,41.42,4266.26
POL0000076,PO000012,P0110,1,790098.77,790098.77
POL0000077,PO000012,P0007,1,115484.88,115484.88
POL0000078,PO000013,P0445,98,457.84,44868.32
POL0000079,PO000013,P0275,120,703.31,84397.2
POL0000080,PO000013,P0256,55,893.72,49154.6
POL0000081,PO000013,P0075,39,417.0,16263.0
POL0000082,PO000013,P0107,75,624.7,46852.5
POL0000083,PO000013,P0045,65,374.69,24354.85
POL0000084,PO000013,P0178,25,263.36,6584.0
POL0000085,PO000013,P0429,90,444.14,39972.6
POL0000086,PO000014,P0262,6,495.78,2974.68
POL0000087,PO000014,P0237,11,368.41,4052.51
POL0000088,PO000014,P0015,6,216.27,1297.62
POL0000089,PO000014,P0447,61,565.54,34497.94
POL0000090,PO000015,P0420,1,221435.23,221435.23
POL0000091,PO000015,P0012,1,7852821.88,7852821.88
POL0000092,PO000015,P0484,25,107.94,2698.5
POL0000093,PO000015,P0181,21,21.38,448.98
POL0000094,PO000015,P0339,1,88303.97,88303.97
POL0000095,PO000015,P0128,1,16961732.74,16961732.74
POL0000096,PO000016,P0030,1,322872.07,322872.07
POL0000097,PO000016,P0247,1,268124.6,268124.6
POL0000098,PO000016,P0492,1,92716.74,92716.74
POL0000099,PO000016,P0101,1,304929.55,304929.55
POL0000100,PO000016,P0377,1,250687.83,250687.83
POL0000101,PO000016,P0012,1,7200852.27,7200852.27
POL0000102,PO000016,P0190,54,31.9,1722.6
POL0000103,PO000017,P0259,36,221.66,7979.76
POL0000104,PO000017,P0436,38,15.81,600.78
POL0000105,PO000017,P0441,24,49.17,1180.08
POL0000106,PO000017,P0478,55,41.59,2287.45
POL0000107,PO000017,P0455,23,61.74,1420.02
POL0000108,PO000017,P0320,1,50.65,50.65
POL0000109,PO000017,P0400,28,100.44,2812.32
POL0000110,PO000017,P0154,29,50.37,1460.73
POL0000111,PO000018,P0460,1,526935.5,526935.5
POL0000112,PO000018,P0307,1,1168387.79,1168387.79
POL0000113,PO000018,P0148,1,15834134.75,15834134.75
POL0000114,PO000018,P0375,1,765353.58,765353.58
POL0000115,PO000018,P0071,1,1127706.26,1127706.26
POL0000116,PO000018,P0220,1,7853699.02,7853699.02
POL0000117,PO000018,P0245,1,77792.7,77792.7
POL0000118,PO000019,P0441,42,49.17,2065.14
POL0000119,PO000019,P0381,47,216.39,10170.33
POL0000120,PO000019,P0259,36,221.66,7979.76
POL0000121,PO000019,P0086,32,266.01,8512.32
POL0000122,PO000019,P0436,23,15.81,363.63
POL0000123,PO000020,P0188,83,20.82,1728.06
POL0000124,PO000020,P0425,8,50.19,401.52
POL0000125,PO000020,P0167,60,24.83,1489.8
POL0000126,PO000020,P0297,2,13.41,26.82
POL0000127,PO000021,P0275,107,703.31,75254.17
POL0000128,PO000021,P0271,20,774.82,15496.4
POL0000129,PO000021,P0443,112,302.48,33877.76
POL0000130,PO000022,P0092,1,1691613.39,1691613.39
POL0000131,PO000022,P0059,1,144157.5,144157.5
POL0000132,PO000022,P0474,1,932593.41,932593.41
POL0000133,PO000022,P0245,1,82904.61,82904.61
POL0000134,PO000022,P0260,1,10851518.26,10851518.26
POL0000135,PO000022,P0110,1,864824.96,864824.96
POL0000136,PO000023,P0308,35,572.92,20052.2
POL0000137,PO000023,P0114,51,1426.13,72732.63
POL0000138,PO000023,P0300,76,308.08,23414.08
POL0000139,PO000024,P0326,50,55.97,2798.5
POL0000140,PO000024,P0202,26,68.38,1777.88
POL0000141,PO000024,P0120,15,25.08,376.2
POL0000142,PO000024,P0024,115,33.42,3843.3
POL0000143,PO000024,P0364,89,150.42,13387.38
POL0000144,PO000024,P0378,126,26.52,3341.52
POL0000145,PO000024,P0086,30,265.9,7977.0
POL0000146,PO000025,P0423,1,1182232.2,1182232.2
POL0000147,PO000025,P0130,30,35.06,1051.8
POL0000148,PO000025,P0046,1,1475081.81,1475081.81
POL0000149,PO000025,P0434,14,68.9,964.6
POL0000150,PO000025,P0091,1,174233.87,174233.87
POL0000151,PO000025,P0222,1,269000.7,269000.7
POL0000152,PO000025,P0306,1,151217.4,151217.4
POL0000153,PO000025,P0320,83,51.11,4242.13
POL0000154,PO000026,P0388,4,28.25,113.0
POL0000155,PO000026,P0086,59,265.9,15688.1
POL0000156,PO000026,P0326,71,55.97,3973.87
POL0000157,PO000026,P0364,54,150.42,8122.68
POL0000158,PO000027,P0489,41,11.19,458.79
POL0000159,PO000027,P0450,36,6.83,245.88
POL0000160,PO000027,P0362,141,18.51,2609.91
POL0000161,PO000027,P0167,52,24.83,1291.16
POL0000162,PO000027,P0081,30,12.35,370.5
POL0000163,PO000027,P0057,51,17.49,891.99
POL0000164,PO000027,P0056,90,4.94,444.6
POL0000165,PO000028,P0421,20,46.29,925.8
POL0000166,PO000028,P0338,17,33.31,566.27
POL0000167,PO000028,P0108,38,76.04,2889.52
POL0000168,PO000028,P0480,44,104.38,4592.72
POL0000169,PO000028,P0055,45,38.25,1721.25
POL0000170,PO000028,P0210,20,14.07,281.4
POL0000171,PO000028,P0495,98,68.1,6673.8
POL0000172,PO000029,P0149,2,1481.56,2963.12
POL0000173,PO000029,P0313,32,250.54,8017.28
POL0000174,PO000029,P0178,31,263.36,8164.16
POL0000175,PO000029,P0204,61,53.86,3285.46
POL0000176,PO000029,P0231,28,376.46,10540.88
POL0000177,PO000030,P0202,97,68.38,6632.86
POL0000178,PO000030,P0120,13,25.08,326.04
POL0000179,PO000030,P0326,20,55.97,1119.4
POL0000180,PO000031,P0327,16,17.15,274.4
POL0000181,PO000031,P0180,125,172.49,21561.25
POL0000182,PO000031,P0319,23,68.47,1574.81
POL0000183,PO000031,P0351,9,128.03,1152.27
POL0000184,PO000031,P0454,10,518.59,5185.9
POL0000185,PO000031,P0270,110,518.33,57016.3
POL0000186,PO000031,P0413,40,347.0,13880.0
POL0000187,PO000031,P0277,22,457.96,10075.12
POL0000188,PO000032,P0167,45,24.83,1117.35
POL0000189,PO000032,P0032,17,16.28,276.76
POL0000190,PO000032,P0081,24,12.35,296.4
POL0000191,PO000032,P0286,92,63.39,5831.88
POL0000192,PO000033,P0265,58,1105.86,64139.88
POL0000193,PO000033,P0261,65,584.13,37968.45
POL0000194,PO000033,P0311,70,191.03,13372.1
POL0000195,PO000033,P0170,65,862.82,56083.3
POL0000196,PO000033,P0498,83,829.06,68811.98
POL0000197,PO000033,P0204,88,53.86,4739.68
POL0000198,PO000033,P0316,19,366.47,6962.93
POL0000199,PO000033,P0237,43,385.66,16583.38
POL0000200,PO000034,P0096,1,196947.49,196947.49
POL0000201,PO000034,P0485,1,129224.23,129224.23
POL0000202,PO000034,P0339,1,96163.98,96163.98
POL0000203,PO000034,P0405,1,16849942.03,16849942.03
POL0000204,PO000035,P0400,14,100.44,1406.16
POL0000205,PO000035,P0478,97,41.59,4034.23
POL0000206,PO000035,P0455,50,61.74,3087.0
POL0000207,PO000036,P0212,49,420.2,20589.8
POL0000208,PO000036,P0309,7,750.41,5252.87
POL0000209,PO000036,P0002,12,1400.87,16810.44
POL0000210,PO000036,P0458,100,566.79,56679.0
POL0000211,PO000037,P0256,32,893.72,28599.04
POL0000212,PO000037,P0327,26,17.08,444.08
POL0000213,PO000037,P0426,69,709.42,48949.98
POL0000214,PO000038,P0227,53,24.32,1288.96
POL0000215,PO000038,P0451,25,39.26,981.5
POL0000216,PO000038,P0200,79,18.5,1461.5
POL0000217,PO000039,P0077,1,125567.34,125567.34
POL0000218,PO000039,P0197,1,12147612.44,12147612.44
POL0000219,PO000039,P0375,1,765353.58,765353.58
POL0000220,PO000039,P0099,1,17367895.69,17367895.69
POL0000221,PO000040,P0354,1,642479.54,642479.54
POL0000222,PO000040,P0059,1,133775.18,133775.18
POL0000223,PO000040,P0243,1,253184.52,253184.52
POL0000224,PO000040,P0490,1,303361.7,303361.7
POL0000225,PO000041,P0218,1,277521.72,277521.72
POL0000226,PO000041,P0340,1,171341.58,171341.58
POL0000227,PO000041,P0430,1,18504024.99,18504024.99
POL0000228,PO000041,P0071,1,1127706.26,1127706.26
POL0000229,PO000041,P0439,1,185518.98,185518.98
POL0000230,PO000041,P0339,1,95744.15,95744.15
POL0000231,PO000041,P0468,1,4558378.37,4558378.37
POL0000232,PO000042,P0082,1,116684.37,116684.37
POL0000233,PO000042,P0218,1,277521.72,277521.72
POL0000234,PO000042,P0127,1,15001207.68,15001207.68
POL0000235,PO000042,P0361,1,211824.36,211824.36
POL0000236,PO000043,P0190,39,31.9,1244.1
POL0000237,PO000043,P0247,1,268124.6,268124.6
POL0000238,PO000043,P0278,1,15161369.91,15161369.91
POL0000239,PO000043,P0110,1,790098.77,790098.77
POL0000240,PO000043,P0431,1,11328123.52,11328123.52
POL0000241,PO000043,P0347,1,309720.64,309720.64
POL0000242,PO000044,P0469,7,21.02,147.14
POL0000243,PO000044,P0167,39,24.83,968.37
POL0000244,PO000044,P0290,68,16.13,1096.84
POL0000245,PO000045,P0457,25,437.44,10936.0
POL0000246,PO000045,P0359,103,263.06,27095.18
POL0000247,PO000045,P0488,15,147.18,2207.7
POL0000248,PO000045,P0052,36,237.49,8549.64
POL0000249,PO000045,P0192,75,36.81,2760.75
POL0000250,PO000045,P0135,14,171.18,2396.52
POL0000251,PO000046,P0438,50,514.36,25718.0
POL0000252,PO000046,P0316,54,382.83,20672.82
POL0000253,PO000046,P0376,5,578.06,2890.3
POL0000254,PO000046,P0427,11,447.28,4920.08
POL0000255,PO000046,P0257,74,785.22,58106.28
POL0000256,PO000047,P0192,5,41.51,207.55
POL0000257,PO000047,P0481,54,21.5,1161.0
POL0000258,PO000047,P0029,83,14.89,1235.87
POL0000259,PO000047,P0469,5,21.02,105.1
POL0000260,PO000048,P0076,1,948734.25,948734.25
POL0000261,PO000048,P0391,1,237849.4,237849.4
POL0000262,PO000048,P0109,1,235252.2,235252.2
POL0000263,PO000049,P0381,13,216.39,2813.07
POL0000264,PO000049,P0441,56,49.17,2753.52
POL0000265,PO000049,P0320,1,50.65,50.65
POL0000266,PO000049,P0259,45,221.66,9974.7
POL0000267,PO000049,P0455,68,61.74,4198.32
POL0000268,PO000049,P0478,23,41.59,956.57
POL0000269,PO000049,P0400,18,100.44,1807.92
POL0000270,PO000050,P0498,79,829.06,65495.74
POL0000271,PO000050,P0058,88,473.54,41671.52
POL0000272,PO000050,P0486,42,1122.26,47134.92
POL0000273,PO000050,P0073,52,481.92,25059.84
POL0000274,PO000051,P0434,10,68.9,689.0
POL0000275,PO000051,P0460,1,557990.52,557990.52
POL0000276,PO000051,P0238,1,1448603.09,1448603.09
POL0000277,PO000051,P0310,1,299619.57,299619.57
POL0000278,PO000051,P0175,1,1043618.1,1043618.1
POL0000279,PO000051,P0025,1,6751520.96,6751520.96
POL0000280,PO000052,P0438,68,514.36,34976.48
POL0000281,PO000052,P0376,6,578.06,3468.36
POL0000282,PO000052,P0009,80,543.28,43462.4
POL0000283,PO000052,P0205,16,275.33,4405.28
POL0000284,PO000052,P0155,41,1128.29,46259.89
POL0000285,PO000052,P0219,14,249.21,3488.94
POL0000286,PO000053,P0019,1,148863.96,148863.96
POL0000287,PO000053,P0251,1,284820.02,284820.02
POL0000288,PO000053,P0181,39,21.38,833.82
POL0000289,PO000053,P0078,1,713152.81,713152.81
POL0000290,PO000053,P0092,1,1691613.39,1691613.39
POL0000291,PO000053,P0079,1,1147387.79,1147387.79
POL0000292,PO000053,P0405,1,17140121.62,17140121.62
POL0000293,PO000053,P0119,1,123412.4,123412.4
POL0000294,PO000054,P0348,1,92635.01,92635.01
POL0000295,PO000054,P0334,53,55.3,2930.9
POL0000296,PO000054,P0494,1,1444541.38,1444541.38
POL0000297,PO000054,P0420,1,230604.2,230604.2
POL0000298,PO000055,P0320,1,50.65,50.65
POL0000299,PO000055,P0455,52,61.74,3210.48
POL0000300,PO000055,P0154,29,50.37,1460.73
POL0000301,PO000055,P0381,44,216.39,9521.16
POL0000302,PO000056,P0162,1,15143656.5,15143656.5
POL0000303,PO000056,P0127,1,16132217.29,16132217.29
POL0000304,PO000056,P0314,29,45.2,1310.8
POL0000305,PO000057,P0218,1,277521.72,277521.72
POL0000306,PO000057,P0342,88,100.31,8827.28
POL0000307,PO000057,P0347,1,336529.58,336529.58
POL0000308,PO000058,P0221,40,14.72,588.8
POL0000309,PO000058,P0416,28,106.51,2982.28
POL0000310,PO000058,P0054,42,5.4,226.8
POL0000311,PO000058,P0383,13,25.83,335.79
POL0000312,PO000058,P0400,42,89.55,3761.1
POL0000313,PO000058,P0228,18,61.44,1105.92
POL0000314,PO000058,P0174,97,80.07,7766.79
POL0000315,PO000059,P0381,35,216.39,7573.65
POL0000316,PO000059,P0478,37,41.59,1538.83
POL0000317,PO000059,P0086,45,266.01,11970.45
POL0000318,PO000060,P0253,26,222.13,5775.38
POL0000319,PO000060,P0219,3,249.21,747.63
POL0000320,PO000060,P0378,108,23.84,2574.72
POL0000321,PO000060,P0433,38,776.17,29494.46
POL0000322,PO000061,P0086,45,266.01,11970.45
POL0000323,PO000061,P0478,88,41.59,3659.92
POL0000324,PO000061,P0381,30,216.39,6491.7
POL0000325,PO000061,P0436,25,15.81,395.25
POL0000326,PO000061,P0154,12,50.37,604.44
POL0000327,PO000061,P0320,1,50.65,50.65
POL0000328,PO000062,P0378,60,26.52,1591.2
POL0000329,PO000062,P0455,13,61.86,804.18
POL0000330,PO000062,P0202,75,68.38,5128.5
POL0000331,PO000062,P0388,8,28.25,226.0
POL0000332,PO000062,P0120,27,25.08,677.16
POL0000333,PO000062,P0154,44,52.13,2293.72
POL0000334,PO000062,P0326,35,55.97,1958.95
POL0000335,PO000062,P0345,61,15.99,975.39
POL0000336,PO000063,P0202,83,68.38,5675.54
POL0000337,PO000063,P0484,103,121.88,12553.64
POL0000338,PO000063,P0388,7,28.25,197.75
POL0000339,PO000064,P0400,46,89.55,4119.3
POL0000340,PO000064,P0472,46,96.78,4451.88
POL0000341,PO000064,P0228,30,61.44,1843.2
POL0000342,PO000065,P0388,6,28.25,169.5
POL0000343,PO000065,P0364,52,150.42,7821.84
POL0000344,PO000065,P0154,38,52.13,1980.94
POL0000345,PO000065,P0484,60,121.88,7312.8
POL0000346,PO000066,P0113,23,247.3,5687.9
POL0000347,PO000066,P0386,113,384.7,43471.1
POL0000348,PO000066,P0387,64,483.25,30928.0
POL0000349,PO000066,P0336,105,56.41,5923.05
POL0000350,PO000067,P0086,13,265.9,3456.7
POL0000351,PO000067,P0202,110,68.38,7521.8
POL0000352,PO000067,P0120,27,25.08,677.16
POL0000353,PO000067,P0455,8,61.86,494.88
POL0000354,PO000067,P0345,21,15.99,335.79
POL0000355,PO000067,P0326,31,55.97,1735.07
POL0000356,PO000067,P0364,35,150.42,5264.7
POL0000357,PO000067,P0154,71,52.13,3701.23
POL0000358,PO000068,P0425,10,50.19,501.9
POL0000359,PO000068,P0056,60,4.94,296.4
POL0000360,PO000068,P0264,58,18.96,1099.68
POL0000361,PO000069,P0220,1,7853699.02,7853699.02
POL0000362,PO000069,P0069,1,15691089.36,15691089.36
POL0000363,PO000069,P0251,1,305081.47,305081.47
POL0000364,PO000069,P0260,1,10552249.87,10552249.87
POL0000365,PO000069,P0044,1,202920.11,202920.11
POL0000366,PO000069,P0198,1,128916.03,128916.03
POL0000367,PO000069,P0169,1,150880.99,150880.99
POL0000368,PO000070,P0460,1,557990.52,557990.52
POL0000369,PO000070,P0391,1,237849.4,237849.4
POL0000370,PO000070,P0194,1,164096.35,164096.35
POL0000371,PO000070,P0119,1,123412.4,123412.4
POL0000372,PO000070,P0222,1,269000.7,269000.7
POL0000373,PO000070,P0365,1,13257784.06,13257784.06
POL0000374,PO000070,P0130,42,35.06,1472.52
POL0000375,PO000070,P0473,1,136303.54,136303.54
POL0000376,PO000071,P0117,47,17.83,838.01
POL0000377,PO000071,P0421,81,48.09,3895.29
POL0000378,PO000071,P0472,30,96.78,2903.4
POL0000379,PO000071,P0382,24,94.51,2268.24
POL0000380,PO000071,P0176,16,95.83,1533.28
POL0000381,PO000071,P0221,74,14.72,1089.28
POL0000382,PO000071,P0344,12,5.66,67.92
POL0000383,PO000071,P0379,3,16.01,48.03
POL0000384,PO000072,P0295,36,11.6,417.6
POL0000385,PO000072,P0312,104,50.16,5216.64
POL0000386,PO000072,P0434,59,76.55,4516.45
POL0000387,PO000073,P0328,71,29.32,2081.72
POL0000388,PO000073,P0230,99,39.94,3954.06
POL0000389,PO000073,P0171,22,8.73,192.06
POL0000390,PO000073,P0418,40,15.12,604.8
POL0000391,PO000074,P0259,45,221.66,9974.7
POL0000392,PO000074,P0478,26,41.59,1081.34
POL0000393,PO000074,P0154,17,50.37,856.29
POL0000394,PO000075,P0341,1,18683374.02,18683374.02
POL0000395,PO000075,P0320,46,51.11,2351.06
POL0000396,PO000075,P0340,1,156840.33,156840.33
POL0000397,PO000075,P0167,71,24.27,1723.17
POL0000398,PO000075,P0423,1,1182232.2,1182232.2
POL0000399,PO000075,P0168,1,765264.51,765264.51
POL0000400,PO000075,P0276,1,122752.86,122752.86
POL0000401,PO000076,P0282,64,396.39,25368.96
POL0000402,PO000076,P0325,15,291.99,4379.85
POL0000403,PO000076,P0256,14,789.44,11052.16
POL0000404,PO000076,P0155,36,1128.29,40618.44
POL0000405,PO000077,P0124,1,264915.01,264915.01
POL0000406,PO000077,P0078,1,697324.07,697324.07
POL0000407,PO000077,P0172,1,183970.29,183970.29
POL0000408,PO000077,P0160,1,312576.71,312576.71
POL0000409,PO000078,P0349,7,394.27,2759.89
POL0000410,PO000078,P0270,125,518.33,64791.25
POL0000411,PO000078,P0319,23,68.47,1574.81
POL0000412,PO000078,P0180,139,172.49,23976.11
POL0000413,PO000078,P0454,19,518.59,9853.21
POL0000414,PO000078,P0399,105,434.36,45607.8
POL0000415,PO000078,P0413,19,347.0,6593.0
POL0000416,PO000078,P0050,5,251.12,1255.6
POL0000417,PO000079,P0345,39,15.99,623.61
POL0000418,PO000079,P0086,14,265.9,3722.6
POL0000419,PO000079,P0388,9,28.25,254.25
POL0000420,PO000079,P0378,124,26.52,3288.48
POL0000421,PO000080,P0310,1,282029.61,282029.61
POL0000422,PO000080,P0471,1,184137.63,184137.63
POL0000423,PO000080,P0490,1,303361.7,303361.7
POL0000424,PO000080,P0091,1,180652.1,180652.1
POL0000425,PO000080,P0375,1,765353.58,765353.58
POL0000426,PO000081,P0112,6,640.28,3841.68
POL0000427,PO000081,P0486,22,1122.26,24689.72
POL0000428,PO000081,P0437,112,20.33,2276.96
POL0000429,PO000081,P0140,31,232.75,7215.25
POL0000430,PO000081,P0185,76,870.17,66132.92
POL0000431,PO000081,P0274,3,636.68,1910.04
POL0000432,PO000081,P0330,86,302.2,25989.2
POL0000433,PO000081,P0311,47,191.03,8978.41
POL0000434,PO000082,P0409,35,284.49,9957.15
POL0000435,PO000082,P0419,61,1373.67,83793.87
POL0000436,PO000082,P0411,25,366.93,9173.25
POL0000437,PO000082,P0102,29,248.0,7192.0
POL0000438,PO000083,P0364,72,150.42,10830.24
POL0000439,PO000083,P0154,36,52.13,1876.68
POL0000440,PO000083,P0120,25,25.08,627.0
POL0000441,PO000084,P0188,64,20.82,1332.48
POL0000442,PO000084,P0027,1,14.01,14.01
POL0000443,PO000084,P0402,13,7.59,98.67
POL0000444,PO000085,P0234,1,244883.64,244883.64
POL0000445,PO000085,P0317,89,250.36,22282.04
POL0000446,PO000085,P0008,1,1440988.83,1440988.83
POL0000447,PO000085,P0004,1,206391.17,206391.17
POL0000448,PO000085,P0341,1,18375992.32,18375992.32
POL0000449,PO000085,P0318,1,7988733.18,7988733.18
POL0000450,PO000085,P0172,1,213225.91,213225.91
POL0000451,PO000086,P0088,1,884116.1,884116.1
POL0000452,PO000086,P0439,1,193455.04,193455.04
POL0000453,PO000086,P0099,1,15200778.78,15200778.78
POL0000454,PO000086,P0492,1,92716.74,92716.74
POL0000455,PO000086,P0076,1,925559.17,925559.17
POL0000456,PO000087,P0436,20,15.81,316.2
POL0000457,PO000087,P0455,52,61.74,3210.48
POL0000458,PO000087,P0259,27,221.66,5984.82
POL0000459,PO000088,P0351,24,128.03,3072.72
POL0000460,PO000088,P0266,1,286.1,286.1
POL0000461,PO000088,P0067,77,383.3,29514.1
POL0000462,PO000089,P0076,1,1005324.05,1005324.05
POL0000463,PO000089,P0011,1,1423503.45,1423503.45
POL0000464,PO000089,P0243,1,253184.52,253184.52
POL0000465,PO000089,P0431,1,12353688.62,12353688.62
POL0000466,PO000089,P0347,1,336529.58,336529.58
POL0000467,PO000090,P0211,1,162084.06,162084.06
POL0000468,PO000090,P0169,1,131953.11,131953.11
POL0000469,PO000090,P0247,1,268124.6,268124.6
POL0000470,PO000090,P0124,1,293248.23,293248.23
POL0000471,PO000090,P0346,1,289683.11,289683.11
POL0000472,PO000090,P0072,1,4515489.92,4515489.92
POL0000473,PO000091,P0468,1,5093522.13,5093522.13
POL0000474,PO000091,P0320,77,51.11,3935.47
POL0000475,PO000091,P0268,1,97384.35,97384.35
POL0000476,PO000091,P0175,1,1043618.1,1043618.1
POL0000477,PO000091,P0431,1,11104599.76,11104599.76
POL0000478,PO000091,P0303,1,491270.84,491270.84
POL0000479,PO000091,P0069,1,16574921.51,16574921.51
POL0000480,PO000092,P0120,24,25.08,601.92
POL0000481,PO000092,P0345,15,15.99,239.85
POL0000482,PO000092,P0202,115,68.38,7863.7
POL0000483,PO000092,P0378,85,26.52,2254.2
POL0000484,PO000092,P0086,13,265.9,3456.7
POL0000485,PO000092,P0024,94,33.42,3141.48
POL0000486,PO000092,P0326,74,55.97,4141.78
POL0000487,PO000093,P0332,64,37.7,2412.8
POL0000488,PO000093,P0418,81,15.12,1224.72
POL0000489,PO000093,P0221,27,16.53,446.31
POL0000490,PO000093,P0287,54,11.88,641.52
POL0000491,PO000093,P0228,33,58.67,1936.11
POL0000492,PO000093,P0123,99,24.29,2404.71
POL0000493,PO000093,P0496,58,79.97,4638.26
POL0000494,PO000094,P0425,58,54.85,3181.3
POL0000495,PO000094,P0234,1,244883.64,244883.64
POL0000496,PO000094,P0082,1,117950.44,117950.44
POL0000497,PO000094,P0008,1,1440988.83,1440988.83
POL0000498,PO000094,P0404,1,114276.63,114276.63
POL0000499,PO000094,P0162,1,15143656.5,15143656.5
POL0000500,PO000094,P0172,1,213225.91,213225.91
POL0000501,PO000094,P0238,1,1418008.28,1418008.28
POL0000502,PO000095,P0268,1,98560.11,98560.11
POL0000503,PO000095,P0028,1,798430.22,798430.22
POL0000504,PO000095,P0347,1,336529.58,336529.58
POL0000505,PO000095,P0375,1,765353.58,765353.58
POL0000506,PO000095,P0278,1,16182712.54,16182712.54
POL0000507,PO000095,P0047,17,70.39,1196.63
POL0000508,PO000095,P0430,1,18504024.99,18504024.99
POL0000509,PO000096,P0314,59,45.2,2666.8
POL0000510,PO000096,P0238,1,1418008.28,1418008.28
POL0000511,PO000096,P0374,1,923366.05,923366.05
POL0000512,PO000096,P0191,46,51.19,2354.74
POL0000513,PO000096,P0347,1,325088.96,325088.96
POL0000514,PO000097,P0080,35,60.46,2116.1
POL0000515,PO000097,P0385,55,13.54,744.7
POL0000516,PO000097,P0497,17,76.95,1308.15
POL0000517,PO000097,P0239,116,100.23,11626.68
POL0000518,PO000098,P0431,1,11104599.76,11104599.76
POL0000519,PO000098,P0260,1,10851518.26,10851518.26
POL0000520,PO000098,P0268,1,97384.35,97384.35
POL0000521,PO000098,P0069,1,16574921.51,16574921.51
POL0000522,PO000098,P0232,1,170440.95,170440.95
POL0000523,PO000098,P0025,1,6751520.96,6751520.96
POL0000524,PO000098,P0341,1,18683374.02,18683374.02
POL0000525,PO000098,P0434,24,68.9,1653.6
POL0000526,PO000099,P0396,1,1199.73,1199.73
POL0000527,PO000099,P0313,69,250.54,17287.26
POL0000528,PO000099,P0435,23,829.53,19079.19
POL0000529,PO000099,P0246,1,47.69,47.69
POL0000530,PO000099,P0327,22,17.08,375.76
POL0000531,PO000099,P0048,14,462.61,6476.54
POL0000532,PO000099,P0329,26,1531.12,39809.12
POL0000533,PO000100,P0308,125,524.34,65542.5
POL0000534,PO000100,P0107,57,624.7,35607.9
POL0000535,PO000100,P0009,81,574.55,46538.55
POL0000536,PO000100,P0155,84,1058.72,88932.48
POL0000537,PO000101,P0423,1,1182232.2,1182232.2
POL0000538,PO000101,P0069,1,16574921.51,16574921.51
POL0000539,PO000101,P0175,1,1043618.1,1043618.1
POL0000540,PO000101,P0301,1,11334160.16,11334160.16
POL0000541,PO000101,P0092,1,1691613.39,1691613.39
POL0000542,PO000101,P0303,1,491270.84,491270.84
POL0000543,PO000102,P0105,1,1268415.26,1268415.26
POL0000544,PO000102,P0347,1,309720.64,309720.64
POL0000545,PO000102,P0417,1,194955.41,194955.41
POL0000546,PO000102,P0044,1,188078.27,188078.27
POL0000547,PO000102,P0462,1,162581.93,162581.93
POL0000548,PO000102,P0004,1,192763.17,192763.17
POL0000549,PO000102,P0143,1,194490.0,194490.0
POL0000550,PO000103,P0434,110,76.55,8420.5
POL0000551,PO000103,P0054,36,6.12,220.32
POL0000552,PO000103,P0176,56,105.73,5920.88
POL0000553,PO000103,P0356,93,121.36,11286.48
POL0000554,PO000103,P0463,109,31.32,3413.88
POL0000555,PO000103,P0017,55,80.49,4426.95
POL0000556,PO000103,P0344,99,5.5,544.5
POL0000557,PO000103,P0015,67,226.35,15165.45
POL0000558,PO000104,P0207,1,187860.23,187860.23
POL0000559,PO000104,P0083,1,124827.91,124827.91
POL0000560,PO000104,P0403,1,152597.06,152597.06
POL0000561,PO000105,P0004,1,206391.17,206391.17
POL0000562,PO000105,P0404,1,114276.63,114276.63
POL0000563,PO000105,P0391,1,227948.34,227948.34
POL0000564,PO000105,P0334,44,55.3,2433.2
POL0000565,PO000105,P0279,1,8024840.53,8024840.53
POL0000566,PO000105,P0296,1,6347204.12,6347204.12
POL0000567,PO000105,P0119,1,132199.74,132199.74
POL0000568,PO000105,P0030,1,298955.3,298955.3
POL0000569,PO000106,P0400,22,89.55,1970.1
POL0000570,PO000106,P0104,22,76.99,1693.78
POL0000571,PO000106,P0139,58,8.45,490.1
POL0000572,PO000106,P0351,38,115.93,4405.34
POL0000573,PO000107,P0454,20,518.59,10371.8
POL0000574,PO000107,P0413,36,347.0,12492.0
POL0000575,PO000107,P0277,25,457.96,11449.0
POL0000576,PO000107,P0448,12,460.68,5528.16
POL0000577,PO000107,P0349,5,394.27,1971.35
POL0000578,PO000107,P0156,58,237.13,13753.54
POL0000579,PO000107,P0035,65,351.44,22843.6
POL0000580,PO000108,P0388,11,28.25,310.75
POL0000581,PO000108,P0345,22,15.99,351.78
POL0000582,PO000108,P0326,56,55.97,3134.32
POL0000583,PO000108,P0120,8,25.08,200.64
POL0000584,PO000108,P0455,8,61.86,494.88
POL0000585,PO000108,P0378,129,26.52,3421.08
POL0000586,PO000109,P0237,9,368.41,3315.69
POL0000587,PO000109,P0284,66,1428.56,94284.96
POL0000588,PO000109,P0003,112,722.7,80942.4
POL0000589,PO000109,P0300,83,308.08,25570.64
POL0000590,PO000109,P0308,40,572.92,22916.8
POL0000591,PO000109,P0036,1,1120.94,1120.94
POL0000592,PO000110,P0178,23,263.36,6057.28
POL0000593,PO000110,P0075,34,417.0,14178.0
POL0000594,PO000110,P0458,78,566.79,44209.62
POL0000595,PO000111,P0256,109,893.72,97415.48
POL0000596,PO000111,P0097,90,602.8,54252.0
POL0000597,PO000111,P0073,96,481.92,46264.32
POL0000598,PO000111,P0327,98,17.08,1673.84
POL0000599,PO000112,P0320,1,50.65,50.65
POL0000600,PO000112,P0154,25,50.37,1259.25
POL0000601,PO000112,P0381,42,216.39,9088.38
POL0000602,PO000112,P0086,36,266.01,9576.36
POL0000603,PO000112,P0455,68,61.74,4198.32
POL0000604,PO000113,P0467,47,13.19,619.93
POL0000605,PO000113,P0022,19,71.95,1367.05
POL0000606,PO000113,P0213,40,54.82,2192.8
POL0000607,PO000113,P0001,12,16.74,200.88
POL0000608,PO000113,P0328,54,31.08,1678.32
POL0000609,PO000113,P0236,26,4.88,126.88
POL0000610,PO000113,P0038,85,13.94,1184.9
POL0000611,PO000114,P0086,30,265.9,7977.0
POL0000612,PO000114,P0455,19,61.86,1175.34
POL0000613,PO000114,P0364,30,150.42,4512.6
POL0000614,PO000114,P0024,119,33.42,3976.98
POL0000615,PO000114,P0326,33,55.97,1847.01
POL0000616,PO000114,P0345,28,15.99,447.72
POL0000617,PO000115,P0491,1,214546.98,214546.98
POL0000618,PO000115,P0434,15,68.9,1033.5
POL0000619,PO000115,P0232,1,170440.95,170440.95
POL0000620,PO000115,P0051,1,1063912.3,1063912.3
POL0000621,PO000115,P0101,1,321872.75,321872.75
POL0000622,PO000116,P0441,23,49.17,1130.91
POL0000623,PO000116,P0478,41,41.59,1705.19
POL0000624,PO000116,P0455,29,61.74,1790.46
POL0000625,PO000116,P0381,34,216.39,7357.26
POL0000626,PO000116,P0436,18,15.81,284.58
POL0000627,PO000116,P0400,58,100.44,5825.52
POL0000628,PO000116,P0320,1,50.65,50.65
POL0000629,PO000117,P0403,1,152597.06,152597.06
POL0000630,PO000117,P0471,1,184137.63,184137.63
POL0000631,PO000117,P0321,1,17019700.99,17019700.99
POL0000632,PO000117,P0317,20,256.89,5137.8
POL0000633,PO000118,P0048,22,462.61,10177.42
POL0000634,PO000118,P0060,38,814.72,30959.36
POL0000635,PO000118,P0256,77,893.72,68816.44
POL0000636,PO000118,P0183,24,602.01,14448.24
POL0000637,PO000118,P0116,52,331.59,17242.68
POL0000638,PO000118,P0195,33,941.58,31072.14
POL0000639,PO000119,P0227,97,24.32,2359.04
POL0000640,PO000119,P0080,9,57.16,514.44
POL0000641,PO000119,P0289,139,102.64,14266.96
POL0000642,PO000119,P0022,16,71.95,1151.2
POL0000643,PO000119,P0302,81,28.25,2288.25
POL0000644,PO000119,P0187,20,104.02,2080.4
POL0000645,PO000120,P0249,60,10.6,636.0
POL0000646,PO000120,P0225,16,77.36,1237.76
POL0000647,PO000120,P0332,71,37.7,2676.7
POL0000648,PO000120,P0467,47,12.99,610.53
POL0000649,PO000120,P0487,90,63.37,5703.3
POL0000650,PO000121,P0284,46,1428.56,65713.76
POL0000651,PO000121,P0262,12,495.78,5949.36
POL0000652,PO000121,P0102,32,248.0,7936.0
POL0000653,PO000121,P0393,36,1449.38,52177.68
POL0000654,PO000121,P0170,43,885.32,38068.76
POL0000655,PO000121,P0409,14,284.49,3982.86
POL0000656,PO000121,P0456,68,1290.22,87734.96
POL0000657,PO000122,P0284,61,1428.56,87142.16
POL0000658,PO000122,P0316,51,382.83,19524.33
POL0000659,PO000122,P0438,78,514.36,40120.08
POL0000660,PO000122,P0433,44,776.17,34151.48
POL0000661,PO000122,P0037,103,1630.21,167911.63
POL0000662,PO000123,P0145,1,84593.91,84593.91
POL0000663,PO000123,P0420,1,230604.2,230604.2
POL0000664,PO000123,P0375,1,685993.55,685993.55
POL0000665,PO000123,P0191,36,51.19,1842.84
POL0000666,PO000123,P0318,1,7988733.18,7988733.18
POL0000667,PO000123,P0082,1,117950.44,117950.44
POL0000668,PO000123,P0485,1,134510.18,134510.18
POL0000669,PO000124,P0359,105,263.06,27621.3
POL0000670,PO000124,P0352,21,264.47,5553.87
POL0000671,PO000124,P0067,32,383.3,12265.6
POL0000672,PO000124,P0327,53,17.15,908.95
POL0000673,PO000124,P0399,80,434.36,34748.8
POL0000674,PO000124,P0270,43,518.33,22288.19
POL0000675,PO000124,P0064,78,532.78,41556.84
POL0000676,PO000125,P0107,49,624.7,30610.3
POL0000677,PO000125,P0164,32,536.38,17164.16
POL0000678,PO000125,P0330,67,302.2,20247.4
POL0000679,PO000125,P0486,25,1122.26,28056.5
POL0000680,PO000126,P0099,1,17367895.69,17367895.69
POL0000681,PO000126,P0310,1,282029.61,282029.61
POL0000682,PO000126,P0220,1,7853699.02,7853699.02
POL0000683,PO000126,P0347,1,336529.58,336529.58
POL0000684,PO000126,P0473,1,128717.43,128717.43
POL0000685,PO000126,P0476,73,36.93,2695.89
POL0000686,PO000127,P0290,69,16.13,1112.97
POL0000687,PO000127,P0062,25,15.86,396.5
POL0000688,PO000127,P0285,26,12.88,334.88
POL0000689,PO000127,P0121,86,6.72,577.92
POL0000690,PO000127,P0425,6,50.19,301.14
POL0000691,PO000127,P0032,5,16.28,81.4
POL0000692,PO000128,P0038,27,13.94,376.38
POL0000693,PO000128,P0250,104,41.7,4336.8
POL0000694,PO000128,P0089,15,8.39,125.85
POL0000695,PO000128,P0034,24,16.69,400.56
POL0000696,PO000128,P0221,51,14.72,750.72
POL0000697,PO000129,P0321,1,18075296.28,18075296.28
POL0000698,PO000129,P0434,24,68.9,1653.6
POL0000699,PO000129,P0018,1,142309.25,142309.25
POL0000700,PO000129,P0198,1,144165.75,144165.75
POL0000701,PO000130,P0303,1,510527.41,510527.41
POL0000702,PO000130,P0342,43,100.31,4313.33
POL0000703,PO000130,P0124,1,264915.01,264915.01
POL0000704,PO000130,P0245,1,77792.7,77792.7
POL0000705,PO000131,P0335,1,1382311.31,1382311.31
POL0000706,PO000131,P0339,1,96163.98,96163.98
POL0000707,PO000131,P0367,12,22.51,270.12
POL0000708,PO000131,P0101,1,304929.55,304929.55
POL0000709,PO000131,P0011,1,1359053.82,1359053.82
POL0000710,PO000131,P0126,54,42.65,2303.1
POL0000711,PO000132,P0039,126,554.15,69822.9
POL0000712,PO000132,P0257,64,785.22,50254.08
POL0000713,PO000132,P0419,43,1373.67,59067.81
POL0000714,PO000132,P0036,1,1120.94,1120.94
POL0000715,PO000132,P0443,30,287.36,8620.8
POL0000716,PO000132,P0380,127,268.9,34150.3
POL0000717,PO000133,P0227,36,24.32,875.52
POL0000718,PO000133,P0001,4,16.74,66.96
POL0000719,PO000133,P0493,62,8.1,502.2
POL0000720,PO000133,P0470,24,34.1,818.4
POL0000721,PO000134,P0364,71,150.42,10679.82
POL0000722,PO000134,P0120,20,25.08,501.6
POL0000723,PO000134,P0086,17,265.9,4520.3
POL0000724,PO000134,P0345,50,15.99,799.5
POL0000725,PO000134,P0326,59,55.97,3302.23
POL0000726,PO000134,P0154,68,52.13,3544.84
POL0000727,PO000134,P0484,104,121.88,12675.52
POL0000728,PO000134,P0202,56,68.38,3829.28
POL0000729,PO000135,P0388,7,28.25,197.75
POL0000730,PO000135,P0024,129,33.42,4311.18
POL0000731,PO000135,P0455,23,61.86,1422.78
POL0000732,PO000136,P0403,1,150638.74,150638.74
POL0000733,PO000136,P0305,1,1214467.32,1214467.32
POL0000734,PO000136,P0420,1,230604.2,230604.2
POL0000735,PO000137,P0400,55,100.44,5524.2
POL0000736,PO000137,P0259,34,221.66,7536.44
POL0000737,PO000137,P0455,19,61.74,1173.06
POL0000738,PO000137,P0381,42,216.39,9088.38
POL0000739,PO000137,P0154,26,50.37,1309.62
POL0000740,PO000137,P0086,30,266.01,7980.3
POL0000741,PO000137,P0478,23,41.59,956.57
POL0000742,PO000138,P0018,1,142309.25,142309.25
POL0000743,PO000138,P0391,1,237849.4,237849.4
POL0000744,PO000138,P0046,1,1475081.81,1475081.81
POL0000745,PO000138,P0474,1,932593.41,932593.41
POL0000746,PO000138,P0232,1,170440.95,170440.95
POL0000747,PO000138,P0431,1,11104599.76,11104599.76
POL0000748,PO000139,P0238,1,1418008.28,1418008.28
POL0000749,PO000139,P0025,1,6465520.6,6465520.6
POL0000750,PO000139,P0404,1,114276.63,114276.63
POL0000751,PO000140,P0202,14,67.14,939.96
POL0000752,PO000140,P0500,47,207.94,9773.18
POL0000753,PO000140,P0351,18,128.03,2304.54
POL0000754,PO000140,P0192,46,36.81,1693.26
POL0000755,PO000140,P0266,1,286.1,286.1
POL0000756,PO000141,P0359,104,263.06,27358.24
POL0000757,PO000141,P0457,13,437.44,5686.72
POL0000758,PO000141,P0156,52,237.13,12330.76
POL0000759,PO000141,P0182,22,149.31,3284.82
POL0000760,PO000141,P0452,42,305.58,12834.36
POL0000761,PO000141,P0052,88,237.49,20899.12
POL0000762,PO000141,P0410,71,591.57,42001.47
POL0000763,PO000141,P0266,1,286.1,286.1
POL0000764,PO000142,P0441,32,49.17,1573.44
POL0000765,PO000142,P0478,63,41.59,2620.17
POL0000766,PO000142,P0259,26,221.66,5763.16
POL0000767,PO000142,P0436,14,15.81,221.34
POL0000768,PO000142,P0400,30,100.44,3013.2
POL0000769,PO000142,P0086,37,266.01,9842.37
POL0000770,PO000142,P0154,13,50.37,654.81
POL0000771,PO000142,P0320,1,50.65,50.65
POL0000772,PO000143,P0013,1,263476.96,263476.96
POL0000773,PO000143,P0491,1,214546.98,214546.98
POL0000774,PO000143,P0130,64,35.06,2243.84
POL0000775,PO000143,P0339,1,88303.97,88303.97
POL0000776,PO000143,P0101,1,321872.75,321872.75
POL0000777,PO000143,P0025,1,6751520.96,6751520.96
POL0000778,PO000144,P0291,10,26.78,267.8
POL0000779,PO000144,P0344,14,5.66,79.24
POL0000780,PO000144,P0487,42,58.95,2475.9
POL0000781,PO000144,P0470,21,34.1,716.1
POL0000782,PO000144,P0356,57,117.88,6719.16
POL0000783,PO000145,P0369,60,194.25,11655.0
POL0000784,PO000145,P0118,6,53.71,322.26
POL0000785,PO000145,P0289,140,93.68,13115.2
POL0000786,PO000145,P0015,101,226.35,22861.35
POL0000787,PO000145,P0434,115,76.55,8803.25
POL0000788,PO000146,P0437,24,20.33,487.92
POL0000789,PO000146,P0010,20,294.84,5896.8
POL0000790,PO000146,P0255,38,425.17,16156.46
POL0000791,PO000146,P0393,13,1551.06,20163.78
POL0000792,PO000146,P0486,58,1122.26,65091.08
POL0000793,PO000147,P0474,1,932593.41,932593.41
POL0000794,PO000147,P0059,1,144157.5,144157.5
POL0000795,PO000147,P0310,1,299619.57,299619.57
POL0000796,PO000147,P0468,1,5093522.13,5093522.13
POL0000797,PO000147,P0051,1,1063912.3,1063912.3
POL0000798,PO000147,P0061,1,195323.7,195323.7
POL0000799,PO000148,P0009,110,543.28,59760.8
POL0000800,PO000148,P0058,88,460.87,40556.56
POL0000801,PO000148,P0036,1,1120.94,1120.94
POL0000802,PO000148,P0093,39,833.85,32520.15
POL0000803,PO000148,P0133,87,492.74,42868.38
POL0000804,PO000148,P0330,131,299.59,39246.29
POL0000805,PO000148,P0231,31,410.93,12738.83
POL0000806,PO000149,P0074,44,13.5,594.0
POL0000807,PO000149,P0416,73,96.43,7039.39
POL0000808,PO000149,P0015,113,226.35,25577.55
POL0000809,PO000150,P0224,47,6.71,315.37
POL0000810,PO000150,P0225,15,77.36,1160.4
POL0000811,PO000150,P0418,86,15.12,1300.32
POL0000812,PO000150,P0332,88,37.7,3317.6
POL0000813,PO000151,P0071,1,1127706.26,1127706.26
POL0000814,PO000151,P0012,1,7153902.14,7153902.14
POL0000815,PO000151,P0069,1,15691089.36,15691089.36
POL0000816,PO000151,P0303,1,510527.41,510527.41
POL0000817,PO000151,P0245,1,77792.7,77792.7
POL0000818,PO000151,P0436,79,13.93,1100.47
POL0000819,PO000151,P0462,1,151623.95,151623.95
POL0000820,PO000152,P0267,14,44.95,629.3
POL0000821,PO000152,P0360,61,24.62,1501.82
POL0000822,PO000152,P0392,114,6.65,758.1
POL0000823,PO000152,P0249,74,10.19,754.06
POL0000824,PO000152,P0280,7,75.54,528.78
POL0000825,PO000152,P0358,27,19.65,530.55
POL0000826,PO000152,P0001,12,16.74,200.88
POL0000827,PO000152,P0187,49,104.02,5096.98
POL0000828,PO000153,P0340,1,171341.58,171341.58
POL0000829,PO000153,P0301,1,10487021.42,10487021.42
POL0000830,PO000153,P0379,69,18.47,1274.43
POL0000831,PO000154,P0141,19,20.09,381.71
POL0000832,PO000154,P0137,40,1166.87,46674.8
POL0000833,PO000154,P0248,25,32.49,812.25
POL0000834,PO000155,P0254,52,1359.14,70675.28
POL0000835,PO000155,P0429,94,444.14,41749.16
POL0000836,PO000155,P0231,61,376.46,22964.06
POL0000837,PO000155,P0426,94,709.42,66685.48
POL0000838,PO000155,P0396,1,1199.73,1199.73
POL0000839,PO000155,P0195,26,941.58,24481.08
POL0000840,PO000155,P0272,16,1391.11,22257.76
POL0000841,PO000155,P0102,39,271.89,10603.71
POL0000842,PO000156,P0285,45,12.88,579.6
POL0000843,PO000156,P0100,37,7.1,262.7
POL0000844,PO000156,P0394,25,10.89,272.25
POL0000845,PO000156,P0366,56,9.45,529.2
POL0000846,PO000157,P0086,17,266.01,4522.17
POL0000847,PO000157,P0259,28,221.66,6206.48
POL0000848,PO000157,P0381,12,216.39,2596.68
POL0000849,PO000158,P0288,1,109274.41,109274.41
POL0000850,PO000158,P0012,1,7153902.14,7153902.14
POL0000851,PO000158,P0047,13,70.39,915.07
POL0000852,PO000159,P0092,1,1545480.99,1545480.99
POL0000853,PO000159,P0190,108,31.9,3445.2
POL0000854,PO000159,P0431,1,11328123.52,11328123.52
POL0000855,PO000159,P0235,1,211501.73,211501.73
POL0000856,PO000159,P0007,1,115484.88,115484.88
POL0000857,PO000159,P0088,1,884116.1,884116.1
POL0000858,PO000159,P0364,123,134.34,16523.82
POL0000859,PO000159,P0099,1,15200778.78,15200778.78
POL0000860,PO000160,P0323,24,257.07,6169.68
POL0000861,PO000160,P0114,94,1261.73,118602.62
POL0000862,PO000160,P0265,31,1105.86,34281.66
POL0000863,PO000160,P0002,38,1400.87,53233.06
POL0000864,PO000160,P0311,80,191.03,15282.4
POL0000865,PO000160,P0073,81,481.92,39035.52
POL0000866,PO000161,P0326,18,55.97,1007.46
POL0000867,PO000161,P0345,29,15.99,463.71
POL0000868,PO000161,P0120,38,25.08,953.04
POL0000869,PO000161,P0202,39,68.38,2666.82
POL0000870,PO000161,P0455,7,61.86,433.02
POL0000871,PO000162,P0441,19,49.17,934.23
POL0000872,PO000162,P0086,45,266.01,11970.45
POL0000873,PO000162,P0436,12,15.81,189.72
POL0000874,PO000162,P0478,41,41.59,1705.19
POL0000875,PO000162,P0259,20,221.66,4433.2
POL0000876,PO000162,P0455,66,61.74,4074.84
POL0000877,PO000163,P0351,7,128.03,896.21
POL0000878,PO000163,P0156,28,237.13,6639.64
POL0000879,PO000163,P0192,39,36.81,1435.59
POL0000880,PO000163,P0020,17,371.51,6315.67
POL0000881,PO000163,P0180,105,172.49,18111.45
POL0000882,PO000163,P0448,12,460.68,5528.16
POL0000883,PO000163,P0488,23,147.18,3385.14
POL0000884,PO000164,P0247,1,252767.12,252767.12
POL0000885,PO000164,P0101,1,296659.89,296659.89
POL0000886,PO000164,P0082,1,117950.44,117950.44
POL0000887,PO000164,P0218,1,275606.55,275606.55
POL0000888,PO000164,P0279,1,8024840.53,8024840.53
POL0000889,PO000164,P0197,1,11715603.24,11715603.24
POL0000890,PO000164,P0168,1,744489.31,744489.31
POL0000891,PO000165,P0473,1,136303.54,136303.54
POL0000892,PO000165,P0046,1,1475081.81,1475081.81
POL0000893,PO000165,P0276,1,122752.86,122752.86
POL0000894,PO000165,P0071,1,1026457.46,1026457.46
POL0000895,PO000165,P0018,1,142309.25,142309.25
POL0000896,PO000165,P0321,1,18075296.28,18075296.28
POL0000897,PO000166,P0017,72,78.76,5670.72
POL0000898,PO000166,P0350,14,11.71,163.94
POL0000899,PO000166,P0103,23,39.65,911.95
POL0000900,PO000166,P0089,52,8.39,436.28
POL0000901,PO000166,P0416,33,106.51,3514.83
POL0000902,PO000167,P0012,1,7200852.27,7200852.27
POL0000903,PO000167,P0247,1,268124.6,268124.6
POL0000904,PO000167,P0471,1,202534.05,202534.05
POL0000905,PO000167,P0371,1,1281868.21,1281868.21
POL0000906,PO000168,P0270,46,518.33,23843.18
POL0000907,PO000168,P0500,58,207.94,12060.52
POL0000908,PO000168,P0413,21,347.0,7287.0
POL0000909,PO000168,P0084,95,200.65,19061.75
POL0000910,PO000168,P0026,12,242.51,2910.12
POL0000911,PO000169,P0237,17,368.41,6262.97
POL0000912,PO000169,P0271,75,829.34,62200.5
POL0000913,PO000169,P0149,111,1377.89,152945.79
POL0000914,PO000169,P0445,52,457.58,23794.16
POL0000915,PO000170,P0252,30,6.43,192.9
POL0000916,PO000170,P0290,45,16.13,725.85
POL0000917,PO000170,P0121,62,6.72,416.64
POL0000918,PO000170,P0188,56,20.82,1165.92
POL0000919,PO000170,P0337,76,10.26,779.76
POL0000920,PO000170,P0285,25,12.88,322.0
POL0000921,PO000171,P0427,60,441.97,26518.2
POL0000922,PO000171,P0009,102,574.55,58604.1
POL0000923,PO000171,P0308,100,524.34,52434.0
POL0000924,PO000171,P0259,57,229.08,13057.56
POL0000925,PO000171,P0329,20,1531.12,30622.4
POL0000926,PO000171,P0426,81,709.42,57463.02
POL0000927,PO000171,P0419,10,1433.51,14335.1
POL0000928,PO000171,P0010,22,294.84,6486.48
POL0000929,PO000172,P0189,1,803043.44,803043.44
POL0000930,PO000172,P0374,1,863078.52,863078.52
POL0000931,PO000172,P0321,1,16310573.64,16310573.64
POL0000932,PO000172,P0088,1,884116.1,884116.1
POL0000933,PO000172,P0011,1,1359053.82,1359053.82
POL0000934,PO000172,P0124,1,293248.23,293248.23
POL0000935,PO000172,P0371,1,1281868.21,1281868.21
POL0000936,PO000172,P0420,1,223077.95,223077.95
POL0000937,PO000173,P0146,30,70.46,2113.8
POL0000938,PO000173,P0210,1,13.93,13.93
POL0000939,PO000173,P0141,30,21.05,631.5
POL0000940,PO000173,P0125,41,94.03,3855.23
POL0000941,PO000173,P0390,65,52.04,3382.6
POL0000942,PO000174,P0313,90,250.54,22548.6
POL0000943,PO000174,P0498,63,829.06,52230.78
POL0000944,PO000174,P0157,38,716.55,27228.9
POL0000945,PO000174,P0294,10,545.95,5459.5
POL0000946,PO000174,P0114,80,1261.73,100938.4
POL0000947,PO000175,P0252,115,6.43,739.45
POL0000948,PO000175,P0355,19,21.46,407.74
POL0000949,PO000175,P0029,58,14.89,863.62
POL0000950,PO000175,P0285,80,12.88,1030.4
POL0000951,PO000175,P0056,95,4.94,469.3
POL0000952,PO000175,P0366,81,9.45,765.45
POL0000953,PO000175,P0394,42,10.89,457.38
POL0000954,PO000175,P0465,4,7.62,30.48
POL0000955,PO000176,P0428,36,102.34,3684.24
POL0000956,PO000176,P0069,1,15691089.36,15691089.36
POL0000957,PO000176,P0012,1,7153902.14,7153902.14
POL0000958,PO000176,P0079,1,1090663.02,1090663.02
POL0000959,PO000176,P0322,1,12276940.4,12276940.4
POL0000960,PO000176,P0243,1,253184.52,253184.52
POL0000961,PO000176,P0436,119,13.93,1657.67
POL0000962,PO000177,P0173,1,180804.17,180804.17
POL0000963,PO000177,P0110,1,790098.77,790098.77
POL0000964,PO000177,P0119,1,119969.03,119969.03
POL0000965,PO000177,P0335,1,1382311.31,1382311.31
POL0000966,PO000177,P0065,1,294958.42,294958.42
POL0000967,PO000178,P0156,18,237.13,4268.34
POL0000968,PO000178,P0386,52,384.7,20004.4
POL0000969,PO000178,P0359,94,263.06,24727.64
POL0000970,PO000178,P0413,47,347.0,16309.0
POL0000971,PO000178,P0319,6,68.47,410.82
POL0000972,PO000179,P0406,93,9.98,928.14
POL0000973,PO000179,P0188,25,20.82,520.5
POL0000974,PO000179,P0056,123,4.94,607.62
POL0000975,PO000179,P0081,22,12.35,271.7
POL0000976,PO000179,P0394,44,10.89,479.16
POL0000977,PO000179,P0481,85,21.5,1827.5
POL0000978,PO000179,P0167,53,24.83,1315.99
POL0000979,PO000179,P0297,9,13.41,120.69
POL0000980,PO000180,P0205,25,275.33,6883.25
POL0000981,PO000180,P0426,72,810.56,58360.32
POL0000982,PO000180,P0376,9,578.06,5202.54
POL0000983,PO000180,P0112,7,642.2,4495.4
POL0000984,PO000180,P0047,78,67.58,5271.24
POL0000985,PO000181,P0441,36,49.17,1770.12
POL0000986,PO000181,P0455,35,61.74,2160.9
POL0000987,PO000181,P0086,15,266.01,3990.15
POL0000988,PO000181,P0381,20,216.39,4327.8
POL0000989,PO000181,P0400,34,100.44,3414.96
POL0000990,PO000182,P0131,1,490954.24,490954.24
POL0000991,PO000182,P0468,1,4558378.37,4558378.37
POL0000992,PO000182,P0028,1,798430.22,798430.22
POL0000993,PO000182,P0145,1,85598.4,85598.4
POL0000994,PO000182,P0234,1,222726.76,222726.76
POL0000995,PO000182,P0007,1,112597.95,112597.95
POL0000996,PO000183,P0473,1,136303.54,136303.54
POL0000997,PO000183,P0119,1,123412.4,123412.4
POL0000998,PO000183,P0321,1,18075296.28,18075296.28
POL0000999,PO000183,P0018,1,142309.25,142309.25
POL0001000,PO000183,P0434,22,68.9,1515.8
POL0001001,PO000184,P0496,29,79.97,2319.13
POL0001002,PO000184,P0210,60,14.07,844.2
POL0001003,PO000184,P0055,28,38.25,1071.0
POL0001004,PO000185,P0482,128,184.7,23641.6
POL0001005,PO000185,P0269,1,155584.21,155584.21
POL0001006,PO000185,P0459,1,14328251.03,14328251.03
POL0001007,PO000185,P0226,1,216090.29,216090.29
POL0001008,PO000185,P0076,1,925559.17,925559.17
POL0001009,PO000186,P0142,26,92.43,2403.18
POL0001010,PO000186,P0242,75,42.53,3189.75
POL0001011,PO000186,P0345,20,14.73,294.6
POL0001012,PO000186,P0415,14,16.25,227.5
POL0001013,PO000186,P0006,22,49.85,1096.7
POL0001014,PO000186,P0139,88,8.25,726.0
POL0001015,PO000187,P0052,109,237.49,25886.41
POL0001016,PO000187,P0270,82,518.33,42503.06
POL0001017,PO000187,P0457,6,437.44,2624.64
POL0001018,PO000187,P0399,52,434.36,22586.72
POL0001019,PO000187,P0266,1,286.1,286.1
POL0001020,PO000188,P0162,1,15143656.5,15143656.5
POL0001021,PO000188,P0389,1,72733.18,72733.18
POL0001022,PO000188,P0370,1,149339.63,149339.63
POL0001023,PO000188,P0278,1,14294933.13,14294933.13
POL0001024,PO000188,P0354,1,731870.31,731870.31
POL0001025,PO000189,P0450,79,6.83,539.57
POL0001026,PO000189,P0407,55,14.25,783.75
POL0001027,PO000189,P0121,88,6.72,591.36
POL0001028,PO000189,P0297,3,13.41,40.23
POL0001029,PO000190,P0346,1,289683.11,289683.11
POL0001030,PO000190,P0207,1,177045.22,177045.22
POL0001031,PO000190,P0030,1,322872.07,322872.07
POL0001032,PO000191,P0153,28,14.95,418.6
POL0001033,PO000191,P0292,17,15.81,268.77
POL0001034,PO000191,P0144,100,102.28,10228.0
POL0001035,PO000191,P0196,38,46.81,1778.78
POL0001036,PO000192,P0284,68,1428.56,97142.08
POL0001037,PO000192,P0134,37,1415.37,52368.69
POL0001038,PO000192,P0093,37,833.85,30852.45
POL0001039,PO000193,P0484,87,121.88,10603.56
POL0001040,PO000193,P0378,149,26.52,3951.48
POL0001041,PO000193,P0455,14,61.86,866.04
POL0001042,PO000194,P0100,40,7.1,284.0
POL0001043,PO000194,P0355,33,21.46,708.18
POL0001044,PO000194,P0192,10,41.51,415.1
POL0001045,PO000194,P0394,44,10.89,479.16
POL0001046,PO000194,P0027,1,14.01,14.01
POL0001047,PO000194,P0029,55,14.89,818.95
POL0001048,PO000194,P0469,9,21.02,189.18
POL0001049,PO000195,P0198,1,128916.03,128916.03
POL0001050,PO000195,P0361,1,211824.36,211824.36
POL0001051,PO000195,P0030,1,329284.78,329284.78
POL0001052,PO000195,P0145,1,85598.4,85598.4
POL0001053,PO000195,P0069,1,15691089.36,15691089.36
POL0001054,PO000195,P0150,1,113923.42,113923.42
POL0001055,PO000195,P0044,1,202920.11,202920.11
POL0001056,PO000196,P0119,1,123412.4,123412.4
POL0001057,PO000196,P0301,1,11334160.16,11334160.16
POL0001058,PO000196,P0341,1,18683374.02,18683374.02
POL0001059,PO000196,P0303,1,491270.84,491270.84
POL0001060,PO000196,P0339,1,88303.97,88303.97
POL0001061,PO000196,P0468,1,5093522.13,5093522.13
POL0001062,PO000197,P0222,1,292389.11,292389.11
POL0001063,PO000197,P0334,33,55.3,1824.9
POL0001064,PO000197,P0240,1,14205022.41,14205022.41
POL0001065,PO000197,P0260,1,10149453.62,10149453.62
POL0001066,PO000197,P0014,1,136100.54,136100.54
POL0001067,PO000197,P0030,1,298955.3,298955.3
POL0001068,PO000197,P0218,1,275606.55,275606.55
POL0001069,PO000198,P0122,1,123453.98,123453.98
POL0001070,PO000198,P0222,1,271376.46,271376.46
POL0001071,PO000198,P0247,1,268124.6,268124.6
POL0001072,PO000199,P0339,1,95744.15,95744.15
POL0001073,PO000199,P0028,1,798430.22,798430.22
POL0001074,PO000199,P0011,1,1423503.45,1423503.45
POL0001075,PO000199,P0428,41,102.34,4195.94
POL0001076,PO000199,P0109,1,243174.48,243174.48
POL0001077,PO000199,P0122,1,114380.03,114380.03
POL0001078,PO000200,P0114,57,1261.73,71918.61
POL0001079,PO000200,P0009,60,574.55,34473.0
POL0001080,PO000200,P0075,94,417.0,39198.0
POL0001081,PO000200,P0133,25,509.44,12736.0
POL0001082,PO000200,P0274,13,636.68,8276.84
POL0001083,PO000201,P0035,73,351.44,25655.12
POL0001084,PO000201,P0327,46,17.15,788.9
POL0001085,PO000201,P0052,90,237.49,21374.1
POL0001086,PO000201,P0113,17,247.3,4204.1
POL0001087,PO000201,P0270,68,518.33,35246.44
POL0001088,PO000201,P0106,1,145.08,145.08
POL0001089,PO000202,P0027,1,14.01,14.01
POL0001090,PO000202,P0362,78,18.51,1443.78
POL0001091,PO000202,P0394,43,10.89,468.27
POL0001092,PO000202,P0285,57,12.88,734.16
POL0001093,PO000202,P0290,40,16.13,645.2
POL0001094,PO000202,P0081,55,12.35,679.25
POL0001095,PO000202,P0450,53,6.83,361.99
POL0001096,PO000203,P0069,1,16232251.47,16232251.47
POL0001097,PO000203,P0347,1,325088.96,325088.96
POL0001098,PO000203,P0168,1,744489.31,744489.31
POL0001099,PO000203,P0260,1,10149453.62,10149453.62
POL0001100,PO000203,P0145,1,84593.91,84593.91
POL0001101,PO000203,P0314,51,45.2,2305.2
POL0001102,PO000203,P0005,1,1027812.42,1027812.42
POL0001103,PO000204,P0029,64,14.89,952.96
POL0001104,PO000204,P0121,121,6.72,813.12
POL0001105,PO000204,P0027,1,14.01,14.01
POL0001106,PO000204,P0062,39,15.86,618.54
POL0001107,PO000204,P0402,14,7.59,106.26
POL0001108,PO000204,P0056,129,4.94,637.26
POL0001109,PO000205,P0228,56,61.44,3440.64
POL0001110,PO000205,P0250,104,41.7,4336.8
POL0001111,PO000205,P0467,46,13.19,606.74
POL0001112,PO000205,P0174,84,80.07,6725.88
POL0001113,PO000205,P0196,29,43.36,1257.44
POL0001114,PO000205,P0332,35,37.8,1323.0
POL0001115,PO000206,P0164,8,512.51,4100.08
POL0001116,PO000206,P0073,14,530.39,7425.46
POL0001117,PO000206,P0134,79,1415.37,111814.23
POL0001118,PO000206,P0058,40,460.87,18434.8
POL0001119,PO000206,P0031,10,341.23,3412.3
POL0001120,PO000206,P0045,41,350.22,14359.02
POL0001121,PO000206,P0195,12,944.97,11339.64
POL0001122,PO000207,P0320,1,50.65,50.65
POL0001123,PO000207,P0086,35,266.01,9310.35
POL0001124,PO000207,P0436,18,15.81,284.58
POL0001125,PO000207,P0400,17,100.44,1707.48
POL0001126,PO000207,P0441,45,49.17,2212.65
POL0001127,PO000207,P0478,55,41.59,2287.45
POL0001128,PO000207,P0455,36,61.74,2222.64
POL0001129,PO000207,P0154,25,50.37,1259.25
POL0001130,PO000208,P0023,26,79.18,2058.68
POL0001131,PO000208,P0144,15,100.78,1511.7
POL0001132,PO000208,P0236,43,4.88,209.84
POL0001133,PO000208,P0224,35,6.75,236.25
POL0001134,PO000208,P0215,65,17.43,1132.95
POL0001135,PO000208,P0283,78,89.26,6962.28
POL0001136,PO000208,P0289,141,102.64,14472.24
POL0001137,PO000208,P0332,88,37.8,3326.4
POL0001138,PO000209,P0478,52,41.59,2162.68
POL0001139,PO000209,P0259,51,221.66,11304.66
POL0001140,PO000209,P0436,27,15.81,426.87
POL0001141,PO000210,P0400,40,100.44,4017.6
POL0001142,PO000210,P0086,15,266.01,3990.15
POL0001143,PO000210,P0320,1,50.65,50.65
POL0001144,PO000210,P0478,103,41.59,4283.77
POL0001145,PO000211,P0268,1,98560.11,98560.11
POL0001146,PO000211,P0091,1,180652.1,180652.1
POL0001147,PO000211,P0109,1,243174.48,243174.48
POL0001148,PO000211,P0226,1,243318.83,243318.83
POL0001149,PO000211,P0307,1,1168387.79,1168387.79
POL0001150,PO000211,P0082,1,116684.37,116684.37
POL0001151,PO000211,P0340,1,171341.58,171341.58
POL0001152,PO000211,P0011,1,1423503.45,1423503.45
POL0001153,PO000212,P0234,1,244883.64,244883.64
POL0001154,PO000212,P0238,1,1418008.28,1418008.28
POL0001155,PO000212,P0092,1,1497217.83,1497217.83
POL0001156,PO000212,P0370,1,149339.63,149339.63
POL0001157,PO000212,P0296,1,6347204.12,6347204.12
POL0001158,PO000212,P0425,58,54.85,3181.3
POL0001159,PO000213,P0403,1,141536.96,141536.96
POL0001160,PO000213,P0096,1,196947.49,196947.49
POL0001161,PO000213,P0030,1,322872.07,322872.07
POL0001162,PO000214,P0265,31,1105.86,34281.66
POL0001163,PO000214,P0255,73,425.17,31037.41
POL0001164,PO000214,P0042,37,1554.8,57527.6
POL0001165,PO000214,P0443,80,302.48,24198.4
POL0001166,PO000214,P0308,43,524.34,22546.62
POL0001167,PO000215,P0120,34,25.08,852.72
POL0001168,PO000215,P0202,97,68.38,6632.86
POL0001169,PO000215,P0024,115,33.42,3843.3
POL0001170,PO000215,P0364,44,150.42,6618.48
POL0001171,PO000216,P0153,14,14.95,209.3
POL0001172,PO000216,P0080,33,60.46,1995.18
POL0001173,PO000216,P0480,49,104.38,5114.62
POL0001174,PO000216,P0224,25,6.71,167.75
POL0001175,PO000217,P0169,1,150880.99,150880.99
POL0001176,PO000217,P0278,1,16182712.54,16182712.54
POL0001177,PO000217,P0011,1,1423503.45,1423503.45
POL0001178,PO000217,P0476,48,36.93,1772.64
POL0001179,PO000217,P0148,1,15834134.75,15834134.75
POL0001180,PO000217,P0473,1,128717.43,128717.43
POL0001181,PO000218,P0086,25,266.01,6650.25
POL0001182,PO000218,P0455,44,61.74,2716.56
POL0001183,PO000218,P0478,54,41.59,2245.86
POL0001184,PO000218,P0436,9,15.81,142.29
POL0001185,PO000219,P0240,1,14476882.55,14476882.55
POL0001186,PO000219,P0339,1,96163.98,96163.98
POL0001187,PO000219,P0222,1,271376.46,271376.46
POL0001188,PO000219,P0293,1,14457426.38,14457426.38
POL0001189,PO000219,P0169,1,131953.11,131953.11
POL0001190,PO000219,P0160,1,311680.89,311680.89
POL0001191,PO000220,P0308,45,524.34,23595.3
POL0001192,PO000220,P0195,9,941.58,8474.22
POL0001193,PO000220,P0324,84,415.52,34903.68
POL0001194,PO000220,P0157,32,716.55,22929.6
POL0001195,PO000220,P0164,27,536.38,14482.26
POL0001196,PO000220,P0437,104,20.33,2114.32
POL0001197,PO000220,P0039,73,514.11,37530.03
POL0001198,PO000220,P0427,115,441.97,50826.55
POL0001199,PO000221,P0452,31,305.58,9472.98
POL0001200,PO000221,P0064,44,532.78,23442.32
POL0001201,PO000221,P0026,32,242.51,7760.32
POL0001202,PO000221,P0106,1,145.08,145.08
POL0001203,PO000221,P0448,10,460.68,4606.8
POL0001204,PO000222,P0307,1,1253490.41,1253490.41
POL0001205,PO000222,P0371,1,1281868.21,1281868.21
POL0001206,PO000222,P0347,1,309720.64,309720.64
POL0001207,PO000223,P0380,73,268.9,19629.7
POL0001208,PO000223,P0427,12,447.28,5367.36
POL0001209,PO000223,P0036,1,1120.94,1120.94
POL0001210,PO000223,P0309,28,710.83,19903.24
POL0001211,PO000223,P0329,59,1497.86,88373.74
POL0001212,PO000223,P0093,26,833.85,21680.1
POL0001213,PO000224,P0086,30,265.9,7977.0
POL0001214,PO000224,P0484,25,121.88,3047.0
POL0001215,PO000224,P0364,93,150.42,13989.06
POL0001216,PO000225,P0413,48,347.0,16656.0
POL0001217,PO000225,P0448,14,460.68,6449.52
POL0001218,PO000225,P0035,79,351.44,27763.76
POL0001219,PO000225,P0327,30,17.15,514.5
POL0001220,PO000225,P0067,51,383.3,19548.3
POL0001221,PO000225,P0343,99,159.34,15774.66
POL0001222,PO000225,P0452,34,305.58,10389.72
POL0001223,PO000225,P0500,56,207.94,11644.64
POL0001224,PO000226,P0382,103,90.14,9284.42
POL0001225,PO000226,P0289,60,93.68,5620.8
POL0001226,PO000226,P0421,54,46.29,2499.66
POL0001227,PO000226,P0287,60,11.88,712.8
POL0001228,PO000226,P0292,33,15.81,521.73
POL0001229,PO000226,P0496,30,79.97,2399.1
POL0001230,PO000226,P0161,54,56.79,3066.66
POL0001231,PO000226,P0098,55,103.8,5709.0
POL0001232,PO000227,P0070,75,21.35,1601.25
POL0001233,PO000227,P0138,11,55.62,611.82
POL0001234,PO000227,P0290,62,16.13,1000.06
POL0001235,PO000228,P0418,37,15.12,559.44
POL0001236,PO000228,P0383,30,27.63,828.9
POL0001237,PO000228,P0315,34,54.6,1856.4
POL0001238,PO000228,P0295,73,11.6,846.8
POL0001239,PO000228,P0159,12,58.61,703.32
POL0001240,PO000228,P0023,44,81.32,3578.08
POL0001241,PO000228,P0440,32,15.25,488.0
POL0001242,PO000228,P0493,91,7.27,661.57
POL0001243,PO000229,P0180,92,172.49,15869.08
POL0001244,PO000229,P0156,30,237.13,7113.9
POL0001245,PO000229,P0277,10,457.96,4579.6
POL0001246,PO000229,P0399,58,434.36,25192.88
POL0001247,PO000229,P0106,1,145.08,145.08
POL0001248,PO000230,P0267,14,44.95,629.3
POL0001249,PO000230,P0043,15,44.87,673.05
POL0001250,PO000230,P0328,82,31.08,2548.56
POL0001251,PO000230,P0080,12,57.16,685.92
POL0001252,PO000230,P0227,41,24.32,997.12
POL0001253,PO000230,P0342,60,95.7,5742.0
POL0001254,PO000231,P0407,46,14.25,655.5
POL0001255,PO000231,P0311,75,199.22,14941.5
POL0001256,PO000231,P0138,14,55.62,778.68
POL0001257,PO000231,P0297,8,13.41,107.28
POL0001258,PO000232,P0141,15,20.09,301.35
POL0001259,PO000232,P0047,76,67.58,5136.08
POL0001260,PO000232,P0223,64,1447.59,92645.76
POL0001261,PO000233,P0373,94,377.15,35452.1
POL0001262,PO000233,P0427,75,441.97,33147.75
POL0001263,PO000233,P0255,133,425.17,56547.61
POL0001264,PO000233,P0311,66,191.03,12607.98
POL0001265,PO000233,P0178,14,263.36,3687.04
POL0001266,PO000233,P0325,45,319.94,14397.3
POL0001267,PO000233,P0265,43,1105.86,47551.98
POL0001268,PO000233,P0212,24,420.2,10084.8
POL0001269,PO000234,P0013,1,263476.96,263476.96
POL0001270,PO000234,P0263,32,245.47,7855.04
POL0001271,PO000234,P0168,1,765264.51,765264.51
POL0001272,PO000234,P0007,1,126932.53,126932.53
POL0001273,PO000234,P0092,1,1691613.39,1691613.39
POL0001274,PO000234,P0222,1,269000.7,269000.7
POL0001275,PO000234,P0238,1,1448603.09,1448603.09
POL0001276,PO000235,P0182,25,149.31,3732.75
POL0001277,PO000235,P0452,16,305.58,4889.28
POL0001278,PO000235,P0457,25,437.44,10936.0
POL0001279,PO000235,P0359,80,263.06,21044.8
POL0001280,PO000235,P0399,115,434.36,49951.4
POL0001281,PO000235,P0156,32,237.13,7588.16
POL0001282,PO000235,P0413,36,347.0,12492.0
POL0001283,PO000236,P0394,16,10.89,174.24
POL0001284,PO000236,P0138,11,55.62,611.82
POL0001285,PO000236,P0450,61,6.83,416.63
POL0001286,PO000237,P0389,1,72733.18,72733.18
POL0001287,PO000237,P0296,1,6347204.12,6347204.12
POL0001288,PO000237,P0018,1,152039.28,152039.28
POL0001289,PO000237,P0425,32,54.85,1755.2
POL0001290,PO000237,P0110,1,862932.06,862932.06
POL0001291,PO000237,P0008,1,1440988.83,1440988.83
POL0001292,PO000238,P0441,23,49.17,1130.91
POL0001293,PO000238,P0320,1,50.65,50.65
POL0001294,PO000238,P0154,18,50.37,906.66
POL0001295,PO000238,P0455,44,61.74,2716.56
POL0001296,PO000239,P0255,81,425.17,34438.77
POL0001297,PO000239,P0313,37,250.54,9269.98
POL0001298,PO000239,P0048,18,462.61,8326.98
POL0001299,PO000239,P0134,104,1266.98,131765.92
POL0001300,PO000239,P0075,31,417.0,12927.0
POL0001301,PO000240,P0332,54,37.8,2041.2
POL0001302,PO000240,P0214,8,7.92,63.36
POL0001303,PO000240,P0153,16,16.05,256.8
POL0001304,PO000240,P0453,49,69.83,3421.67
POL0001305,PO000240,P0344,18,5.66,101.88
POL0001306,PO000240,P0400,75,89.55,6716.25
POL0001307,PO000241,P0494,1,1444541.38,1444541.38
POL0001308,PO000241,P0473,1,125876.42,125876.42
POL0001309,PO000241,P0317,33,250.36,8261.88
POL0001310,PO000241,P0226,1,213860.72,213860.72
POL0001311,PO000242,P0107,44,635.72,27971.68
POL0001312,PO000242,P0433,110,776.17,85378.7
POL0001313,PO000242,P0045,34,350.22,11907.48
POL0001314,PO000242,P0246,34,43.62,1483.08
POL0001315,PO000242,P0443,66,287.36,18965.76
POL0001316,PO000242,P0255,56,407.35,22811.6
POL0001317,PO000242,P0429,40,443.57,17742.8
POL0001318,PO000242,P0047,33,67.58,2230.14
POL0001319,PO000243,P0240,1,14205022.41,14205022.41
POL0001320,PO000243,P0238,1,1418008.28,1418008.28
POL0001321,PO000243,P0201,54,58.6,3164.4
POL0001322,PO000243,P0008,1,1440988.83,1440988.83
POL0001323,PO000243,P0317,48,250.36,12017.28
POL0001324,PO000243,P0247,1,252767.12,252767.12
POL0001325,PO000244,P0491,1,214546.98,214546.98
POL0001326,PO000244,P0434,5,68.9,344.5
POL0001327,PO000244,P0365,1,13257784.06,13257784.06
POL0001328,PO000244,P0288,1,102971.49,102971.49
POL0001329,PO000244,P0384,1,161638.46,161638.46
POL0001330,PO000244,P0340,1,156840.33,156840.33
POL0001331,PO000244,P0474,1,932593.41,932593.41
POL0001332,PO000244,P0336,25,59.66,1491.5
POL0001333,PO000245,P0013,1,274511.39,274511.39
POL0001334,PO000245,P0160,1,312576.71,312576.71
POL0001335,PO000245,P0198,1,128916.03,128916.03
POL0001336,PO000245,P0007,1,112597.95,112597.95
POL0001337,PO000245,P0476,46,36.93,1698.78
POL0001338,PO000246,P0375,1,685993.55,685993.55
POL0001339,PO000246,P0078,1,721366.72,721366.72
POL0001340,PO000246,P0314,30,45.2,1356.0
POL0001341,PO000246,P0211,1,156948.17,156948.17
POL0001342,PO000246,P0197,1,11715603.24,11715603.24
POL0001343,PO000246,P0391,1,227948.34,227948.34
POL0001344,PO000246,P0234,1,244883.64,244883.64
POL0001345,PO000247,P0154,52,52.13,2710.76
POL0001346,PO000247,P0378,57,26.52,1511.64
POL0001347,PO000247,P0326,67,55.97,3749.99
POL0001348,PO000247,P0455,12,61.86,742.32
POL0001349,PO000247,P0202,67,68.38,4581.46
POL0001350,PO000247,P0484,42,121.88,5118.96
POL0001351,PO000247,P0364,97,150.42,14590.74
POL0001352,PO000248,P0429,37,444.14,16433.18
POL0001353,PO000248,P0262,23,475.21,10929.83
POL0001354,PO000248,P0241,12,434.85,5218.2
POL0001355,PO000249,P0278,1,16182712.54,16182712.54
POL0001356,PO000249,P0370,1,133931.7,133931.7
POL0001357,PO000249,P0220,1,7853699.02,7853699.02
POL0001358,PO000249,P0428,10,102.34,1023.4
POL0001359,PO000250,P0274,68,605.99,41207.32
POL0001360,PO000250,P0155,64,1128.29,72210.56
POL0001361,PO000250,P0253,32,222.13,7108.16
POL0001362,PO000250,P0325,11,291.99,3211.89
POL0001363,PO000251,P0168,1,744489.31,744489.31
POL0001364,PO000251,P0028,1,761586.63,761586.63
POL0001365,PO000251,P0234,1,244883.64,244883.64
POL0001366,PO000251,P0432,1,13927408.31,13927408.31
POL0001367,PO000251,P0051,1,997169.4,997169.4
POL0001368,PO000251,P0197,1,11715603.24,11715603.24
POL0001369,PO000251,P0163,1,87893.94,87893.94
POL0001370,PO000252,P0361,1,203336.59,203336.59
POL0001371,PO000252,P0391,1,237849.4,237849.4
POL0001372,PO000252,P0276,1,122752.86,122752.86
POL0001373,PO000253,P0436,17,15.81,268.77
POL0001374,PO000253,P0381,36,216.39,7790.04
POL0001375,PO000253,P0400,46,100.44,4620.24
POL0001376,PO000253,P0478,36,41.59,1497.24
POL0001377,PO000253,P0455,62,61.74,3827.88
POL0001378,PO000254,P0114,78,1261.73,98414.94
POL0001379,PO000254,P0311,65,191.03,12416.95
POL0001380,PO000254,P0294,23,545.95,12556.85
POL0001381,PO000255,P0454,20,518.59,10371.8
POL0001382,PO000255,P0327,44,17.15,754.6
POL0001383,PO000255,P0192,52,36.81,1914.12
POL0001384,PO000255,P0410,21,591.57,12422.97
POL0001385,PO000255,P0359,105,263.06,27621.3
POL0001386,PO000255,P0052,95,237.49,22561.55
POL0001387,PO000255,P0067,60,383.3,22998.0
POL0001388,PO000256,P0434,33,76.55,2526.15
POL0001389,PO000256,P0136,20,60.99,1219.8
POL0001390,PO000256,P0006,35,49.85,1744.75
POL0001391,PO000256,P0161,41,56.79,2328.39
POL0001392,PO000256,P0108,31,76.04,2357.24
POL0001393,PO000256,P0125,9,84.42,759.78
POL0001394,PO000257,P0205,9,275.33,2477.97
POL0001395,PO000257,P0298,27,84.76,2288.52
POL0001396,PO000257,P0445,34,457.58,15557.72
POL0001397,PO000257,P0073,17,530.39,9016.63
POL0001398,PO000257,P0231,37,410.93,15204.41
POL0001399,PO000257,P0045,20,350.22,7004.4
POL0001400,PO000257,P0253,15,222.13,3331.95
POL0001401,PO000257,P0265,93,1147.56,106723.08
POL0001402,PO000258,P0088,1,884116.1,884116.1
POL0001403,PO000258,P0417,1,194955.41,194955.41
POL0001404,PO000258,P0391,1,247449.78,247449.78
POL0001405,PO000258,P0335,1,1382311.31,1382311.31
POL0001406,PO000258,P0065,1,294958.42,294958.42
POL0001407,PO000258,P0189,1,803043.44,803043.44
POL0001408,PO000258,P0197,1,11609581.97,11609581.97
POL0001409,PO000259,P0458,87,566.79,49310.73
POL0001410,PO000259,P0107,53,624.7,33109.1
POL0001411,PO000259,P0134,79,1266.98,100091.42
POL0001412,PO000259,P0185,92,870.17,80055.64
POL0001413,PO000259,P0060,36,814.72,29329.92
POL0001414,PO000259,P0246,1,47.69,47.69
POL0001415,PO000260,P0440,43,15.25,655.75
POL0001416,PO000260,P0213,82,53.33,4373.06
POL0001417,PO000260,P0017,43,80.49,3461.07
POL0001418,PO000261,P0455,15,61.86,927.9
POL0001419,PO000261,P0345,65,15.99,1039.35
POL0001420,PO000261,P0378,88,26.52,2333.76
POL0001421,PO000261,P0388,16,28.25,452.0
POL0001422,PO000262,P0100,34,7.1,241.4
POL0001423,PO000262,P0297,8,13.41,107.28
POL0001424,PO000262,P0394,34,10.89,370.26
POL0001425,PO000262,P0056,111,4.94,548.34
POL0001426,PO000262,P0450,55,6.83,375.65
POL0001427,PO000262,P0068,18,7.11,127.98
POL0001428,PO000263,P0132,1,1357727.2,1357727.2
POL0001429,PO000263,P0110,1,790098.77,790098.77
POL0001430,PO000263,P0065,1,294958.42,294958.42
POL0001431,PO000263,P0482,38,184.7,7018.6
POL0001432,PO000264,P0195,9,941.58,8474.22
POL0001433,PO000264,P0009,77,574.55,44240.35
POL0001434,PO000264,P0313,30,250.54,7516.2
POL0001435,PO000265,P0455,66,61.74,4074.84
POL0001436,PO000265,P0478,38,41.59,1580.42
POL0001437,PO000265,P0259,46,221.66,10196.36
POL0001438,PO000265,P0436,12,15.81,189.72
POL0001439,PO000265,P0154,24,50.37,1208.88
POL0001440,PO000265,P0441,50,49.17,2458.5
POL0001441,PO000265,P0086,44,266.01,11704.44
POL0001442,PO000265,P0400,34,100.44,3414.96
POL0001443,PO000266,P0102,79,271.89,21479.31
POL0001444,PO000266,P0231,35,376.46,13176.1
POL0001445,PO000266,P0311,73,191.03,13945.19
POL0001446,PO000266,P0259,70,229.08,16035.6
POL0001447,PO000266,P0274,14,636.68,8913.52
POL0001448,PO000266,P0396,1,1199.73,1199.73
POL0001449,PO000266,P0261,32,584.13,18692.16
POL0001450,PO000266,P0284,62,1446.64,89691.68
POL0001451,PO000267,P0342,34,95.7,3253.8
POL0001452,PO000267,P0146,34,70.46,2395.64
POL0001453,PO000267,P0085,100,6.98,698.0
POL0001454,PO000267,P0144,21,100.78,2116.38
POL0001455,PO000267,P0080,21,57.16,1200.36
POL0001456,PO000267,P0280,5,75.54,377.7
POL0001457,PO000267,P0184,9,81.59,734.31
POL0001458,PO000268,P0064,63,532.78,33565.14
POL0001459,PO000268,P0399,97,434.36,42132.92
POL0001460,PO000268,P0343,69,159.34,10994.46
POL0001461,PO000268,P0035,30,351.44,10543.2
POL0001462,PO000269,P0024,56,33.42,1871.52
POL0001463,PO000269,P0455,18,61.86,1113.48
POL0001464,PO000269,P0326,69,55.97,3861.93
POL0001465,PO000269,P0202,96,68.38,6564.48
POL0001466,PO000269,P0484,103,121.88,12553.64
POL0001467,PO000270,P0278,1,15161369.91,15161369.91
POL0001468,PO000270,P0439,1,193455.04,193455.04
POL0001469,PO000270,P0096,1,196947.49,196947.49
POL0001470,PO000270,P0211,1,162084.06,162084.06
POL0001471,PO000270,P0160,1,311680.89,311680.89
POL0001472,PO000270,P0110,1,790098.77,790098.77
POL0001473,PO000270,P0226,1,216090.29,216090.29
POL0001474,PO000271,P0430,1,16482320.05,16482320.05
POL0001475,PO000271,P0279,1,8024840.53,8024840.53
POL0001476,PO000271,P0420,1,230604.2,230604.2
POL0001477,PO000272,P0266,1,286.1,286.1
POL0001478,PO000272,P0488,10,147.18,1471.8
POL0001479,PO000272,P0343,45,159.34,7170.3
POL0001480,PO000272,P0180,62,172.49,10694.38
POL0001481,PO000272,P0270,115,518.33,59607.95
POL0001482,PO000272,P0359,60,263.06,15783.6
POL0001483,PO000272,P0319,16,68.47,1095.52
POL0001484,PO000272,P0064,63,532.78,33565.14
POL0001485,PO000273,P0454,10,518.59,5185.9
POL0001486,PO000273,P0399,98,434.36,42567.28
POL0001487,PO000273,P0270,110,518.33,57016.3
POL0001488,PO000274,P0314,37,48.06,1778.22
POL0001489,PO000274,P0054,50,5.4,270.0
POL0001490,PO000274,P0358,9,19.65,176.85
POL0001491,PO000274,P0108,20,68.68,1373.6
POL0001492,PO000274,P0351,21,115.93,2434.53
POL0001493,PO000274,P0103,64,39.65,2537.6
POL0001494,PO000275,P0034,64,16.69,1068.16
POL0001495,PO000275,P0477,18,57.88,1041.84
POL0001496,PO000275,P0161,8,60.63,485.04
POL0001497,PO000275,P0023,55,79.18,4354.9
POL0001498,PO000275,P0221,61,14.72,897.92
POL0001499,PO000275,P0421,91,48.09,4376.19
POL0001500,PO000276,P0364,27,150.42,4061.34
POL0001501,PO000276,P0484,43,121.88,5240.84
POL0001502,PO000276,P0326,25,55.97,1399.25
POL0001503,PO000276,P0455,24,61.86,1484.64
POL0001504,PO000276,P0086,16,265.9,4254.4
POL0001505,PO000276,P0202,111,68.38,7590.18
POL0001506,PO000276,P0378,40,26.52,1060.8
POL0001507,PO000277,P0216,105,426.43,44775.15
POL0001508,PO000277,P0410,70,591.57,41409.9
POL0001509,PO000277,P0359,83,263.06,21833.98
POL0001510,PO000277,P0387,103,483.25,49774.75
POL0001511,PO000277,P0399,82,434.36,35617.52
POL0001512,PO000278,P0183,43,598.99,25756.57
POL0001513,PO000278,P0246,123,43.62,5365.26
POL0001514,PO000278,P0039,93,554.15,51535.95
POL0001515,PO000278,P0446,19,297.38,5650.22
POL0001516,PO000278,P0047,62,67.58,4189.96
POL0001517,PO000278,P0112,18,642.2,11559.6
POL0001518,PO000279,P0086,40,266.01,10640.4
POL0001519,PO000279,P0455,48,61.74,2963.52
POL0001520,PO000279,P0259,53,221.66,11747.98
POL0001521,PO000280,P0342,26,95.7,2488.2
POL0001522,PO000280,P0499,34,50.24,1708.16
POL0001523,PO000280,P0236,12,4.88,58.56
POL0001524,PO000280,P0146,21,70.46,1479.66
POL0001525,PO000280,P0442,53,112.54,5964.62
POL0001526,PO000281,P0061,1,195323.7,195323.7
POL0001527,PO000281,P0012,1,7852821.88,7852821.88
POL0001528,PO000281,P0007,1,126932.53,126932.53
POL0001529,PO000281,P0120,40,26.83,1073.2
POL0001530,PO000281,P0110,1,864824.96,864824.96
POL0001531,PO000282,P0320,1,50.65,50.65
POL0001532,PO000282,P0455,35,61.74,2160.9
POL0001533,PO000282,P0441,22,49.17,1081.74
POL0001534,PO000282,P0436,9,15.81,142.29
POL0001535,PO000282,P0381,41,216.39,8871.99
POL0001536,PO000283,P0349,4,394.27,1577.08
POL0001537,PO000283,P0026,16,242.51,3880.16
POL0001538,PO000283,P0336,75,56.41,4230.75
POL0001539,PO000283,P0277,22,457.96,10075.12
POL0001540,PO000283,P0020,11,371.51,4086.61
POL0001541,PO000283,P0035,80,351.44,28115.2
POL0001542,PO000283,P0351,22,128.03,2816.66
POL0001543,PO000283,P0067,107,383.3,41013.1
POL0001544,PO000284,P0441,40,49.17,1966.8
POL0001545,PO000284,P0320,1,50.65,50.65
POL0001546,PO000284,P0400,60,100.44,6026.4
POL0001547,PO000284,P0478,27,41.59,1122.93
POL0001548,PO000284,P0381,37,216.39,8006.43
POL0001549,PO000285,P0202,34,68.38,2324.92
POL0001550,PO000285,P0120,28,25.08,702.24
POL0001551,PO000285,P0455,23,61.86,1422.78
POL0001552,PO000286,P0226,1,216090.29,216090.29
POL0001553,PO000286,P0110,1,790098.77,790098.77
POL0001554,PO000286,P0168,1,776041.08,776041.08
POL0001555,PO000286,P0124,1,293248.23,293248.23
POL0001556,PO000286,P0391,1,247449.78,247449.78
POL0001557,PO000286,P0007,1,115484.88,115484.88
POL0001558,PO000287,P0478,59,41.59,2453.81
POL0001559,PO000287,P0455,22,61.74,1358.28
POL0001560,PO000287,P0320,1,50.65,50.65
POL0001561,PO000287,P0436,34,15.81,537.54
POL0001562,PO000287,P0259,12,221.66,2659.92
POL0001563,PO000287,P0154,16,50.37,805.92
POL0001564,PO000288,P0388,15,28.25,423.75
POL0001565,PO000288,P0455,7,61.86,433.02
POL0001566,PO000288,P0364,76,150.42,11431.92
POL0001567,PO000288,P0326,69,55.97,3861.93
POL0001568,PO000289,P0007,1,126932.53,126932.53
POL0001569,PO000289,P0071,1,1026457.46,1026457.46
POL0001570,PO000289,P0232,1,170440.95,170440.95
POL0001571,PO000290,P0120,33,25.08,827.64
POL0001572,PO000290,P0388,20,28.25,565.0
POL0001573,PO000290,P0484,34,121.88,4143.92
POL0001574,PO000290,P0345,38,15.99,607.62
POL0001575,PO000290,P0024,139,33.42,4645.38
POL0001576,PO000290,P0086,32,265.9,8508.8
POL0001577,PO000291,P0073,22,530.39,11668.58
POL0001578,PO000291,P0426,59,810.56,47823.04
POL0001579,PO000291,P0447,42,565.54,23752.68
POL0001580,PO000291,P0393,13,1449.38,18841.94
POL0001581,PO000291,P0048,23,429.36,9875.28
POL0001582,PO000291,P0272,31,1552.7,48133.7
POL0001583,PO000291,P0324,94,466.84,43882.96
POL0001584,PO000291,P0002,10,1521.68,15216.8
POL0001585,PO000292,P0026,30,242.51,7275.3
POL0001586,PO000292,P0106,1,145.08,145.08
POL0001587,PO000292,P0500,121,207.94,25160.74
POL0001588,PO000292,P0277,25,457.96,11449.0
POL0001589,PO000293,P0086,15,266.01,3990.15
POL0001590,PO000293,P0154,10,50.37,503.7
POL0001591,PO000293,P0441,31,49.17,1524.27
POL0001592,PO000293,P0320,1,50.65,50.65
POL0001593,PO000294,P0387,103,483.25,49774.75
POL0001594,PO000294,P0454,10,518.59,5185.9
POL0001595,PO000294,P0035,25,351.44,8786.0
POL0001596,PO000294,P0050,4,251.12,1004.48
POL0001597,PO000295,P0068,21,7.11,149.31
POL0001598,PO000295,P0297,9,13.41,120.69
POL0001599,PO000295,P0264,109,18.96,2066.64
POL0001600,PO000295,P0466,46,6.35,292.1
POL0001601,PO000295,P0465,13,7.62,99.06
POL0001602,PO000295,P0121,107,6.72,719.04
POL0001603,PO000295,P0366,59,9.45,557.55
POL0001604,PO000295,P0029,104,14.89,1548.56
POL0001605,PO000296,P0288,1,102971.49,102971.49
POL0001606,PO000296,P0384,1,161638.46,161638.46
POL0001607,PO000296,P0306,1,151217.4,151217.4
POL0001608,PO000296,P0168,1,765264.51,765264.51
POL0001609,PO000296,P0423,1,1182232.2,1182232.2
POL0001610,PO000297,P0121,86,6.72,577.92
POL0001611,PO000297,P0070,75,21.35,1601.25
POL0001612,PO000297,P0465,13,7.62,99.06
POL0001613,PO000297,P0469,6,21.02,126.12
POL0001614,PO000297,P0188,55,20.82,1145.1
POL0001615,PO000297,P0057,48,17.49,839.52
POL0001616,PO000298,P0462,1,151623.95,151623.95
POL0001617,PO000298,P0234,1,222726.76,222726.76
POL0001618,PO000298,P0347,1,336529.58,336529.58
POL0001619,PO000299,P0146,60,70.46,4227.6
POL0001620,PO000299,P0227,82,24.32,1994.24
POL0001621,PO000299,P0440,86,15.85,1363.1
POL0001622,PO000299,P0001,5,16.74,83.7
POL0001623,PO000299,P0186,37,62.27,2303.99
POL0001624,PO000299,P0210,1,13.93,13.93
POL0001625,PO000299,P0094,18,93.89,1690.02
POL0001626,PO000300,P0343,104,159.34,16571.36
POL0001627,PO000300,P0156,18,237.13,4268.34
POL0001628,PO000300,P0064,95,532.78,50614.1
POL0001629,PO000300,P0349,10,394.27,3942.7
POL0001630,PO000300,P0106,1,145.08,145.08
POL0001631,PO000301,P0259,48,221.66,10639.68
POL0001632,PO000301,P0441,50,49.17,2458.5
POL0001633,PO000301,P0154,29,50.37,1460.73
POL0001634,PO000301,P0086,11,266.01,2926.11
POL0001635,PO000301,P0436,37,15.81,584.97
POL0001636,PO000301,P0400,64,100.44,6428.16
POL0001637,PO000302,P0454,16,518.59,8297.44
POL0001638,PO000302,P0020,19,371.51,7058.69
POL0001639,PO000302,P0413,42,347.0,14574.0
POL0001640,PO000302,P0135,5,171.18,855.9
POL0001641,PO000302,P0182,6,149.31,895.86
POL0001642,PO000302,P0035,73,351.44,25655.12
POL0001643,PO000302,P0050,3,251.12,753.36
POL0001644,PO000303,P0383,44,27.63,1215.72
POL0001645,PO000303,P0108,40,76.04,3041.6
POL0001646,PO000303,P0395,10,68.45,684.5
POL0001647,PO000303,P0001,23,18.47,424.81
POL0001648,PO000303,P0344,76,5.5,418.0
POL0001649,PO000304,P0062,42,15.86,666.12
POL0001650,PO000304,P0167,51,24.83,1266.33
POL0001651,PO000304,P0337,38,10.26,389.88
POL0001652,PO000304,P0406,66,9.98,658.68
POL0001653,PO000304,P0394,37,10.89,402.93
POL0001654,PO000304,P0032,13,16.28,211.64
POL0001655,PO000305,P0122,1,114380.03,114380.03
POL0001656,PO000305,P0172,1,183970.29,183970.29
POL0001657,PO000305,P0018,1,150400.62,150400.62
POL0001658,PO000305,P0379,128,18.47,2364.16
POL0001659,PO000305,P0083,1,124827.91,124827.91
POL0001660,PO000305,P0403,1,152597.06,152597.06
POL0001661,PO000306,P0169,1,131953.11,131953.11
POL0001662,PO000306,P0367,3,22.51,67.53
POL0001663,PO000306,P0321,1,16310573.64,16310573.64
POL0001664,PO000306,P0095,1,149209.8,149209.8
POL0001665,PO000306,P0471,1,202534.05,202534.05
POL0001666,PO000307,P0014,1,136100.54,136100.54
POL0001667,PO000307,P0145,1,84593.91,84593.91
POL0001668,PO000307,P0335,1,1405336.51,1405336.51
POL0001669,PO000307,P0307,1,1236881.52,1236881.52
POL0001670,PO000307,P0028,1,761586.63,761586.63
POL0001671,PO000307,P0430,1,16482320.05,16482320.05
POL0001672,PO000307,P0278,1,14294933.13,14294933.13
POL0001673,PO000307,P0424,29,56.09,1626.61
POL0001674,PO000308,P0060,44,814.72,35847.68
POL0001675,PO000308,P0241,16,434.85,6957.6
POL0001676,PO000308,P0037,52,1694.15,88095.8
POL0001677,PO000308,P0133,15,509.44,7641.6
POL0001678,PO000308,P0255,120,425.17,51020.4
POL0001679,PO000309,P0241,8,434.85,3478.8
POL0001680,PO000309,P0033,16,454.96,7279.36
POL0001681,PO000309,P0193,28,607.72,17016.16
POL0001682,PO000309,P0411,98,352.76,34570.48
POL0001683,PO000309,P0324,112,415.52,46538.24
POL0001684,PO000309,P0246,1,47.69,47.69
POL0001685,PO000309,P0149,4,1481.56,5926.24
POL0001686,PO000309,P0190,73,31.99,2335.27
POL0001687,PO000310,P0054,42,6.12,257.04
POL0001688,PO000310,P0495,98,68.1,6673.8
POL0001689,PO000310,P0129,16,27.29,436.64
POL0001690,PO000310,P0239,69,100.23,6915.87
POL0001691,PO000310,P0146,64,69.75,4464.0
POL0001692,PO000311,P0362,134,18.51,2480.34
POL0001693,PO000311,P0311,45,199.22,8964.9
POL0001694,PO000311,P0100,56,7.1,397.6
POL0001695,PO000311,P0366,85,9.45,803.25
POL0001696,PO000311,P0029,35,14.89,521.15
POL0001697,PO000311,P0402,13,7.59,98.67
POL0001698,PO000311,P0285,70,12.88,901.6
POL0001699,PO000311,P0465,11,7.62,83.82
POL0001700,PO000312,P0133,76,492.74,37448.24
POL0001701,PO000312,P0015,14,216.27,3027.78
POL0001702,PO000312,P0045,23,350.22,8055.06
POL0001703,PO000312,P0262,11,495.78,5453.58
POL0001704,PO000312,P0309,31,710.83,22035.73
POL0001705,PO000313,P0278,1,15161369.91,15161369.91
POL0001706,PO000313,P0189,1,803043.44,803043.44
POL0001707,PO000313,P0482,58,184.7,10712.6
POL0001708,PO000313,P0347,1,309720.64,309720.64
POL0001709,PO000313,P0293,1,14457426.38,14457426.38
POL0001710,PO000313,P0101,1,304929.55,304929.55
POL0001711,PO000314,P0029,33,14.89,491.37
POL0001712,PO000314,P0425,15,50.19,752.85
POL0001713,PO000314,P0264,34,18.96,644.64
POL0001714,PO000314,P0469,10,21.02,210.2
POL0001715,PO000315,P0450,27,6.83,184.41
POL0001716,PO000315,P0406,63,9.98,628.74
POL0001717,PO000315,P0469,4,21.02,84.08
POL0001718,PO000315,P0100,52,7.1,369.2
POL0001719,PO000315,P0355,19,21.46,407.74
POL0001720,PO000315,P0188,39,20.82,811.98
POL0001721,PO000315,P0070,39,21.35,832.65
POL0001722,PO000316,P0279,1,8024840.53,8024840.53
POL0001723,PO000316,P0122,1,110618.64,110618.64
POL0001724,PO000316,P0030,1,298955.3,298955.3
POL0001725,PO000316,P0384,1,188291.97,188291.97
POL0001726,PO000317,P0381,12,216.39,2596.68
POL0001727,PO000317,P0455,41,61.74,2531.34
POL0001728,PO000317,P0436,32,15.81,505.92
POL0001729,PO000317,P0154,27,50.37,1359.99
POL0001730,PO000317,P0400,59,100.44,5925.96
POL0001731,PO000317,P0320,1,50.65,50.65
POL0001732,PO000317,P0259,26,221.66,5763.16
POL0001733,PO000317,P0086,37,266.01,9842.37
POL0001734,PO000318,P0122,1,114380.03,114380.03
POL0001735,PO000318,P0296,1,6979715.55,6979715.55
POL0001736,PO000318,P0322,1,12276940.4,12276940.4
POL0001737,PO000318,P0340,1,171341.58,171341.58
POL0001738,PO000318,P0251,1,305081.47,305081.47
POL0001739,PO000318,P0018,1,150400.62,150400.62
POL0001740,PO000318,P0321,1,17019700.99,17019700.99
POL0001741,PO000319,P0441,29,49.17,1425.93
POL0001742,PO000319,P0436,43,15.81,679.83
POL0001743,PO000319,P0320,1,50.65,50.65
POL0001744,PO000319,P0478,52,41.59,2162.68
POL0001745,PO000319,P0086,28,266.01,7448.28
POL0001746,PO000319,P0455,66,61.74,4074.84
POL0001747,PO000319,P0154,21,50.37,1057.77
POL0001748,PO000319,P0259,23,221.66,5098.18
POL0001749,PO000320,P0187,79,112.26,8868.54
POL0001750,PO000320,P0356,87,121.36,10558.32
POL0001751,PO000320,P0464,124,13.51,1675.24
POL0001752,PO000320,P0250,30,42.06,1261.8
POL0001753,PO000320,P0158,72,77.21,5559.12
POL0001754,PO000321,P0004,1,206391.17,206391.17
POL0001755,PO000321,P0018,1,152039.28,152039.28
POL0001756,PO000321,P0417,1,196910.89,196910.89
POL0001757,PO000321,P0119,1,132199.74,132199.74
POL0001758,PO000321,P0391,1,227948.34,227948.34
POL0001759,PO000321,P0374,1,923366.05,923366.05
POL0001760,PO000321,P0305,1,1214467.32,1214467.32
POL0001761,PO000322,P0080,21,60.46,1269.66
POL0001762,PO000322,P0442,49,104.51,5120.99
POL0001763,PO000322,P0206,8,10.1,80.8
POL0001764,PO000322,P0136,13,60.99,792.87
POL0001765,PO000322,P0415,14,16.25,227.5
POL0001766,PO000322,P0382,106,90.14,9554.84
POL0001767,PO000323,P0091,1,174233.87,174233.87
POL0001768,PO000323,P0474,1,932593.41,932593.41
POL0001769,PO000323,P0263,47,245.47,11537.09
POL0001770,PO000323,P0339,1,88303.97,88303.97
POL0001771,PO000323,P0484,30,107.94,3238.2
POL0001772,PO000323,P0092,1,1691613.39,1691613.39
POL0001773,PO000324,P0043,34,46.41,1577.94
POL0001774,PO000324,P0356,43,121.36,5218.48
POL0001775,PO000324,P0244,14,40.79,571.06
POL0001776,PO000324,P0024,28,35.64,997.92
POL0001777,PO000324,P0397,124,15.1,1872.4
POL0001778,PO000324,P0034,48,17.69,849.12
POL0001779,PO000324,P0021,59,12.96,764.64
POL0001780,PO000324,P0295,77,11.6,893.2
POL0001781,PO000325,P0350,38,12.42,471.96
POL0001782,PO000325,P0215,36,16.53,595.08
POL0001783,PO000325,P0125,5,84.42,422.1
POL0001784,PO000325,P0412,18,5.79,104.22
POL0001785,PO000325,P0250,34,42.06,1430.04
POL0001786,PO000325,P0244,5,40.79,203.95
POL0001787,PO000325,P0463,78,31.32,2442.96
POL0001788,PO000326,P0438,83,514.36,42691.88
POL0001789,PO000326,P0223,64,1447.59,92645.76
POL0001790,PO000326,P0308,26,572.92,14895.92
POL0001791,PO000327,P0460,1,526935.5,526935.5
POL0001792,PO000327,P0313,74,248.13,18361.62
POL0001793,PO000327,P0169,1,150880.99,150880.99
POL0001794,PO000327,P0076,1,1005324.05,1005324.05
POL0001795,PO000327,P0278,1,16182712.54,16182712.54
POL0001796,PO000327,P0348,1,99737.08,99737.08
POL0001797,PO000328,P0414,16,10.79,172.64
POL0001798,PO000328,P0472,20,96.78,1935.6
POL0001799,PO000328,P0350,25,11.71,292.75
POL0001800,PO000328,P0210,1,13.93,13.93
POL0001801,PO000329,P0345,21,15.99,335.79
POL0001802,PO000329,P0388,5,28.25,141.25
POL0001803,PO000329,P0154,33,52.13,1720.29
POL0001804,PO000329,P0484,84,121.88,10237.92
POL0001805,PO000329,P0024,117,33.42,3910.14
POL0001806,PO000330,P0470,20,34.1,682.0
POL0001807,PO000330,P0421,19,48.09,913.71
POL0001808,PO000330,P0302,30,28.25,847.5
POL0001809,PO000330,P0392,27,6.65,179.55
POL0001810,PO000331,P0426,36,810.56,29180.16
POL0001811,PO000331,P0048,24,429.36,10304.64
POL0001812,PO000331,P0429,70,443.57,31049.9
POL0001813,PO000331,P0066,4,385.3,1541.2
POL0001814,PO000331,P0329,64,1497.86,95863.04
POL0001815,PO000332,P0342,31,95.7,2966.7
POL0001816,PO000332,P0493,38,8.1,307.8
POL0001817,PO000332,P0023,22,79.18,1741.96
POL0001818,PO000332,P0461,1,40.78,40.78
POL0001819,PO000332,P0302,50,28.25,1412.5
POL0001820,PO000333,P0095,1,149209.8,149209.8
POL0001821,PO000333,P0333,1,978686.75,978686.75
POL0001822,PO000333,P0030,1,322872.07,322872.07
POL0001823,PO000333,P0173,1,180804.17,180804.17
POL0001824,PO000333,P0127,1,17054650.07,17054650.07
POL0001825,PO000333,P0293,1,14457426.38,14457426.38
POL0001826,PO000334,P0024,135,33.42,4511.7
POL0001827,PO000334,P0378,145,26.52,3845.4
POL0001828,PO000334,P0120,39,25.08,978.12
POL0001829,PO000335,P0410,18,591.57,10648.26
POL0001830,PO000335,P0266,1,286.1,286.1
POL0001831,PO000335,P0064,84,532.78,44753.52
POL0001832,PO000335,P0413,46,347.0,15962.0
POL0001833,PO000335,P0106,1,145.08,145.08
POL0001834,PO000335,P0399,56,434.36,24324.16
POL0001835,PO000335,P0113,28,247.3,6924.4
POL0001836,PO000336,P0117,42,17.83,748.86
POL0001837,PO000336,P0281,19,87.16,1656.04
POL0001838,PO000336,P0392,103,6.65,684.95
POL0001839,PO000336,P0477,30,57.88,1736.4
POL0001840,PO000337,P0386,76,384.7,29237.2
POL0001841,PO000337,P0349,4,394.27,1577.08
POL0001842,PO000337,P0413,15,347.0,5205.0
POL0001843,PO000337,P0266,1,286.1,286.1
POL0001844,PO000338,P0052,37,237.49,8787.13
POL0001845,PO000338,P0387,93,483.25,44942.25
POL0001846,PO000338,P0049,43,348.3,14976.9
POL0001847,PO000338,P0413,42,347.0,14574.0
POL0001848,PO000338,P0319,22,68.47,1506.34
POL0001849,PO000338,P0156,48,237.13,11382.24
POL0001850,PO000338,P0180,30,172.49,5174.7
POL0001851,PO000339,P0299,25,734.05,18351.25
POL0001852,PO000339,P0323,104,257.07,26735.28
POL0001853,PO000339,P0324,77,415.52,31995.04
POL0001854,PO000339,P0137,65,1133.92,73704.8
POL0001855,PO000339,P0401,31,1345.51,41710.81
POL0001856,PO000339,P0205,60,274.88,16492.8
POL0001857,PO000340,P0431,1,11328123.52,11328123.52
POL0001858,PO000340,P0459,1,14328251.03,14328251.03
POL0001859,PO000340,P0439,1,193455.04,193455.04
POL0001860,PO000341,P0485,1,129224.23,129224.23
POL0001861,PO000341,P0417,1,194955.41,194955.41
POL0001862,PO000341,P0173,1,180804.17,180804.17
POL0001863,PO000342,P0043,31,46.41,1438.71
POL0001864,PO000342,P0144,104,102.28,10637.12
POL0001865,PO000342,P0385,60,13.54,812.4
POL0001866,PO000342,P0464,122,13.51,1648.22
POL0001867,PO000343,P0419,27,1373.67,37089.09
POL0001868,PO000343,P0478,64,46.67,2986.88
POL0001869,PO000343,P0157,91,714.97,65062.27
POL0001870,PO000343,P0294,34,528.06,17954.04
POL0001871,PO000343,P0036,1,1120.94,1120.94
POL0001872,PO000344,P0083,1,133388.26,133388.26
POL0001873,PO000344,P0101,1,304929.55,304929.55
POL0001874,PO000344,P0194,1,150926.49,150926.49
POL0001875,PO000344,P0007,1,115484.88,115484.88
POL0001876,PO000344,P0482,136,184.7,25119.2
POL0001877,PO000344,P0420,1,223077.95,223077.95
POL0001878,PO000344,P0044,1,188078.27,188078.27
POL0001879,PO000344,P0417,1,194955.41,194955.41
POL0001880,PO000345,P0268,1,97384.35,97384.35
POL0001881,PO000345,P0405,1,17140121.62,17140121.62
POL0001882,PO000345,P0293,1,12874400.23,12874400.23
POL0001883,PO000345,P0474,1,932593.41,932593.41
POL0001884,PO000345,P0420,1,221435.23,221435.23
POL0001885,PO000345,P0077,1,131377.13,131377.13
POL0001886,PO000345,P0276,1,122752.86,122752.86
POL0001887,PO000345,P0434,20,68.9,1378.0
POL0001888,PO000346,P0172,1,213225.91,213225.91
POL0001889,PO000346,P0051,1,997169.4,997169.4
POL0001890,PO000346,P0473,1,125876.42,125876.42
POL0001891,PO000346,P0335,1,1405336.51,1405336.51
POL0001892,PO000346,P0341,1,18375992.32,18375992.32
POL0001893,PO000346,P0279,1,8024840.53,8024840.53
POL0001894,PO000346,P0468,1,4759251.48,4759251.48
POL0001895,PO000346,P0296,1,6347204.12,6347204.12
POL0001896,PO000347,P0388,18,28.25,508.5
POL0001897,PO000347,P0378,34,26.52,901.68
POL0001898,PO000347,P0202,62,68.38,4239.56
POL0001899,PO000347,P0024,53,33.42,1771.26
POL0001900,PO000348,P0400,15,100.44,1506.6
POL0001901,PO000348,P0086,29,266.01,7714.29
POL0001902,PO000348,P0478,61,41.59,2536.99
POL0001903,PO000349,P0287,46,11.88,546.48
POL0001904,PO000349,P0295,80,11.6,928.0
POL0001905,PO000349,P0397,59,15.1,890.9
POL0001906,PO000349,P0043,8,46.41,371.28
POL0001907,PO000349,P0103,31,38.63,1197.53
POL0001908,PO000349,P0331,44,10.82,476.08
POL0001909,PO000349,P0034,64,17.69,1132.16
POL0001910,PO000350,P0431,1,11328123.52,11328123.52
POL0001911,PO000350,P0293,1,14457426.38,14457426.38
POL0001912,PO000350,P0011,1,1359053.82,1359053.82
POL0001913,PO000350,P0269,1,155584.21,155584.21
POL0001914,PO000350,P0430,1,17702160.29,17702160.29
POL0001915,PO000351,P0131,1,490954.24,490954.24
POL0001916,PO000351,P0301,1,10487021.42,10487021.42
POL0001917,PO000351,P0220,1,7853699.02,7853699.02
POL0001918,PO000351,P0109,1,243174.48,243174.48
POL0001919,PO000351,P0028,1,798430.22,798430.22
POL0001920,PO000351,P0347,1,336529.58,336529.58
POL0001921,PO000351,P0007,1,112597.95,112597.95
POL0001922,PO000351,P0013,1,274511.39,274511.39
POL0001923,PO000352,P0448,15,460.68,6910.2
POL0001924,PO000352,P0327,35,17.15,600.25
POL0001925,PO000352,P0413,37,347.0,12839.0
POL0001926,PO000352,P0500,79,207.94,16427.26
POL0001927,PO000352,P0050,9,251.12,2260.08
POL0001928,PO000353,P0064,42,532.78,22376.76
POL0001929,PO000353,P0349,9,394.27,3548.43
POL0001930,PO000353,P0182,20,149.31,2986.2
POL0001931,PO000353,P0448,8,460.68,3685.44
POL0001932,PO000353,P0457,21,437.44,9186.24
POL0001933,PO000353,P0454,14,518.59,7260.26
POL0001934,PO000354,P0270,36,518.33,18659.88
POL0001935,PO000354,P0327,39,17.15,668.85
POL0001936,PO000354,P0454,25,518.59,12964.75
POL0001937,PO000355,P0111,28,7.21,201.88
POL0001938,PO000355,P0385,33,13.54,446.82
POL0001939,PO000355,P0350,17,12.42,211.14
POL0001940,PO000355,P0041,39,106.03,4135.17
POL0001941,PO000356,P0019,1,148863.96,148863.96
POL0001942,PO000356,P0310,1,299619.57,299619.57
POL0001943,PO000356,P0120,62,26.83,1663.46
POL0001944,PO000356,P0365,1,13257784.06,13257784.06
POL0001945,PO000356,P0222,1,269000.7,269000.7
POL0001946,PO000357,P0012,1,7153902.14,7153902.14
POL0001947,PO000357,P0353,1,168109.33,168109.33
POL0001948,PO000357,P0207,1,187860.23,187860.23
POL0001949,PO000357,P0243,1,253184.52,253184.52
POL0001950,PO000357,P0028,1,798430.22,798430.22
POL0001951,PO000357,P0251,1,305081.47,305081.47
POL0001952,PO000358,P0020,9,371.51,3343.59
POL0001953,PO000358,P0319,28,68.47,1917.16
POL0001954,PO000358,P0351,19,128.03,2432.57
POL0001955,PO000358,P0266,1,286.1,286.1
POL0001956,PO000358,P0336,71,56.41,4005.11
POL0001957,PO000358,P0454,20,518.59,10371.8
POL0001958,PO000358,P0352,23,264.47,6082.81
POL0001959,PO000358,P0270,119,518.33,61681.27
POL0001960,PO000359,P0004,1,206391.17,206391.17
POL0001961,PO000359,P0305,1,1214467.32,1214467.32
POL0001962,PO000359,P0018,1,152039.28,152039.28
POL0001963,PO000359,P0234,1,244883.64,244883.64
POL0001964,PO000359,P0403,1,150638.74,150638.74
POL0001965,PO000360,P0259,15,221.66,3324.9
POL0001966,PO000360,P0381,50,216.39,10819.5
POL0001967,PO000360,P0320,1,50.65,50.65
POL0001968,PO000360,P0436,34,15.81,537.54
POL0001969,PO000360,P0441,38,49.17,1868.46
POL0001970,PO000361,P0212,28,430.82,12062.96
POL0001971,PO000361,P0330,48,299.59,14380.32
POL0001972,PO000361,P0274,100,605.99,60599.0
POL0001973,PO000361,P0323,54,231.25,12487.5
POL0001974,PO000361,P0426,73,810.56,59170.88
POL0001975,PO000361,P0003,27,722.7,19512.9
POL0001976,PO000361,P0112,9,642.2,5779.8
POL0001977,PO000362,P0154,64,52.13,3336.32
POL0001978,PO000362,P0378,112,26.52,2970.24
POL0001979,PO000362,P0326,38,55.97,2126.86
POL0001980,PO000363,P0345,49,15.99,783.51
POL0001981,PO000363,P0484,28,121.88,3412.64
POL0001982,PO000363,P0455,24,61.86,1484.64
POL0001983,PO000363,P0326,24,55.97,1343.28
POL0001984,PO000363,P0120,36,25.08,902.88
POL0001985,PO000364,P0101,1,321872.75,321872.75
POL0001986,PO000364,P0303,1,491270.84,491270.84
POL0001987,PO000364,P0245,1,82904.61,82904.61
POL0001988,PO000364,P0120,79,26.83,2119.57
POL0001989,PO000364,P0061,1,195323.7,195323.7
POL0001990,PO000365,P0024,45,33.42,1503.9
POL0001991,PO000365,P0378,97,26.52,2572.44
POL0001992,PO000365,P0364,67,150.42,10078.14
POL0001993,PO000366,P0457,25,437.44,10936.0
POL0001994,PO000366,P0349,6,394.27,2365.62
POL0001995,PO000366,P0351,12,128.03,1536.36
POL0001996,PO000366,P0052,43,237.49,10212.07
POL0001997,PO000366,P0336,30,56.41,1692.3
POL0001998,PO000366,P0413,21,347.0,7287.0
POL0001999,PO000367,P0370,1,133931.7,133931.7
POL0002000,PO000367,P0207,1,187860.23,187860.23
POL0002001,PO000367,P0078,1,697324.07,697324.07
POL0002002,PO000367,P0124,1,264915.01,264915.01
POL0002003,PO000367,P0079,1,1090663.02,1090663.02
POL0002004,PO000367,P0340,1,171341.58,171341.58
POL0002005,PO000368,P0259,18,221.66,3989.88
POL0002006,PO000368,P0441,31,49.17,1524.27
POL0002007,PO000368,P0436,25,15.81,395.25
POL0002008,PO000368,P0086,37,266.01,9842.37
POL0002009,PO000368,P0455,28,61.74,1728.72
POL0002010,PO000368,P0400,52,100.44,5222.88
POL0002011,PO000369,P0087,45,68.28,3072.6
POL0002012,PO000369,P0332,34,37.8,1285.2
POL0002013,PO000369,P0022,8,71.95,575.6
POL0002014,PO000369,P0184,3,81.59,244.77
POL0002015,PO000369,P0224,39,6.75,263.25
POL0002016,PO000370,P0004,1,192763.17,192763.17
POL0002017,PO000370,P0127,1,17054650.07,17054650.07
POL0002018,PO000370,P0301,1,10892109.79,10892109.79
POL0002019,PO000370,P0095,1,149209.8,149209.8
POL0002020,PO000371,P0161,56,56.79,3180.24
POL0002021,PO000371,P0289,72,93.68,6744.96
POL0002022,PO000371,P0312,113,50.16,5668.08
POL0002023,PO000372,P0198,1,144165.75,144165.75
POL0002024,PO000372,P0077,1,131377.13,131377.13
POL0002025,PO000372,P0293,1,12874400.23,12874400.23
POL0002026,PO000373,P0259,30,221.66,6649.8
POL0002027,PO000373,P0400,23,100.44,2310.12
POL0002028,PO000373,P0320,1,50.65,50.65
POL0002029,PO000373,P0154,28,50.37,1410.36
POL0002030,PO000373,P0086,20,266.01,5320.2
POL0002031,PO000373,P0381,33,216.39,7140.87
POL0002032,PO000373,P0441,47,49.17,2310.99
POL0002033,PO000374,P0200,42,18.5,777.0
POL0002034,PO000374,P0249,33,10.19,336.27
POL0002035,PO000374,P0006,60,53.82,3229.2
POL0002036,PO000374,P0350,20,11.71,234.2
POL0002037,PO000375,P0405,1,16849942.03,16849942.03
POL0002038,PO000375,P0173,1,180804.17,180804.17
POL0002039,PO000375,P0365,1,12090361.73,12090361.73
POL0002040,PO000376,P0086,32,266.01,8512.32
POL0002041,PO000376,P0154,20,50.37,1007.4
POL0002042,PO000376,P0441,66,49.17,3245.22
POL0002043,PO000376,P0320,1,50.65,50.65
POL0002044,PO000376,P0478,92,41.59,3826.28
POL0002045,PO000376,P0259,19,221.66,4211.54
POL0002046,PO000376,P0436,14,15.81,221.34
POL0002047,PO000377,P0084,75,200.65,15048.75
POL0002048,PO000377,P0352,79,264.47,20893.13
POL0002049,PO000377,P0359,88,263.06,23149.28
POL0002050,PO000378,P0136,23,60.99,1402.77
POL0002051,PO000378,P0176,29,105.73,3066.17
POL0002052,PO000378,P0464,42,13.51,567.42
POL0002053,PO000378,P0242,56,42.53,2381.68
POL0002054,PO000378,P0356,110,121.36,13349.6
POL0002055,PO000378,P0467,17,12.99,220.83
POL0002056,PO000379,P0361,1,203336.59,203336.59
POL0002057,PO000379,P0077,1,131377.13,131377.13
POL0002058,PO000379,P0320,115,51.11,5877.65
POL0002059,PO000379,P0013,1,263476.96,263476.96
POL0002060,PO000379,P0405,1,17140121.62,17140121.62
POL0002061,PO000379,P0101,1,321872.75,321872.75
POL0002062,PO000380,P0324,43,466.84,20074.12
POL0002063,PO000380,P0112,22,642.2,14128.4
POL0002064,PO000380,P0195,52,944.97,49138.44
POL0002065,PO000380,P0446,49,297.38,14571.62
POL0002066,PO000380,P0438,42,514.36,21603.12
POL0002067,PO000380,P0255,37,407.35,15071.95
POL0002068,PO000380,P0045,39,350.22,13658.58
POL0002069,PO000381,P0117,68,17.83,1212.44
POL0002070,PO000381,P0006,45,53.82,2421.9
POL0002071,PO000381,P0125,86,94.03,8086.58
POL0002072,PO000381,P0397,20,16.28,325.6
POL0002073,PO000381,P0229,54,84.68,4572.72
POL0002074,PO000381,P0228,24,61.44,1474.56
POL0002075,PO000381,P0087,40,68.28,2731.2
POL0002076,PO000382,P0092,1,1497217.83,1497217.83
POL0002077,PO000382,P0226,1,213860.72,213860.72
POL0002078,PO000382,P0090,1,987330.06,987330.06
POL0002079,PO000382,P0234,1,244883.64,244883.64
POL0002080,PO000382,P0251,1,286866.75,286866.75
POL0002081,PO000383,P0478,58,41.59,2412.22
POL0002082,PO000383,P0320,1,50.65,50.65
POL0002083,PO000383,P0441,69,49.17,3392.73
POL0002084,PO000383,P0381,15,216.39,3245.85
POL0002085,PO000383,P0259,27,221.66,5984.82
POL0002086,PO000384,P0478,57,41.59,2370.63
POL0002087,PO000384,P0086,17,266.01,4522.17
POL0002088,PO000384,P0400,53,100.44,5323.32
POL0002089,PO000384,P0436,28,15.81,442.68
POL0002090,PO000385,P0223,28,1447.59,40532.52
POL0002091,PO000385,P0325,20,291.99,5839.8
POL0002092,PO000385,P0047,39,67.58,2635.62
POL0002093,PO000385,P0241,101,458.92,46350.92
POL0002094,PO000385,P0429,35,443.57,15524.95
POL0002095,PO000385,P0058,49,460.87,22582.63
POL0002096,PO000385,P0411,53,366.93,19447.29
POL0002097,PO000386,P0364,64,150.42,9626.88
POL0002098,PO000386,P0154,68,52.13,3544.84
POL0002099,PO000386,P0120,10,25.08,250.8
POL0002100,PO000386,P0345,65,15.99,1039.35
POL0002101,PO000386,P0484,27,121.88,3290.76
POL0002102,PO000386,P0388,6,28.25,169.5
POL0002103,PO000386,P0086,15,265.9,3988.5
POL0002104,PO000387,P0216,54,426.43,23027.22
POL0002105,PO000387,P0020,10,371.51,3715.1
POL0002106,PO000387,P0182,23,149.31,3434.13
POL0002107,PO000387,P0270,79,518.33,40948.07
POL0002108,PO000387,P0452,51,305.58,15584.58
POL0002109,PO000387,P0266,1,286.1,286.1
POL0002110,PO000387,P0192,105,36.81,3865.05
POL0002111,PO000387,P0050,2,251.12,502.24
POL0002112,PO000388,P0318,1,7988733.18,7988733.18
POL0002113,PO000388,P0177,1,131979.25,131979.25
POL0002114,PO000388,P0317,58,250.36,14520.88
POL0002115,PO000388,P0127,1,16132217.29,16132217.29
POL0002116,PO000388,P0404,1,114276.63,114276.63
POL0002117,PO000388,P0485,1,134510.18,134510.18
POL0002118,PO000389,P0015,86,226.35,19466.1
POL0002119,PO000389,P0369,48,194.25,9324.0
POL0002120,PO000389,P0221,70,16.53,1157.1
POL0002121,PO000389,P0171,59,8.73,515.07
POL0002122,PO000389,P0414,79,11.08,875.32
POL0002123,PO000389,P0080,13,60.46,785.98
POL0002124,PO000389,P0332,25,37.7,942.5
POL0002125,PO000389,P0397,47,15.1,709.7
POL0002126,PO000390,P0099,1,17367895.69,17367895.69
POL0002127,PO000390,P0468,1,4558378.37,4558378.37
POL0002128,PO000390,P0078,1,697324.07,697324.07
POL0002129,PO000390,P0342,88,100.31,8827.28
POL0002130,PO000390,P0172,1,183970.29,183970.29
POL0002131,PO000390,P0011,1,1423503.45,1423503.45
POL0002132,PO000391,P0444,73,83.85,6121.05
POL0002133,PO000391,P0054,103,6.12,630.36
POL0002134,PO000391,P0021,43,12.96,557.28
POL0002135,PO000391,P0312,63,50.16,3160.08
POL0002136,PO000391,P0103,34,38.63,1313.42
POL0002137,PO000391,P0129,31,27.29,845.99
POL0002138,PO000392,P0469,8,21.02,168.16
POL0002139,PO000392,P0188,36,20.82,749.52
POL0002140,PO000392,P0297,7,13.41,93.87
POL0002141,PO000392,P0424,86,51.61,4438.46
POL0002142,PO000392,P0337,89,10.26,913.14
POL0002143,PO000392,P0311,42,199.22,8367.24
POL0002144,PO000392,P0057,31,17.49,542.19
POL0002145,PO000392,P0407,26,14.25,370.5
POL0002146,PO000393,P0121,60,6.72,403.2
POL0002147,PO000393,P0394,42,10.89,457.38
POL0002148,PO000393,P0406,51,9.98,508.98
POL0002149,PO000393,P0192,5,41.51,207.55
POL0002150,PO000393,P0407,17,14.25,242.25
POL0002151,PO000393,P0465,3,7.62,22.86
POL0002152,PO000394,P0441,70,49.17,3441.9
POL0002153,PO000394,P0154,25,50.37,1259.25
POL0002154,PO000394,P0086,35,266.01,9310.35
POL0002155,PO000394,P0478,53,41.59,2204.27
POL0002156,PO000394,P0455,70,61.74,4321.8
POL0002157,PO000395,P0003,74,689.12,50994.88
POL0002158,PO000395,P0435,24,829.53,19908.72
POL0002159,PO000395,P0265,59,1105.86,65245.74
POL0002160,PO000395,P0429,59,444.14,26204.26
POL0002161,PO000396,P0303,1,491270.84,491270.84
POL0002162,PO000396,P0468,1,5093522.13,5093522.13
POL0002163,PO000396,P0120,86,26.83,2307.38
POL0002164,PO000396,P0175,1,1043618.1,1043618.1
POL0002165,PO000397,P0039,91,554.15,50427.65
POL0002166,PO000397,P0447,60,565.54,33932.4
POL0002167,PO000397,P0164,10,512.51,5125.1
POL0002168,PO000397,P0271,20,829.34,16586.8
POL0002169,PO000397,P0443,27,287.36,7758.72
POL0002170,PO000397,P0300,67,308.08,20641.36
POL0002171,PO000397,P0205,23,275.33,6332.59
POL0002172,PO000398,P0298,44,84.76,3729.44
POL0002173,PO000398,P0036,1,1120.94,1120.94
POL0002174,PO000398,P0170,49,885.32,43380.68
POL0002175,PO000398,P0107,32,635.72,20343.04
POL0002176,PO000398,P0183,22,598.99,13177.78
POL0002177,PO000398,P0133,36,492.74,17738.64
POL0002178,PO000399,P0430,1,16482320.05,16482320.05
POL0002179,PO000399,P0172,1,213225.91,213225.91
POL0002180,PO000399,P0305,1,1214467.32,1214467.32
POL0002181,PO000399,P0375,1,685993.55,685993.55
POL0002182,PO000399,P0122,1,110618.64,110618.64
POL0002183,PO000400,P0455,33,61.74,2037.42
POL0002184,PO000400,P0478,90,41.59,3743.1
POL0002185,PO000400,P0400,13,100.44,1305.72
POL0002186,PO000400,P0320,1,50.65,50.65
POL0002187,PO000400,P0259,17,221.66,3768.22
POL0002188,PO000400,P0381,37,216.39,8006.43
POL0002189,PO000400,P0154,10,50.37,503.7
POL0002190,PO000401,P0293,1,14457426.38,14457426.38
POL0002191,PO000401,P0301,1,10892109.79,10892109.79
POL0002192,PO000401,P0492,1,92716.74,92716.74
POL0002193,PO000401,P0127,1,17054650.07,17054650.07
POL0002194,PO000401,P0420,1,223077.95,223077.95
POL0002195,PO000402,P0099,1,17367895.69,17367895.69
POL0002196,PO000402,P0019,1,129009.25,129009.25
POL0002197,PO000402,P0169,1,150880.99,150880.99
POL0002198,PO000402,P0353,1,168109.33,168109.33
POL0002199,PO000402,P0361,1,211824.36,211824.36
POL0002200,PO000402,P0059,1,133775.18,133775.18
POL0002201,PO000403,P0426,33,709.42,23410.86
POL0002202,PO000403,P0435,24,829.53,19908.72
POL0002203,PO000403,P0311,90,191.03,17192.7
POL0002204,PO000404,P0302,90,28.25,2542.5
POL0002205,PO000404,P0470,15,34.1,511.5
POL0002206,PO000404,P0467,36,13.19,474.84
POL0002207,PO000404,P0383,32,25.83,826.56
POL0002208,PO000405,P0381,45,216.39,9737.55
POL0002209,PO000405,P0441,32,49.17,1573.44
POL0002210,PO000405,P0086,16,266.01,4256.16
POL0002211,PO000405,P0320,1,50.65,50.65
POL0002212,PO000405,P0478,38,41.59,1580.42
POL0002213,PO000405,P0400,19,100.44,1908.36
POL0002214,PO000405,P0259,36,221.66,7979.76
POL0002215,PO000406,P0086,48,265.9,12763.2
POL0002216,PO000406,P0202,71,68.38,4854.98
POL0002217,PO000406,P0378,126,26.52,3341.52
POL0002218,PO000406,P0120,17,25.08,426.36
POL0002219,PO000406,P0326,27,55.97,1511.19
POL0002220,PO000407,P0109,1,235252.2,235252.2
POL0002221,PO000407,P0079,1,1147387.79,1147387.79
POL0002222,PO000407,P0132,1,1262977.63,1262977.63
POL0002223,PO000407,P0341,1,18683374.02,18683374.02
POL0002224,PO000407,P0384,1,161638.46,161638.46
POL0002225,PO000407,P0018,1,142309.25,142309.25
POL0002226,PO000407,P0434,17,68.9,1171.3
POL0002227,PO000408,P0087,32,66.25,2120.0
POL0002228,PO000408,P0328,21,29.32,615.72
POL0002229,PO000408,P0153,17,14.95,254.15
POL0002230,PO000408,P0331,62,10.82,670.84
POL0002231,PO000408,P0467,64,12.99,831.36
POL0002232,PO000408,P0129,41,27.29,1118.89
POL0002233,PO000408,P0228,45,58.67,2640.15
POL0002234,PO000409,P0292,98,18.1,1773.8
POL0002235,PO000409,P0210,1,13.93,13.93
POL0002236,PO000409,P0117,72,17.83,1283.76
POL0002237,PO000409,P0351,40,115.93,4637.2
POL0002238,PO000409,P0390,23,52.04,1196.92
POL0002239,PO000409,P0139,68,8.45,574.6
POL0002240,PO000410,P0359,41,263.06,10785.46
POL0002241,PO000410,P0277,17,457.96,7785.32
POL0002242,PO000410,P0020,13,371.51,4829.63
POL0002243,PO000410,P0216,96,426.43,40937.28
POL0002244,PO000410,P0352,61,264.47,16132.67
POL0002245,PO000410,P0192,88,36.81,3239.28
POL0002246,PO000410,P0399,91,434.36,39526.76
POL0002247,PO000411,P0031,6,341.23,2047.38
POL0002248,PO000411,P0323,41,231.25,9481.25
POL0002249,PO000411,P0170,13,885.32,11509.16
POL0002250,PO000411,P0212,72,430.82,31019.04
POL0002251,PO000411,P0256,33,789.44,26051.52
POL0002252,PO000411,P0447,35,565.54,19793.9
POL0002253,PO000411,P0205,20,275.33,5506.6
POL0002254,PO000412,P0471,1,184137.63,184137.63
POL0002255,PO000412,P0128,1,16039879.28,16039879.28
POL0002256,PO000412,P0082,1,116684.37,116684.37
POL0002257,PO000412,P0211,1,161121.08,161121.08
POL0002258,PO000412,P0160,1,312576.71,312576.71
POL0002259,PO000412,P0234,1,222726.76,222726.76
POL0002260,PO000412,P0339,1,95744.15,95744.15
POL0002261,PO000413,P0005,1,1027812.42,1027812.42
POL0002262,PO000413,P0251,1,286866.75,286866.75
POL0002263,PO000413,P0391,1,227948.34,227948.34
POL0002264,PO000413,P0222,1,292389.11,292389.11
POL0002265,PO000413,P0374,1,923366.05,923366.05
POL0002266,PO000413,P0240,1,14205022.41,14205022.41
POL0002267,PO000413,P0384,1,188291.97,188291.97
POL0002268,PO000413,P0092,1,1497217.83,1497217.83
POL0002269,PO000414,P0339,1,88303.97,88303.97
POL0002270,PO000414,P0119,1,123412.4,123412.4
POL0002271,PO000414,P0348,1,87262.95,87262.95
POL0002272,PO000414,P0233,1,797142.23,797142.23
POL0002273,PO000414,P0238,1,1448603.09,1448603.09
POL0002274,PO000414,P0365,1,13257784.06,13257784.06
POL0002275,PO000414,P0245,1,82904.61,82904.61
POL0002276,PO000415,P0352,47,264.47,12430.09
POL0002277,PO000415,P0180,120,172.49,20698.8
POL0002278,PO000415,P0052,35,237.49,8312.15
POL0002279,PO000415,P0413,47,347.0,16309.0
POL0002280,PO000415,P0135,10,171.18,1711.8
POL0002281,PO000416,P0133,27,509.44,13754.88
POL0002282,PO000416,P0170,66,862.82,56946.12
POL0002283,PO000416,P0039,37,514.11,19022.07
POL0002284,PO000416,P0255,133,425.17,56547.61
POL0002285,PO000417,P0326,17,55.97,951.49
POL0002286,PO000417,P0345,49,15.99,783.51
POL0002287,PO000417,P0455,8,61.86,494.88
POL0002288,PO000417,P0364,45,150.42,6768.9
POL0002289,PO000417,P0120,9,25.08,225.72
POL0002290,PO000417,P0484,80,121.88,9750.4
POL0002291,PO000417,P0388,14,28.25,395.5
POL0002292,PO000417,P0086,39,265.9,10370.1
POL0002293,PO000418,P0348,1,92635.01,92635.01
POL0002294,PO000418,P0218,1,275606.55,275606.55
POL0002295,PO000418,P0209,1,1586872.28,1586872.28
POL0002296,PO000418,P0318,1,7988733.18,7988733.18
POL0002297,PO000419,P0151,78,41.42,3230.76
POL0002298,PO000419,P0189,1,803043.44,803043.44
POL0002299,PO000419,P0065,1,294958.42,294958.42
POL0002300,PO000419,P0007,1,115484.88,115484.88
POL0002301,PO000419,P0226,1,216090.29,216090.29
POL0002302,PO000419,P0197,1,11609581.97,11609581.97
POL0002303,PO000419,P0430,1,17702160.29,17702160.29
POL0002304,PO000419,P0296,1,6541232.72,6541232.72
POL0002305,PO000420,P0260,1,10552249.87,10552249.87
POL0002306,PO000420,P0059,1,133775.18,133775.18
POL0002307,PO000420,P0030,1,329284.78,329284.78
POL0002308,PO000420,P0471,1,184137.63,184137.63
POL0002309,PO000420,P0347,1,336529.58,336529.58
POL0002310,PO000420,P0079,1,1090663.02,1090663.02
POL0002311,PO000420,P0150,1,113923.42,113923.42
POL0002312,PO000421,P0010,16,294.84,4717.44
POL0002313,PO000421,P0393,22,1551.06,34123.32
POL0002314,PO000421,P0409,45,299.68,13485.6
POL0002315,PO000421,P0435,23,829.53,19079.19
POL0002316,PO000421,P0157,30,716.55,21496.5
POL0002317,PO000421,P0294,28,545.95,15286.6
POL0002318,PO000421,P0396,1,1199.73,1199.73
POL0002319,PO000421,P0254,78,1359.14,106012.92
POL0002320,PO000422,P0296,1,6979715.55,6979715.55
POL0002321,PO000422,P0145,1,85598.4,85598.4
POL0002322,PO000422,P0245,1,77792.7,77792.7
POL0002323,PO000422,P0322,1,12276940.4,12276940.4
POL0002324,PO000422,P0018,1,150400.62,150400.62
POL0002325,PO000422,P0375,1,765353.58,765353.58
POL0002326,PO000422,P0436,65,13.93,905.45
POL0002327,PO000423,P0043,24,46.41,1113.84
POL0002328,PO000423,P0412,14,5.79,81.06
POL0002329,PO000423,P0159,24,58.61,1406.64
POL0002330,PO000423,P0001,30,18.47,554.1
POL0002331,PO000424,P0464,99,12.66,1253.34
POL0002332,PO000424,P0229,77,84.68,6520.36
POL0002333,PO000424,P0017,42,78.76,3307.92
POL0002334,PO000424,P0227,54,24.32,1313.28
POL0002335,PO000424,P0228,31,61.44,1904.64
POL0002336,PO000424,P0248,89,34.75,3092.75
POL0002337,PO000424,P0328,61,31.08,1895.88
POL0002338,PO000424,P0103,44,39.65,1744.6
POL0002339,PO000425,P0059,1,133775.18,133775.18
POL0002340,PO000425,P0076,1,1005324.05,1005324.05
POL0002341,PO000425,P0012,1,7153902.14,7153902.14
POL0002342,PO000425,P0431,1,12353688.62,12353688.62
POL0002343,PO000425,P0353,1,168109.33,168109.33
POL0002344,PO000426,P0268,1,97384.35,97384.35
POL0002345,PO000426,P0101,1,321872.75,321872.75
POL0002346,PO000426,P0473,1,136303.54,136303.54
POL0002347,PO000426,P0079,1,1147387.79,1147387.79
POL0002348,PO000426,P0336,81,59.66,4832.46
POL0002349,PO000426,P0167,56,24.27,1359.12
POL0002350,PO000426,P0434,20,68.9,1378.0
POL0002351,PO000426,P0078,1,713152.81,713152.81
POL0002352,PO000427,P0363,54,68.16,3680.64
POL0002353,PO000427,P0372,66,16.19,1068.54
POL0002354,PO000427,P0034,43,17.69,760.67
POL0002355,PO000427,P0210,93,14.07,1308.51
POL0002356,PO000427,P0087,113,66.25,7486.25
POL0002357,PO000428,P0356,78,121.36,9466.08
POL0002358,PO000428,P0139,66,8.25,544.5
POL0002359,PO000428,P0280,37,75.86,2806.82
POL0002360,PO000428,P0496,55,79.97,4398.35
POL0002361,PO000428,P0221,24,16.53,396.72
POL0002362,PO000428,P0125,6,84.42,506.52
POL0002363,PO000428,P0480,15,104.38,1565.7
POL0002364,PO000429,P0425,26,50.19,1304.94
POL0002365,PO000429,P0450,55,6.83,375.65
POL0002366,PO000429,P0290,77,16.13,1242.01
POL0002367,PO000429,P0138,22,55.62,1223.64
POL0002368,PO000429,P0188,45,20.82,936.9
POL0002369,PO000430,P0302,91,28.25,2570.75
POL0002370,PO000430,P0248,52,34.75,1807.0
POL0002371,PO000430,P0351,16,115.93,1854.88
POL0002372,PO000430,P0342,18,95.7,1722.6
POL0002373,PO000430,P0440,107,15.85,1695.95
POL0002374,PO000430,P0139,121,8.45,1022.45
POL0002375,PO000430,P0400,94,89.55,8417.7
POL0002376,PO000431,P0484,30,121.88,3656.4
POL0002377,PO000431,P0024,113,33.42,3776.46
POL0002378,PO000431,P0086,46,265.9,12231.4
POL0002379,PO000431,P0388,11,28.25,310.75
POL0002380,PO000432,P0297,2,13.41,26.82
POL0002381,PO000432,P0138,15,55.62,834.3
POL0002382,PO000432,P0100,40,7.1,284.0
POL0002383,PO000432,P0252,68,6.43,437.24
POL0002384,PO000432,P0481,79,21.5,1698.5
POL0002385,PO000432,P0032,7,16.28,113.96
POL0002386,PO000432,P0188,37,20.82,770.34
POL0002387,PO000432,P0057,11,17.49,192.39
POL0002388,PO000433,P0120,34,25.08,852.72
POL0002389,PO000433,P0154,56,52.13,2919.28
POL0002390,PO000433,P0364,81,150.42,12184.02
POL0002391,PO000433,P0086,43,265.9,11433.7
POL0002392,PO000433,P0378,113,26.52,2996.76
POL0002393,PO000433,P0455,11,61.86,680.46
POL0002394,PO000433,P0345,61,15.99,975.39
POL0002395,PO000434,P0277,14,457.96,6411.44
POL0002396,PO000434,P0182,25,149.31,3732.75
POL0002397,PO000434,P0413,13,347.0,4511.0
POL0002398,PO000434,P0352,29,264.47,7669.63
POL0002399,PO000434,P0452,53,305.58,16195.74
POL0002400,PO000435,P0061,1,195323.7,195323.7
POL0002401,PO000435,P0018,1,142309.25,142309.25
POL0002402,PO000435,P0460,1,557990.52,557990.52
POL0002403,PO000435,P0320,96,51.11,4906.56
POL0002404,PO000435,P0012,1,7852821.88,7852821.88
POL0002405,PO000435,P0341,1,18683374.02,18683374.02
POL0002406,PO000435,P0260,1,10851518.26,10851518.26
POL0002407,PO000436,P0354,1,696871.38,696871.38
POL0002408,PO000436,P0263,23,245.47,5645.81
POL0002409,PO000436,P0293,1,12874400.23,12874400.23
POL0002410,PO000436,P0051,1,1063912.3,1063912.3
POL0002411,PO000436,P0232,1,170440.95,170440.95
POL0002412,PO000436,P0384,1,161638.46,161638.46
POL0002413,PO000436,P0007,1,126932.53,126932.53
POL0002414,PO000436,P0288,1,102971.49,102971.49
POL0002415,PO000437,P0296,1,6979715.55,6979715.55
POL0002416,PO000437,P0071,1,1127706.26,1127706.26
POL0002417,PO000437,P0132,1,1284829.08,1284829.08
POL0002418,PO000437,P0473,1,128717.43,128717.43
POL0002419,PO000437,P0148,1,15834134.75,15834134.75
POL0002420,PO000437,P0428,11,102.34,1125.74
POL0002421,PO000438,P0066,5,385.3,1926.5
POL0002422,PO000438,P0097,60,620.31,37218.6
POL0002423,PO000438,P0212,29,430.82,12493.78
POL0002424,PO000438,P0411,11,366.93,4036.23
POL0002425,PO000438,P0048,16,429.36,6869.76
POL0002426,PO000438,P0208,100,731.05,73105.0
POL0002427,PO000439,P0013,1,263476.96,263476.96
POL0002428,PO000439,P0371,1,1280561.95,1280561.95
POL0002429,PO000439,P0077,1,131377.13,131377.13
POL0002430,PO000439,P0339,1,88303.97,88303.97
POL0002431,PO000439,P0405,1,17140121.62,17140121.62
POL0002432,PO000439,P0019,1,148863.96,148863.96
POL0002433,PO000439,P0199,1,6727649.34,6727649.34
POL0002434,PO000440,P0420,1,221435.23,221435.23
POL0002435,PO000440,P0468,1,5093522.13,5093522.13
POL0002436,PO000440,P0198,1,144165.75,144165.75
POL0002437,PO000440,P0293,1,12874400.23,12874400.23
POL0002438,PO000440,P0301,1,11334160.16,11334160.16
POL0002439,PO000441,P0408,84,871.5,73206.0
POL0002440,PO000441,P0037,87,1630.21,141828.27
POL0002441,PO000441,P0040,5,1636.99,8184.95
POL0002442,PO000441,P0134,87,1415.37,123137.19
POL0002443,PO000441,P0456,78,1290.22,100637.16
POL0002444,PO000441,P0009,56,543.28,30423.68
POL0002445,PO000442,P0014,1,136100.54,136100.54
POL0002446,PO000442,P0028,1,761586.63,761586.63
POL0002447,PO000442,P0127,1,16132217.29,16132217.29
POL0002448,PO000442,P0030,1,298955.3,298955.3
POL0002449,PO000443,P0369,75,194.25,14568.75
POL0002450,PO000443,P0416,104,96.43,10028.72
POL0002451,PO000443,P0158,56,77.21,4323.76
POL0002452,PO000443,P0497,10,76.95,769.5
POL0002453,PO000443,P0111,10,7.21,72.1
POL0002454,PO000444,P0015,14,216.27,3027.78
POL0002455,PO000444,P0309,46,710.83,32698.18
POL0002456,PO000444,P0141,20,20.09,401.8
POL0002457,PO000444,P0325,9,291.99,2627.91
POL0002458,PO000444,P0262,24,495.78,11898.72
POL0002459,PO000444,P0323,51,231.25,11793.75
POL0002460,PO000444,P0304,73,251.14,18333.22
POL0002461,PO000444,P0329,67,1497.86,100356.62
POL0002462,PO000445,P0384,1,188291.97,188291.97
POL0002463,PO000445,P0082,1,117950.44,117950.44
POL0002464,PO000445,P0222,1,292389.11,292389.11
POL0002465,PO000445,P0335,1,1405336.51,1405336.51
POL0002466,PO000445,P0197,1,11715603.24,11715603.24
POL0002467,PO000445,P0307,1,1236881.52,1236881.52
POL0002468,PO000446,P0487,72,63.37,4562.64
POL0002469,PO000446,P0291,14,26.81,375.34
POL0002470,PO000446,P0239,53,100.23,5312.19
POL0002471,PO000446,P0345,11,14.73,162.03
POL0002472,PO000446,P0344,81,5.5,445.5
POL0002473,PO000447,P0363,19,68.16,1295.04
POL0002474,PO000447,P0144,63,102.28,6443.64
POL0002475,PO000447,P0113,65,252.71,16426.15
POL0002476,PO000447,P0421,26,46.29,1203.54
POL0002477,PO000447,P0074,73,13.5,985.5
POL0002478,PO000448,P0436,28,15.81,442.68
POL0002479,PO000448,P0441,52,49.17,2556.84
POL0002480,PO000448,P0455,61,61.74,3766.14
POL0002481,PO000448,P0259,47,221.66,10418.02
POL0002482,PO000448,P0381,10,216.39,2163.9
POL0002483,PO000449,P0420,1,230604.2,230604.2
POL0002484,PO000449,P0279,1,8024840.53,8024840.53
POL0002485,PO000449,P0004,1,206391.17,206391.17
POL0002486,PO000449,P0473,1,125876.42,125876.42
POL0002487,PO000449,P0492,1,91460.99,91460.99
POL0002488,PO000450,P0365,1,13257784.06,13257784.06
POL0002489,PO000450,P0434,6,68.9,413.4
POL0002490,PO000450,P0391,1,237849.4,237849.4
POL0002491,PO000450,P0013,1,263476.96,263476.96
POL0002492,PO000450,P0361,1,203336.59,203336.59
POL0002493,PO000450,P0340,1,156840.33,156840.33
POL0002494,PO000450,P0132,1,1262977.63,1262977.63
POL0002495,PO000450,P0245,1,82904.61,82904.61
POL0002496,PO000451,P0326,44,55.97,2462.68
POL0002497,PO000451,P0202,64,68.38,4376.32
POL0002498,PO000451,P0086,23,265.9,6115.7
POL0002499,PO000451,P0024,79,33.42,2640.18
POL0002500,PO000451,P0484,111,121.88,13528.68
POL0002501,PO000451,P0455,21,61.86,1299.06
POL0002502,PO000451,P0378,148,26.52,3924.96
POL0002503,PO000451,P0345,58,15.99,927.42
POL0002504,PO000452,P0216,102,426.43,43495.86
POL0002505,PO000452,P0266,1,286.1,286.1
POL0002506,PO000452,P0359,58,263.06,15257.48
POL0002507,PO000452,P0202,8,67.14,537.12
POL0002508,PO000452,P0448,12,460.68,5528.16
POL0002509,PO000453,P0154,10,50.37,503.7
POL0002510,PO000453,P0400,43,100.44,4318.92
POL0002511,PO000453,P0086,18,266.01,4788.18
POL0002512,PO000453,P0259,40,221.66,8866.4
POL0002513,PO000454,P0288,1,109274.41,109274.41
POL0002514,PO000454,P0013,1,274511.39,274511.39
POL0002515,PO000454,P0243,1,253184.52,253184.52
POL0002516,PO000454,P0148,1,15834134.75,15834134.75
POL0002517,PO000454,P0018,1,150400.62,150400.62
POL0002518,PO000454,P0307,1,1168387.79,1168387.79
POL0002519,PO000454,P0296,1,6979715.55,6979715.55
POL0002520,PO000454,P0340,1,171341.58,171341.58
POL0002521,PO000455,P0321,1,17019700.99,17019700.99
POL0002522,PO000455,P0197,1,12147612.44,12147612.44
POL0002523,PO000455,P0243,1,253184.52,253184.52
POL0002524,PO000455,P0131,1,490954.24,490954.24
POL0002525,PO000455,P0198,1,128916.03,128916.03
POL0002526,PO000456,P0167,42,24.83,1042.86
POL0002527,PO000456,P0465,15,7.62,114.3
POL0002528,PO000456,P0466,44,6.35,279.4
POL0002529,PO000456,P0138,22,55.62,1223.64
POL0002530,PO000456,P0192,15,41.51,622.65
POL0002531,PO000456,P0121,57,6.72,383.04
POL0002532,PO000456,P0252,113,6.43,726.59
POL0002533,PO000456,P0337,28,10.26,287.28
POL0002534,PO000457,P0455,48,61.74,2963.52
POL0002535,PO000457,P0154,28,50.37,1410.36
POL0002536,PO000457,P0400,36,100.44,3615.84
POL0002537,PO000457,P0436,13,15.81,205.53
POL0002538,PO000457,P0478,94,41.59,3909.46
POL0002539,PO000457,P0086,16,266.01,4256.16
POL0002540,PO000457,P0259,14,221.66,3103.24
POL0002541,PO000458,P0340,1,171341.58,171341.58
POL0002542,PO000458,P0071,1,1127706.26,1127706.26
POL0002543,PO000458,P0354,1,642479.54,642479.54
POL0002544,PO000458,P0124,1,264915.01,264915.01
POL0002545,PO000458,P0131,1,490954.24,490954.24
POL0002546,PO000458,P0069,1,15691089.36,15691089.36
POL0002547,PO000458,P0403,1,152597.06,152597.06
POL0002548,PO000459,P0142,94,92.43,8688.42
POL0002549,PO000459,P0153,18,14.95,269.1
POL0002550,PO000459,P0236,47,5.46,256.62
POL0002551,PO000459,P0203,35,28.73,1005.55
POL0002552,PO000460,P0263,19,245.47,4663.93
POL0002553,PO000460,P0012,1,7852821.88,7852821.88
POL0002554,PO000460,P0341,1,18683374.02,18683374.02
POL0002555,PO000460,P0222,1,269000.7,269000.7
POL0002556,PO000460,P0119,1,123412.4,123412.4
POL0002557,PO000460,P0069,1,16574921.51,16574921.51
POL0002558,PO000460,P0025,1,6751520.96,6751520.96
POL0002559,PO000461,P0131,1,507815.43,507815.43
POL0002560,PO000461,P0011,1,1359053.82,1359053.82
POL0002561,PO000461,P0240,1,14476882.55,14476882.55
POL0002562,PO000461,P0226,1,216090.29,216090.29
POL0002563,PO000461,P0143,1,194490.0,194490.0
POL0002564,PO000461,P0211,1,162084.06,162084.06
POL0002565,PO000461,P0105,1,1268415.26,1268415.26
POL0002566,PO000461,P0072,1,4515489.92,4515489.92
POL0002567,PO000462,P0169,1,150880.99,150880.99
POL0002568,PO000462,P0278,1,16182712.54,16182712.54
POL0002569,PO000462,P0011,1,1423503.45,1423503.45
POL0002570,PO000462,P0476,92,36.93,3397.56
POL0002571,PO000462,P0148,1,15834134.75,15834134.75
POL0002572,PO000462,P0473,1,128717.43,128717.43
POL0002573,PO000462,P0260,1,10552249.87,10552249.87
POL0002574,PO000462,P0342,38,100.31,3811.78
POL0002575,PO000463,P0381,13,216.39,2813.07
POL0002576,PO000463,P0441,44,49.17,2163.48
POL0002577,PO000463,P0259,19,221.66,4211.54
POL0002578,PO000463,P0154,22,50.37,1108.14
POL0002579,PO000463,P0400,39,100.44,3917.16
POL0002580,PO000463,P0320,1,50.65,50.65
POL0002581,PO000463,P0436,38,15.81,600.78
POL0002582,PO000464,P0214,24,7.92,190.08
POL0002583,PO000464,P0312,44,52.84,2324.96
POL0002584,PO000464,P0141,109,21.05,2294.45
POL0002585,PO000464,P0250,60,41.7,2502.0
POL0002586,PO000464,P0228,60,61.44,3686.4
POL0002587,PO000464,P0440,31,15.85,491.35
POL0002588,PO000464,P0461,1,40.78,40.78
POL0002589,PO000465,P0324,131,466.84,61156.04
POL0002590,PO000465,P0447,21,565.54,11876.34
POL0002591,PO000465,P0149,50,1377.89,68894.5
POL0002592,PO000465,P0137,25,1166.87,29171.75
POL0002593,PO000465,P0157,27,714.97,19304.19
POL0002594,PO000465,P0015,18,216.27,3892.86
POL0002595,PO000466,P0121,95,6.72,638.4
POL0002596,PO000466,P0425,7,50.19,351.33
POL0002597,PO000466,P0029,32,14.89,476.48
POL0002598,PO000466,P0362,149,18.51,2757.99
POL0002599,PO000466,P0424,81,51.61,4180.41
POL0002600,PO000467,P0205,39,274.88,10720.32
POL0002601,PO000467,P0398,46,580.33,26695.18
POL0002602,PO000467,P0304,40,246.12,9844.8
POL0002603,PO000468,P0442,74,112.54,8327.96
POL0002604,PO000468,P0139,75,8.45,633.75
POL0002605,PO000468,P0464,78,12.66,987.48
POL0002606,PO000468,P0414,18,10.79,194.22
POL0002607,PO000468,P0227,71,24.32,1726.72
POL0002608,PO000468,P0312,20,52.84,1056.8
POL0002609,PO000468,P0187,89,104.02,9257.78
POL0002610,PO000468,P0153,9,16.05,144.45
POL0002611,PO000469,P0388,7,28.25,197.75
POL0002612,PO000469,P0154,26,52.13,1355.38
POL0002613,PO000469,P0202,93,68.38,6359.34
POL0002614,PO000469,P0086,38,265.9,10104.2
POL0002615,PO000469,P0326,48,55.97,2686.56
POL0002616,PO000469,P0120,16,25.08,401.28
POL0002617,PO000469,P0024,121,33.42,4043.82
POL0002618,PO000469,P0364,49,150.42,7370.58
POL0002619,PO000470,P0381,29,216.39,6275.31
POL0002620,PO000470,P0320,1,50.65,50.65
POL0002621,PO000470,P0086,38,266.01,10108.38
POL0002622,PO000471,P0381,37,216.39,8006.43
POL0002623,PO000471,P0320,1,50.65,50.65
POL0002624,PO000471,P0154,23,50.37,1158.51
POL0002625,PO000471,P0441,39,49.17,1917.63
POL0002626,PO000471,P0436,23,15.81,363.63
POL0002627,PO000471,P0259,26,221.66,5763.16
POL0002628,PO000471,P0400,42,100.44,4218.48
POL0002629,PO000471,P0478,66,41.59,2744.94
POL0002630,PO000472,P0311,53,199.22,10558.66
POL0002631,PO000472,P0188,34,20.82,707.88
POL0002632,PO000472,P0057,13,17.49,227.37
POL0002633,PO000472,P0407,53,14.25,755.25
POL0002634,PO000473,P0062,24,15.86,380.64
POL0002635,PO000473,P0252,52,6.43,334.36
POL0002636,PO000473,P0286,31,63.39,1965.09
POL0002637,PO000473,P0032,7,16.28,113.96
POL0002638,PO000473,P0057,49,17.49,857.01
POL0002639,PO000473,P0402,3,7.59,22.77
POL0002640,PO000474,P0303,1,491270.84,491270.84
POL0002641,PO000474,P0091,1,174233.87,174233.87
POL0002642,PO000474,P0336,25,59.66,1491.5
POL0002643,PO000474,P0361,1,203336.59,203336.59
POL0002644,PO000474,P0474,1,932593.41,932593.41
POL0002645,PO000474,P0365,1,13257784.06,13257784.06
POL0002646,PO000475,P0024,79,33.42,2640.18
POL0002647,PO000475,P0326,43,55.97,2406.71
POL0002648,PO000475,P0202,54,68.38,3692.52
POL0002649,PO000475,P0086,47,265.9,12497.3
POL0002650,PO000476,P0290,33,16.13,532.29
POL0002651,PO000476,P0425,22,50.19,1104.18
POL0002652,PO000476,P0489,27,11.19,302.13
POL0002653,PO000476,P0286,52,63.39,3296.28
POL0002654,PO000477,P0026,28,242.51,6790.28
POL0002655,PO000477,P0454,24,518.59,12446.16
POL0002656,PO000477,P0192,100,36.81,3681.0
POL0002657,PO000477,P0351,15,128.03,1920.45
POL0002658,PO000477,P0452,27,305.58,8250.66
POL0002659,PO000477,P0084,63,200.65,12640.95
POL0002660,PO000477,P0336,45,56.41,2538.45
POL0002661,PO000477,P0270,110,518.33,57016.3
POL0002662,PO000478,P0402,9,7.59,68.31
POL0002663,PO000478,P0167,31,24.83,769.73
POL0002664,PO000478,P0027,1,14.01,14.01
POL0002665,PO000478,P0489,26,11.19,290.94
POL0002666,PO000478,P0366,25,9.45,236.25
POL0002667,PO000478,P0068,24,7.11,170.64
POL0002668,PO000478,P0138,20,55.62,1112.4
POL0002669,PO000479,P0422,1,14469048.8,14469048.8
POL0002670,PO000479,P0460,1,557990.52,557990.52
POL0002671,PO000479,P0263,47,245.47,11537.09
POL0002672,PO000479,P0077,1,131377.13,131377.13
POL0002673,PO000479,P0128,1,16961732.74,16961732.74
POL0002674,PO000479,P0132,1,1262977.63,1262977.63
POL0002675,PO000479,P0245,1,82904.61,82904.61
POL0002676,PO000479,P0101,1,321872.75,321872.75
POL0002677,PO000480,P0426,61,810.56,49444.16
POL0002678,PO000480,P0294,54,528.06,28515.24
POL0002679,PO000480,P0284,57,1428.56,81427.92
POL0002680,PO000480,P0031,8,341.23,2729.84
POL0002681,PO000480,P0112,21,642.2,13486.2
POL0002682,PO000480,P0393,29,1449.38,42032.02
POL0002683,PO000481,P0160,1,312576.71,312576.71
POL0002684,PO000481,P0307,1,1168387.79,1168387.79
POL0002685,PO000481,P0260,1,10552249.87,10552249.87
POL0002686,PO000481,P0143,1,182840.72,182840.72
POL0002687,PO000481,P0059,1,133775.18,133775.18
POL0002688,PO000481,P0218,1,277521.72,277521.72
POL0002689,PO000481,P0226,1,243318.83,243318.83
POL0002690,PO000481,P0131,1,490954.24,490954.24
POL0002691,PO000482,P0016,1,1107982.97,1107982.97
POL0002692,PO000482,P0431,1,11328123.52,11328123.52
POL0002693,PO000482,P0474,1,947184.85,947184.85
POL0002694,PO000482,P0168,1,776041.08,776041.08
POL0002695,PO000482,P0105,1,1268415.26,1268415.26
POL0002696,PO000482,P0160,1,311680.89,311680.89
POL0002697,PO000483,P0259,26,229.08,5956.08
POL0002698,PO000483,P0009,90,574.55,51709.5
POL0002699,PO000483,P0204,82,53.86,4416.52
POL0002700,PO000483,P0273,49,274.37,13444.13
POL0002701,PO000483,P0445,138,457.84,63181.92
POL0002702,PO000484,P0267,8,44.95,359.6
POL0002703,PO000484,P0111,39,7.78,303.42
POL0002704,PO000484,P0038,26,13.94,362.44
POL0002705,PO000484,P0153,22,16.05,353.1
POL0002706,PO000485,P0326,50,55.97,2798.5
POL0002707,PO000485,P0202,92,68.38,6290.96
POL0002708,PO000485,P0345,21,15.99,335.79
POL0002709,PO000485,P0455,17,61.86,1051.62
POL0002710,PO000485,P0086,28,265.9,7445.2
POL0002711,PO000485,P0154,31,52.13,1616.03
POL0002712,PO000486,P0485,1,134510.18,134510.18
POL0002713,PO000486,P0119,1,132199.74,132199.74
POL0002714,PO000486,P0494,1,1444541.38,1444541.38
POL0002715,PO000486,P0163,1,87893.94,87893.94
POL0002716,PO000487,P0086,41,265.9,10901.9
POL0002717,PO000487,P0345,36,15.99,575.64
POL0002718,PO000487,P0364,32,150.42,4813.44
POL0002719,PO000487,P0378,98,26.52,2598.96
POL0002720,PO000487,P0388,10,28.25,282.5
POL0002721,PO000487,P0154,18,52.13,938.34
POL0002722,PO000487,P0326,32,55.97,1791.04
POL0002723,PO000487,P0202,73,68.38,4991.74
POL0002724,PO000488,P0394,52,10.89,566.28
POL0002725,PO000488,P0070,24,21.35,512.4
POL0002726,PO000488,P0252,35,6.43,225.05
POL0002727,PO000488,P0402,6,7.59,45.54
POL0002728,PO000488,P0068,32,7.11,227.52
POL0002729,PO000488,P0029,99,14.89,1474.11
POL0002730,PO000488,P0192,14,41.51,581.14
POL0002731,PO000488,P0032,10,16.28,162.8
POL0002732,PO000489,P0295,70,11.81,826.7
POL0002733,PO000489,P0350,15,11.71,175.65
POL0002734,PO000489,P0153,14,16.05,224.7
POL0002735,PO000489,P0087,21,68.28,1433.88
POL0002736,PO000489,P0357,52,18.61,967.72
POL0002737,PO000489,P0038,43,13.94,599.42
POL0002738,PO000490,P0413,40,347.0,13880.0
POL0002739,PO000490,P0349,5,394.27,1971.35
POL0002740,PO000490,P0454,28,518.59,14520.52
POL0002741,PO000490,P0351,24,128.03,3072.72
POL0002742,PO000490,P0270,116,518.33,60126.28
POL0002743,PO000490,P0343,48,159.34,7648.32
POL0002744,PO000490,P0050,8,251.12,2008.96
POL0002745,PO000490,P0052,59,237.49,14011.91
POL0002746,PO000491,P0394,63,10.89,686.07
POL0002747,PO000491,P0407,29,14.25,413.25
POL0002748,PO000491,P0068,19,7.11,135.09
POL0002749,PO000491,P0355,21,21.46,450.66
POL0002750,PO000491,P0406,88,9.98,878.24
POL0002751,PO000491,P0465,13,7.62,99.06
POL0002752,PO000491,P0062,31,15.86,491.66
POL0002753,PO000492,P0320,1,50.65,50.65
POL0002754,PO000492,P0259,34,221.66,7536.44
POL0002755,PO000492,P0478,87,41.59,3618.33
POL0002756,PO000492,P0436,40,15.81,632.4
POL0002757,PO000492,P0381,39,216.39,8439.21
POL0002758,PO000493,P0226,1,213860.72,213860.72
POL0002759,PO000493,P0307,1,1236881.52,1236881.52
POL0002760,PO000493,P0384,1,188291.97,188291.97
POL0002761,PO000494,P0388,15,28.25,423.75
POL0002762,PO000494,P0154,35,52.13,1824.55
POL0002763,PO000494,P0024,80,33.42,2673.6
POL0002764,PO000494,P0326,17,55.97,951.49
POL0002765,PO000494,P0484,96,121.88,11700.48
POL0002766,PO000495,P0381,11,216.39,2380.29
POL0002767,PO000495,P0455,31,61.74,1913.94
POL0002768,PO000495,P0400,48,100.44,4821.12
POL0002769,PO000495,P0441,74,49.17,3638.58
POL0002770,PO000496,P0282,117,396.39,46377.63
POL0002771,PO000496,P0298,70,84.76,5933.2
POL0002772,PO000496,P0093,26,833.85,21680.1
POL0002773,PO000496,P0037,43,1630.21,70099.03
POL0002774,PO000496,P0401,43,1290.37,55485.91
POL0002775,PO000496,P0398,16,595.68,9530.88
POL0002776,PO000496,P0031,5,341.23,1706.15
POL0002777,PO000497,P0386,54,384.7,20773.8
POL0002778,PO000497,P0135,10,171.18,1711.8
POL0002779,PO000497,P0020,14,371.51,5201.14
POL0002780,PO000497,P0270,58,518.33,30063.14
POL0002781,PO000497,P0336,124,56.41,6994.84
POL0002782,PO000497,P0050,9,251.12,2260.08
POL0002783,PO000498,P0288,1,102971.49,102971.49
POL0002784,PO000498,P0341,1,18683374.02,18683374.02
POL0002785,PO000498,P0431,1,11104599.76,11104599.76
POL0002786,PO000498,P0076,1,948734.25,948734.25
POL0002787,PO000498,P0348,1,87262.95,87262.95
POL0002788,PO000498,P0025,1,6751520.96,6751520.96
POL0002789,PO000498,P0078,1,713152.81,713152.81
POL0002790,PO000498,P0268,1,97384.35,97384.35
POL0002791,PO000499,P0199,1,6727649.34,6727649.34
POL0002792,PO000499,P0260,1,10851518.26,10851518.26
POL0002793,PO000499,P0473,1,136303.54,136303.54
POL0002794,PO000499,P0091,1,174233.87,174233.87
POL0002795,PO000499,P0431,1,11104599.76,11104599.76
POL0002796,PO000499,P0191,16,50.69,811.04
POL0002797,PO000500,P0343,91,159.34,14499.94
POL0002798,PO000500,P0399,88,434.36,38223.68
POL0002799,PO000500,P0035,39,351.44,13706.16
POL0002800,PO000500,P0180,97,172.49,16731.53
POL0002801,PO000501,P0081,44,12.35,543.4
POL0002802,PO000501,P0297,2,13.41,26.82
POL0002803,PO000501,P0394,67,10.89,729.63
POL0002804,PO000501,P0311,137,199.22,27293.14
POL0002805,PO000501,P0057,15,17.49,262.35
POL0002806,PO000501,P0489,12,11.19,134.28
POL0002807,PO000501,P0407,11,14.25,156.75
POL0002808,PO000501,P0027,1,14.01,14.01
POL0002809,PO000502,P0259,51,221.66,11304.66
POL0002810,PO000502,P0455,29,61.74,1790.46
POL0002811,PO000502,P0400,17,100.44,1707.48
POL0002812,PO000502,P0478,41,41.59,1705.19
POL0002813,PO000502,P0086,9,266.01,2394.09
POL0002814,PO000502,P0441,28,49.17,1376.76
POL0002815,PO000503,P0186,77,62.27,4794.79
POL0002816,PO000503,P0089,16,8.39,134.24
POL0002817,PO000503,P0421,80,48.09,3847.2
POL0002818,PO000503,P0022,19,71.95,1367.05
POL0002819,PO000503,P0453,24,69.83,1675.92
POL0002820,PO000503,P0229,16,84.68,1354.88
POL0002821,PO000503,P0280,11,75.54,830.94
POL0002822,PO000504,P0076,1,1005324.05,1005324.05
POL0002823,PO000504,P0124,1,264915.01,264915.01
POL0002824,PO000504,P0468,1,4558378.37,4558378.37
POL0002825,PO000504,P0361,1,211824.36,211824.36
POL0002826,PO000504,P0197,1,12147612.44,12147612.44
POL0002827,PO000504,P0047,4,70.39,281.56
POL0002828,PO000504,P0012,1,7153902.14,7153902.14
POL0002829,PO000505,P0411,28,366.93,10274.04
POL0002830,PO000505,P0456,87,1290.22,112249.14
POL0002831,PO000505,P0040,7,1636.99,11458.93
POL0002832,PO000506,P0366,73,9.45,689.85
POL0002833,PO000506,P0056,129,4.94,637.26
POL0002834,PO000506,P0311,145,199.22,28886.9
POL0002835,PO000507,P0276,1,122752.86,122752.86
POL0002836,PO000507,P0071,1,1026457.46,1026457.46
POL0002837,PO000507,P0128,1,16961732.74,16961732.74
POL0002838,PO000507,P0232,1,170440.95,170440.95
POL0002839,PO000508,P0118,4,53.71,214.84
POL0002840,PO000508,P0360,54,22.97,1240.38
POL0002841,PO000508,P0111,22,7.21,158.62
POL0002842,PO000509,P0429,48,443.57,21291.36
POL0002843,PO000509,P0262,16,495.78,7932.48
POL0002844,PO000509,P0282,59,396.39,23387.01
POL0002845,PO000509,P0435,35,880.14,30804.9
POL0002846,PO000509,P0066,4,385.3,1541.2
POL0002847,PO000509,P0309,33,710.83,23457.39
POL0002848,PO000509,P0419,73,1373.67,100277.91
POL0002849,PO000510,P0305,1,1214467.32,1214467.32
POL0002850,PO000510,P0053,1,18867694.61,18867694.61
POL0002851,PO000510,P0384,1,188291.97,188291.97
POL0002852,PO000510,P0334,47,55.3,2599.1
POL0002853,PO000510,P0238,1,1418008.28,1418008.28
POL0002854,PO000510,P0078,1,721366.72,721366.72
POL0002855,PO000511,P0370,1,149339.63,149339.63
POL0002856,PO000511,P0375,1,685993.55,685993.55
POL0002857,PO000511,P0348,1,92635.01,92635.01
POL0002858,PO000511,P0306,1,163911.49,163911.49
POL0002859,PO000511,P0384,1,188291.97,188291.97
POL0002860,PO000511,P0389,1,72733.18,72733.18
POL0002861,PO000511,P0218,1,275606.55,275606.55
POL0002862,PO000511,P0347,1,325088.96,325088.96
POL0002863,PO000512,P0218,1,277521.72,277521.72
POL0002864,PO000512,P0321,1,17019700.99,17019700.99
POL0002865,PO000512,P0307,1,1168387.79,1168387.79
POL0002866,PO000512,P0245,1,77792.7,77792.7
POL0002867,PO000512,P0124,1,264915.01,264915.01
POL0002868,PO000513,P0373,31,377.15,11691.65
POL0002869,PO000513,P0376,38,535.38,20344.44
POL0002870,PO000513,P0304,71,246.12,17474.52
POL0002871,PO000513,P0433,72,717.64,51670.08
POL0002872,PO000513,P0254,77,1359.14,104653.78
POL0002873,PO000513,P0134,28,1266.98,35475.44
POL0002874,PO000513,P0212,102,420.2,42860.4
POL0002875,PO000513,P0299,21,734.05,15415.05
POL0002876,PO000514,P0356,38,121.36,4611.68
POL0002877,PO000514,P0283,45,91.07,4098.15
POL0002878,PO000514,P0499,9,45.74,411.66
POL0002879,PO000514,P0493,104,7.27,756.08
POL0002880,PO000514,P0415,32,16.25,520.0
POL0002881,PO000514,P0146,28,69.75,1953.0
POL0002882,PO000514,P0230,95,39.94,3794.3
POL0002883,PO000514,P0338,7,33.31,233.17
POL0002884,PO000515,P0196,56,46.81,2621.36
POL0002885,PO000515,P0493,94,7.27,683.38
POL0002886,PO000515,P0034,88,17.69,1556.72
POL0002887,PO000515,P0041,63,106.03,6679.89
POL0002888,PO000516,P0145,1,85598.4,85598.4
POL0002889,PO000516,P0019,1,129009.25,129009.25
POL0002890,PO000516,P0313,114,248.13,28286.82
POL0002891,PO000517,P0318,1,7988733.18,7988733.18
POL0002892,PO000517,P0233,1,714901.28,714901.28
POL0002893,PO000517,P0124,1,256940.28,256940.28
POL0002894,PO000517,P0177,1,131979.25,131979.25
POL0002895,PO000517,P0122,1,110618.64,110618.64
POL0002896,PO000518,P0411,22,366.93,8072.46
POL0002897,PO000518,P0157,62,714.97,44328.14
POL0002898,PO000518,P0195,13,944.97,12284.61
POL0002899,PO000518,P0066,6,385.3,2311.8
POL0002900,PO000518,P0458,47,612.11,28769.17
POL0002901,PO000518,P0258,38,520.4,19775.2
POL0002902,PO000518,P0149,114,1377.89,157079.46
POL0002903,PO000519,P0280,7,75.54,528.78
POL0002904,PO000519,P0165,46,98.63,4536.98
POL0002905,PO000519,P0356,102,117.88,12023.76
POL0002906,PO000519,P0480,30,99.49,2984.7
POL0002907,PO000519,P0470,24,34.1,818.4
POL0002908,PO000519,P0302,69,28.25,1949.25
POL0002909,PO000520,P0180,70,172.49,12074.3
POL0002910,PO000520,P0352,67,264.47,17719.49
POL0002911,PO000520,P0049,17,348.3,5921.1
POL0002912,PO000520,P0067,110,383.3,42163.0
POL0002913,PO000520,P0500,120,207.94,24952.8
POL0002914,PO000520,P0454,8,518.59,4148.72
POL0002915,PO000520,P0336,91,56.41,5133.31
POL0002916,PO000520,P0052,124,237.49,29448.76
POL0002917,PO000521,P0100,20,7.1,142.0
POL0002918,PO000521,P0297,8,13.41,107.28
POL0002919,PO000521,P0138,23,55.62,1279.26
POL0002920,PO000521,P0070,28,21.35,597.8
POL0002921,PO000521,P0469,7,21.02,147.14
POL0002922,PO000522,P0068,19,7.11,135.09
POL0002923,PO000522,P0311,128,199.22,25500.16
POL0002924,PO000522,P0406,61,9.98,608.78
POL0002925,PO000522,P0337,21,10.26,215.46
POL0002926,PO000522,P0056,107,4.94,528.58
POL0002927,PO000522,P0290,50,16.13,806.5
POL0002928,PO000522,P0450,80,6.83,546.4
POL0002929,PO000523,P0391,1,227948.34,227948.34
POL0002930,PO000523,P0163,1,87893.94,87893.94
POL0002931,PO000523,P0131,1,484227.91,484227.91
POL0002932,PO000523,P0314,67,45.2,3028.4
POL0002933,PO000523,P0417,1,196910.89,196910.89
POL0002934,PO000523,P0082,1,117950.44,117950.44
POL0002935,PO000524,P0388,17,28.25,480.25
POL0002936,PO000524,P0024,51,33.42,1704.42
POL0002937,PO000524,P0120,32,25.08,802.56
POL0002938,PO000524,P0378,40,26.52,1060.8
POL0002939,PO000524,P0202,123,68.38,8410.74
POL0002940,PO000524,P0326,54,55.97,3022.38
POL0002941,PO000524,P0484,61,121.88,7434.68
POL0002942,PO000525,P0057,16,17.49,279.84
POL0002943,PO000525,P0121,60,6.72,403.2
POL0002944,PO000525,P0068,11,7.11,78.21
POL0002945,PO000525,P0337,66,10.26,677.16
POL0002946,PO000526,P0061,1,195323.7,195323.7
POL0002947,PO000526,P0361,1,203336.59,203336.59
POL0002948,PO000526,P0348,1,87262.95,87262.95
POL0002949,PO000526,P0120,72,26.83,1931.76
POL0002950,PO000526,P0268,1,97384.35,97384.35
POL0002951,PO000526,P0405,1,17140121.62,17140121.62
POL0002952,PO000526,P0076,1,948734.25,948734.25
POL0002953,PO000526,P0028,1,843058.76,843058.76
POL0002954,PO000527,P0273,32,274.37,8779.84
POL0002955,PO000527,P0137,29,1133.92,32883.68
POL0002956,PO000527,P0256,24,893.72,21449.28
POL0002957,PO000527,P0419,16,1433.51,22936.16
POL0002958,PO000527,P0134,77,1266.98,97557.46
POL0002959,PO000528,P0259,21,229.08,4810.68
POL0002960,PO000528,P0323,39,257.07,10025.73
POL0002961,PO000528,P0246,1,47.69,47.69
POL0002962,PO000528,P0033,8,454.96,3639.68
POL0002963,PO000528,P0031,44,330.23,14530.12
POL0002964,PO000529,P0227,94,24.32,2286.08
POL0002965,PO000529,P0467,98,13.19,1292.62
POL0002966,PO000529,P0383,40,25.83,1033.2
POL0002967,PO000529,P0295,41,11.81,484.21
POL0002968,PO000529,P0363,10,68.91,689.1
POL0002969,PO000529,P0001,4,16.74,66.96
POL0002970,PO000530,P0088,1,884116.1,884116.1
POL0002971,PO000530,P0293,1,14457426.38,14457426.38
POL0002972,PO000530,P0460,1,567489.58,567489.58
POL0002973,PO000531,P0241,102,458.92,46809.84
POL0002974,PO000531,P0401,59,1290.37,76131.83
POL0002975,PO000531,P0237,16,368.41,5894.56
POL0002976,PO000531,P0255,22,407.35,8961.7
POL0002977,PO000531,P0205,16,275.33,4405.28
POL0002978,PO000531,P0438,71,514.36,36519.56
POL0002979,PO000531,P0063,75,547.09,41031.75
POL0002980,PO000532,P0422,1,14469048.8,14469048.8
POL0002981,PO000532,P0059,1,144157.5,144157.5
POL0002982,PO000532,P0132,1,1262977.63,1262977.63
POL0002983,PO000533,P0086,46,265.9,12231.4
POL0002984,PO000533,P0378,51,26.52,1352.52
POL0002985,PO000533,P0154,58,52.13,3023.54
POL0002986,PO000533,P0326,39,55.97,2182.83
POL0002987,PO000534,P0291,25,26.81,670.25
POL0002988,PO000534,P0444,68,83.85,5701.8
POL0002989,PO000534,P0213,61,53.33,3253.13
POL0002990,PO000534,P0118,9,53.71,483.39
POL0002991,PO000535,P0378,50,23.84,1192.0
POL0002992,PO000535,P0323,38,231.25,8787.5
POL0002993,PO000535,P0237,12,368.41,4420.92
POL0002994,PO000535,P0164,9,512.51,4612.59
POL0002995,PO000536,P0295,29,11.6,336.4
POL0002996,PO000536,P0215,71,16.53,1173.63
POL0002997,PO000536,P0094,57,95.93,5468.01
POL0002998,PO000536,P0421,26,46.29,1203.54
POL0002999,PO000536,P0487,101,63.37,6400.37
POL0003000,PO000537,P0154,25,50.37,1259.25
POL0003001,PO000537,P0259,23,221.66,5098.18
POL0003002,PO000537,P0381,39,216.39,8439.21
POL0003003,PO000537,P0400,19,100.44,1908.36
POL0003004,PO000537,P0436,17,15.81,268.77
POL0003005,PO000537,P0455,34,61.74,2099.16
POL0003006,PO000538,P0110,1,864824.96,864824.96
POL0003007,PO000538,P0340,1,156840.33,156840.33
POL0003008,PO000538,P0092,1,1691613.39,1691613.39
POL0003009,PO000539,P0051,1,997169.4,997169.4
POL0003010,PO000539,P0494,1,1444541.38,1444541.38
POL0003011,PO000539,P0018,1,152039.28,152039.28
POL0003012,PO000539,P0485,1,134510.18,134510.18
POL0003013,PO000539,P0233,1,714901.28,714901.28
POL0003014,PO000540,P0470,16,34.1,545.6
POL0003015,PO000540,P0186,85,62.27,5292.95
POL0003016,PO000540,P0158,133,76.3,10147.9
POL0003017,PO000540,P0094,33,93.89,3098.37
POL0003018,PO000540,P0344,8,5.66,45.28
POL0003019,PO000541,P0068,26,7.11,184.86
POL0003020,PO000541,P0121,114,6.72,766.08
POL0003021,PO000541,P0465,6,7.62,45.72
POL0003022,PO000541,P0425,21,50.19,1053.99
POL0003023,PO000541,P0192,8,41.51,332.08
POL0003024,PO000542,P0113,16,247.3,3956.8
POL0003025,PO000542,P0413,28,347.0,9716.0
POL0003026,PO000542,P0064,81,532.78,43155.18
POL0003027,PO000542,P0351,23,128.03,2944.69
POL0003028,PO000543,P0488,33,147.18,4856.94
POL0003029,PO000543,P0349,6,394.27,2365.62
POL0003030,PO000543,P0387,130,483.25,62822.5
POL0003031,PO000543,P0410,66,591.57,39043.62
POL0003032,PO000544,P0192,12,41.51,498.12
POL0003033,PO000544,P0469,5,21.02,105.1
POL0003034,PO000544,P0425,24,50.19,1204.56
POL0003035,PO000544,P0057,45,17.49,787.05
POL0003036,PO000544,P0286,46,63.39,2915.94
POL0003037,PO000545,P0265,14,1105.86,15482.04
POL0003038,PO000545,P0133,30,509.44,15283.2
POL0003039,PO000545,P0309,21,750.41,15758.61
POL0003040,PO000545,P0325,42,319.94,13437.48
POL0003041,PO000545,P0273,75,274.37,20577.75
POL0003042,PO000545,P0311,56,191.03,10697.68
POL0003043,PO000545,P0157,14,716.55,10031.7
POL0003044,PO000545,P0316,18,366.47,6596.46
POL0003045,PO000546,P0425,10,50.19,501.9
POL0003046,PO000546,P0068,27,7.11,191.97
POL0003047,PO000546,P0406,58,9.98,578.84
POL0003048,PO000546,P0027,1,14.01,14.01
POL0003049,PO000546,P0285,46,12.88,592.48
POL0003050,PO000546,P0481,51,21.5,1096.5
POL0003051,PO000546,P0167,54,24.83,1340.82
POL0003052,PO000546,P0337,37,10.26,379.62
POL0003053,PO000547,P0335,1,1405336.51,1405336.51
POL0003054,PO000547,P0028,1,761586.63,761586.63
POL0003055,PO000547,P0218,1,275606.55,275606.55
POL0003056,PO000547,P0247,1,252767.12,252767.12
POL0003057,PO000547,P0119,1,132199.74,132199.74
POL0003058,PO000547,P0008,1,1440988.83,1440988.83
POL0003059,PO000547,P0014,1,136100.54,136100.54
POL0003060,PO000547,P0138,127,51.16,6497.32
POL0003061,PO000548,P0365,1,12090361.73,12090361.73
POL0003062,PO000548,P0082,1,127577.97,127577.97
POL0003063,PO000548,P0143,1,194490.0,194490.0
POL0003064,PO000548,P0296,1,6541232.72,6541232.72
POL0003065,PO000548,P0377,1,250687.83,250687.83
POL0003066,PO000548,P0321,1,16310573.64,16310573.64
POL0003067,PO000549,P0464,82,12.66,1038.12
POL0003068,PO000549,P0152,50,10.02,501.0
POL0003069,PO000549,P0187,71,104.02,7385.42
POL0003070,PO000549,P0184,10,81.59,815.9
POL0003071,PO000549,P0395,84,72.77,6112.68
POL0003072,PO000549,P0236,35,4.88,170.8
POL0003073,PO000550,P0497,16,76.95,1231.2
POL0003074,PO000550,P0125,10,84.42,844.2
POL0003075,PO000550,P0295,96,11.6,1113.6
POL0003076,PO000550,P0302,105,29.0,3045.0
POL0003077,PO000550,P0024,28,35.64,997.92
POL0003078,PO000550,P0225,7,77.36,541.52
POL0003079,PO000550,P0442,26,104.51,2717.26
POL0003080,PO000551,P0164,5,512.51,2562.55
POL0003081,PO000551,P0134,105,1415.37,148613.85
POL0003082,PO000551,P0329,54,1497.86,80884.44
POL0003083,PO000551,P0141,10,20.09,200.9
POL0003084,PO000551,P0107,46,635.72,29243.12
POL0003085,PO000551,P0223,68,1447.59,98436.12
POL0003086,PO000551,P0031,7,341.23,2388.61
POL0003087,PO000551,P0446,39,297.38,11597.82
POL0003088,PO000552,P0050,3,251.12,753.36
POL0003089,PO000552,P0182,13,149.31,1941.03
POL0003090,PO000552,P0202,6,67.14,402.84
POL0003091,PO000553,P0337,89,10.26,913.14
POL0003092,PO000553,P0425,24,50.19,1204.56
POL0003093,PO000553,P0032,11,16.28,179.08
POL0003094,PO000553,P0466,38,6.35,241.3
POL0003095,PO000553,P0290,63,16.13,1016.19
POL0003096,PO000553,P0424,71,51.61,3664.31
POL0003097,PO000553,P0286,82,63.39,5197.98
POL0003098,PO000554,P0323,55,231.25,12718.75
POL0003099,PO000554,P0309,42,710.83,29854.86
POL0003100,PO000554,P0157,41,714.97,29313.77
POL0003101,PO000554,P0031,7,341.23,2388.61
POL0003102,PO000554,P0258,23,520.4,11969.2
POL0003103,PO000554,P0002,9,1521.68,13695.12
POL0003104,PO000554,P0149,36,1377.89,49604.04
POL0003105,PO000554,P0429,53,443.57,23509.21
POL0003106,PO000555,P0396,1,1199.73,1199.73
POL0003107,PO000555,P0429,33,444.14,14656.62
POL0003108,PO000555,P0308,118,524.34,61872.12
POL0003109,PO000555,P0446,47,337.71,15872.37
POL0003110,PO000555,P0256,68,893.72,60772.96
POL0003111,PO000555,P0309,16,750.41,12006.56
POL0003112,PO000556,P0120,21,25.08,526.68
POL0003113,PO000556,P0484,90,121.88,10969.2
POL0003114,PO000556,P0326,45,55.97,2518.65
POL0003115,PO000556,P0086,35,265.9,9306.5
POL0003116,PO000556,P0455,20,61.86,1237.2
POL0003117,PO000557,P0076,1,948734.25,948734.25
POL0003118,PO000557,P0293,1,12874400.23,12874400.23
POL0003119,PO000557,P0260,1,10851518.26,10851518.26
POL0003120,PO000558,P0226,1,216090.29,216090.29
POL0003121,PO000558,P0405,1,16849942.03,16849942.03
POL0003122,PO000558,P0485,1,129224.23,129224.23
POL0003123,PO000558,P0169,1,131953.11,131953.11
POL0003124,PO000558,P0333,1,978686.75,978686.75
POL0003125,PO000558,P0173,1,180804.17,180804.17
POL0003126,PO000558,P0122,1,123453.98,123453.98
POL0003127,PO000558,P0430,1,17702160.29,17702160.29
POL0003128,PO000559,P0388,13,28.25,367.25
POL0003129,PO000559,P0326,17,55.97,951.49
POL0003130,PO000559,P0455,8,61.86,494.88
POL0003131,PO000559,P0378,32,26.52,848.64
POL0003132,PO000559,P0086,34,265.9,9040.6
POL0003133,PO000560,P0434,112,76.55,8573.6
POL0003134,PO000560,P0291,18,26.81,482.58
POL0003135,PO000560,P0125,5,84.42,422.1
POL0003136,PO000560,P0215,91,16.53,1504.23
POL0003137,PO000560,P0289,50,93.68,4684.0
POL0003138,PO000560,P0236,96,5.46,524.16
POL0003139,PO000560,P0383,22,27.63,607.86
POL0003140,PO000560,P0414,63,11.08,698.04
POL0003141,PO000561,P0006,89,53.82,4789.98
POL0003142,PO000561,P0351,22,115.93,2550.46
POL0003143,PO000561,P0472,65,96.78,6290.7
POL0003144,PO000561,P0467,78,13.19,1028.82
POL0003145,PO000561,P0215,105,17.43,1830.15
POL0003146,PO000561,P0363,12,68.91,826.92
POL0003147,PO000561,P0392,48,6.65,319.2
POL0003148,PO000562,P0387,76,483.25,36727.0
POL0003149,PO000562,P0500,31,207.94,6446.14
POL0003150,PO000562,P0020,10,371.51,3715.1
POL0003151,PO000562,P0351,19,128.03,2432.57
POL0003152,PO000562,P0336,102,56.41,5753.82
POL0003153,PO000562,P0452,39,305.58,11917.62
POL0003154,PO000562,P0270,75,518.33,38874.75
POL0003155,PO000562,P0359,21,263.06,5524.26
POL0003156,PO000563,P0440,42,15.25,640.5
POL0003157,PO000563,P0421,28,46.29,1296.12
POL0003158,PO000563,P0144,126,102.28,12887.28
POL0003159,PO000563,P0203,60,28.73,1723.8
POL0003160,PO000563,P0023,27,81.32,2195.64
POL0003161,PO000563,P0418,99,15.12,1496.88
POL0003162,PO000563,P0187,36,112.26,4041.36
POL0003163,PO000563,P0094,93,95.93,8921.49
POL0003164,PO000564,P0037,65,1630.21,105963.65
POL0003165,PO000564,P0170,24,885.32,21247.68
POL0003166,PO000564,P0378,87,23.84,2074.08
POL0003167,PO000564,P0458,17,612.11,10405.87
POL0003168,PO000565,P0098,86,111.55,9593.3
POL0003169,PO000565,P0363,27,68.91,1860.57
POL0003170,PO000565,P0451,28,39.26,1099.28
POL0003171,PO000565,P0302,96,28.25,2712.0
POL0003172,PO000565,P0351,32,115.93,3709.76
POL0003173,PO000566,P0446,49,297.38,14571.62
POL0003174,PO000566,P0237,7,368.41,2578.87
POL0003175,PO000566,P0036,1,1120.94,1120.94
POL0003176,PO000566,P0141,30,20.09,602.7
POL0003177,PO000566,P0284,37,1428.56,52856.72
POL0003178,PO000566,P0256,41,789.44,32367.04
POL0003179,PO000566,P0208,107,731.05,78222.35
POL0003180,PO000567,P0114,52,1426.13,74158.76
POL0003181,PO000567,P0427,12,447.28,5367.36
POL0003182,PO000567,P0443,26,287.36,7471.36
POL0003183,PO000567,P0411,54,366.93,19814.22
POL0003184,PO000568,P0460,1,526935.5,526935.5
POL0003185,PO000568,P0028,1,798430.22,798430.22
POL0003186,PO000568,P0439,1,185518.98,185518.98
POL0003187,PO000568,P0322,1,12276940.4,12276940.4
POL0003188,PO000569,P0259,30,221.66,6649.8
POL0003189,PO000569,P0086,16,266.01,4256.16
POL0003190,PO000569,P0381,21,216.39,4544.19
POL0003191,PO000570,P0378,95,26.52,2519.4
POL0003192,PO000570,P0086,37,265.9,9838.3
POL0003193,PO000570,P0154,41,52.13,2137.33
POL0003194,PO000570,P0484,100,121.88,12188.0
POL0003195,PO000570,P0364,38,150.42,5715.96
POL0003196,PO000571,P0091,1,180652.1,180652.1
POL0003197,PO000571,P0172,1,183970.29,183970.29
POL0003198,PO000571,P0013,1,274511.39,274511.39
POL0003199,PO000571,P0321,1,17019700.99,17019700.99
POL0003200,PO000571,P0197,1,12147612.44,12147612.44
POL0003201,PO000571,P0226,1,243318.83,243318.83
POL0003202,PO000571,P0471,1,184137.63,184137.63
POL0003203,PO000572,P0340,1,171341.58,171341.58
POL0003204,PO000572,P0405,1,16714897.98,16714897.98
POL0003205,PO000572,P0169,1,150880.99,150880.99
POL0003206,PO000572,P0348,1,99737.08,99737.08
POL0003207,PO000572,P0091,1,180652.1,180652.1
POL0003208,PO000572,P0078,1,697324.07,697324.07
POL0003209,PO000573,P0438,41,514.36,21088.76
POL0003210,PO000573,P0036,1,1120.94,1120.94
POL0003211,PO000573,P0147,93,833.64,77528.52
POL0003212,PO000573,P0257,38,785.22,29838.36
POL0003213,PO000573,P0433,90,776.17,69855.3
POL0003214,PO000573,P0137,52,1166.87,60677.24
POL0003215,PO000574,P0340,1,156840.33,156840.33
POL0003216,PO000574,P0076,1,948734.25,948734.25
POL0003217,PO000574,P0251,1,284820.02,284820.02
POL0003218,PO000574,P0320,68,51.11,3475.48
POL0003219,PO000575,P0203,70,28.73,2011.1
POL0003220,PO000575,P0295,65,11.6,754.0
POL0003221,PO000575,P0115,10,85.41,854.1
POL0003222,PO000575,P0392,80,6.99,559.2
POL0003223,PO000575,P0236,43,5.46,234.78
POL0003224,PO000575,P0496,42,79.97,3358.74
POL0003225,PO000576,P0409,83,299.68,24873.44
POL0003226,PO000576,P0443,108,302.48,32667.84
POL0003227,PO000576,P0195,22,941.58,20714.76
POL0003228,PO000576,P0498,79,829.06,65495.74
POL0003229,PO000576,P0254,79,1359.14,107372.06
POL0003230,PO000576,P0272,20,1391.11,27822.2
POL0003231,PO000577,P0481,81,21.5,1741.5
POL0003232,PO000577,P0062,19,15.86,301.34
POL0003233,PO000577,P0056,36,4.94,177.84
POL0003234,PO000577,P0407,47,14.25,669.75
POL0003235,PO000577,P0167,13,24.83,322.79
POL0003236,PO000577,P0466,24,6.35,152.4
POL0003237,PO000577,P0027,1,14.01,14.01
POL0003238,PO000577,P0465,7,7.62,53.34
POL0003239,PO000578,P0320,56,51.11,2862.16
POL0003240,PO000578,P0303,1,491270.84,491270.84
POL0003241,PO000578,P0028,1,843058.76,843058.76
POL0003242,PO000579,P0202,5,67.14,335.7
POL0003243,PO000579,P0156,62,237.13,14702.06
POL0003244,PO000579,P0135,10,171.18,1711.8
POL0003245,PO000579,P0270,98,518.33,50796.34
POL0003246,PO000579,P0457,20,437.44,8748.8
POL0003247,PO000579,P0216,91,426.43,38805.13
POL0003248,PO000579,P0049,41,348.3,14280.3
POL0003249,PO000580,P0388,7,28.25,197.75
POL0003250,PO000580,P0484,58,121.88,7069.04
POL0003251,PO000580,P0364,90,150.42,13537.8
POL0003252,PO000581,P0134,26,1266.98,32941.48
POL0003253,PO000581,P0254,73,1359.14,99217.22
POL0003254,PO000581,P0271,44,774.82,34092.08
POL0003255,PO000581,P0272,13,1391.11,18084.43
POL0003256,PO000581,P0316,18,366.47,6596.46
POL0003257,PO000582,P0345,32,15.99,511.68
POL0003258,PO000582,P0364,25,150.42,3760.5
POL0003259,PO000582,P0086,41,265.9,10901.9
POL0003260,PO000583,P0222,1,292389.11,292389.11
POL0003261,PO000583,P0318,1,7988733.18,7988733.18
POL0003262,PO000583,P0238,1,1418008.28,1418008.28
POL0003263,PO000583,P0030,1,298955.3,298955.3
POL0003264,PO000583,P0375,1,685993.55,685993.55
POL0003265,PO000584,P0334,70,56.87,3980.9
POL0003266,PO000584,P0435,17,880.14,14962.38
POL0003267,PO000584,P0447,51,565.54,28842.54
POL0003268,PO000585,P0430,1,16482320.05,16482320.05
POL0003269,PO000585,P0279,1,8024840.53,8024840.53
POL0003270,PO000585,P0211,1,156948.17,156948.17
POL0003271,PO000585,P0226,1,213860.72,213860.72
POL0003272,PO000586,P0253,34,222.13,7552.42
POL0003273,PO000586,P0048,29,429.36,12451.44
POL0003274,PO000586,P0147,100,833.64,83364.0
POL0003275,PO000586,P0093,35,833.85,29184.75
POL0003276,PO000586,P0045,22,350.22,7704.84
POL0003277,PO000586,P0483,101,431.56,43587.56
POL0003278,PO000586,P0433,45,776.17,34927.65
POL0003279,PO000586,P0427,15,447.28,6709.2
POL0003280,PO000587,P0364,28,150.42,4211.76
POL0003281,PO000587,P0120,30,25.08,752.4
POL0003282,PO000587,P0086,47,265.9,12497.3
POL0003283,PO000587,P0484,59,121.88,7190.92
POL0003284,PO000588,P0240,1,14205022.41,14205022.41
POL0003285,PO000588,P0018,1,152039.28,152039.28
POL0003286,PO000588,P0468,1,4759251.48,4759251.48
POL0003287,PO000588,P0211,1,156948.17,156948.17
POL0003288,PO000588,P0404,1,114276.63,114276.63
POL0003289,PO000588,P0191,21,51.19,1074.99
POL0003290,PO000588,P0251,1,286866.75,286866.75
POL0003291,PO000589,P0086,31,265.9,8242.9
POL0003292,PO000589,P0154,51,52.13,2658.63
POL0003293,PO000589,P0364,55,150.42,8273.1
POL0003294,PO000589,P0120,40,25.08,1003.2
POL0003295,PO000589,P0326,72,55.97,4029.84
POL0003296,PO000590,P0213,20,54.82,1096.4
POL0003297,PO000590,P0383,34,25.83,878.22
POL0003298,PO000590,P0379,3,16.01,48.03
POL0003299,PO000590,P0280,7,75.54,528.78
POL0003300,PO000590,P0295,70,11.81,826.7
POL0003301,PO000590,P0451,16,39.26,628.16
POL0003302,PO000590,P0292,37,18.1,669.7
POL0003303,PO000590,P0449,12,57.49,689.88
POL0003304,PO000591,P0175,1,1043618.1,1043618.1
POL0003305,PO000591,P0293,1,12874400.23,12874400.23
POL0003306,PO000591,P0268,1,97384.35,97384.35
POL0003307,PO000591,P0303,1,491270.84,491270.84
POL0003308,PO000592,P0268,1,97384.35,97384.35
POL0003309,PO000592,P0232,1,170440.95,170440.95
POL0003310,PO000592,P0079,1,1147387.79,1147387.79
POL0003311,PO000592,P0007,1,126932.53,126932.53
POL0003312,PO000593,P0151,99,41.42,4100.58
POL0003313,PO000593,P0088,1,884116.1,884116.1
POL0003314,PO000593,P0226,1,216090.29,216090.29
POL0003315,PO000593,P0082,1,127577.97,127577.97
POL0003316,PO000593,P0365,1,12090361.73,12090361.73
POL0003317,PO000593,P0367,13,22.51,292.63
POL0003318,PO000594,P0381,34,216.39,7357.26
POL0003319,PO000594,P0086,37,266.01,9842.37
POL0003320,PO000594,P0154,8,50.37,402.96
POL0003321,PO000594,P0400,53,100.44,5323.32
POL0003322,PO000594,P0320,1,50.65,50.65
POL0003323,PO000595,P0120,40,25.08,1003.2
POL0003324,PO000595,P0364,56,150.42,8423.52
POL0003325,PO000595,P0345,57,15.99,911.43
POL0003326,PO000596,P0484,86,121.88,10481.68
POL0003327,PO000596,P0024,69,33.42,2305.98
POL0003328,PO000596,P0455,23,61.86,1422.78
POL0003329,PO000596,P0345,13,15.99,207.87
POL0003330,PO000596,P0326,70,55.97,3917.9
POL0003331,PO000597,P0485,1,129224.23,129224.23
POL0003332,PO000597,P0101,1,304929.55,304929.55
POL0003333,PO000597,P0211,1,162084.06,162084.06
POL0003334,PO000597,P0367,14,22.51,315.14
POL0003335,PO000597,P0301,1,10892109.79,10892109.79
POL0003336,PO000597,P0189,1,803043.44,803043.44
POL0003337,PO000597,P0492,1,92716.74,92716.74
POL0003338,PO000597,P0240,1,14476882.55,14476882.55
POL0003339,PO000598,P0241,6,434.85,2609.1
POL0003340,PO000598,P0294,32,545.95,17470.4
POL0003341,PO000598,P0433,92,717.64,66022.88
POL0003342,PO000598,P0272,19,1391.11,26431.09
POL0003343,PO000598,P0299,47,734.05,34500.35
POL0003344,PO000598,P0204,76,53.86,4093.36
POL0003345,PO000599,P0436,26,15.81,411.06
POL0003346,PO000599,P0455,35,61.74,2160.9
POL0003347,PO000599,P0320,1,50.65,50.65
POL0003348,PO000599,P0154,15,50.37,755.55
POL0003349,PO000600,P0083,1,124827.91,124827.91
POL0003350,PO000600,P0128,1,16039879.28,16039879.28
POL0003351,PO000600,P0243,1,253184.52,253184.52
POL0003352,PO000600,P0321,1,17019700.99,17019700.99
POL0003353,PO000600,P0220,1,7853699.02,7853699.02
POL0003354,PO000601,P0442,47,104.51,4911.97
POL0003355,PO000601,P0158,86,77.21,6640.06
POL0003356,PO000601,P0392,61,6.99,426.39
POL0003357,PO000601,P0250,55,42.06,2313.3
POL0003358,PO000601,P0291,11,26.81,294.91
POL0003359,PO000601,P0249,14,10.6,148.4
POL0003360,PO000601,P0166,34,34.94,1187.96
POL0003361,PO000602,P0202,27,68.38,1846.26
POL0003362,PO000602,P0024,43,33.42,1437.06
POL0003363,PO000602,P0120,18,25.08,451.44
POL0003364,PO000602,P0345,41,15.99,655.59
POL0003365,PO000602,P0388,18,28.25,508.5
POL0003366,PO000602,P0364,21,150.42,3158.82
POL0003367,PO000602,P0484,78,121.88,9506.64
POL0003368,PO000602,P0154,27,52.13,1407.51
POL0003369,PO000603,P0085,29,7.08,205.32
POL0003370,PO000603,P0129,21,27.29,573.09
POL0003371,PO000603,P0312,58,50.16,2909.28
POL0003372,PO000603,P0239,41,100.23,4109.43
POL0003373,PO000603,P0215,108,16.53,1785.24
POL0003374,PO000603,P0444,76,83.85,6372.6
POL0003375,PO000603,P0440,48,15.25,732.0
POL0003376,PO000603,P0372,40,16.19,647.6
POL0003377,PO000604,P0120,11,25.08,275.88
POL0003378,PO000604,P0378,80,26.52,2121.6
POL0003379,PO000604,P0455,25,61.86,1546.5
POL0003380,PO000604,P0484,63,121.88,7678.44
POL0003381,PO000604,P0388,11,28.25,310.75
POL0003382,PO000605,P0043,14,44.87,628.18
POL0003383,PO000605,P0022,4,71.95,287.8
POL0003384,PO000605,P0328,50,31.08,1554.0
POL0003385,PO000605,P0390,45,52.04,2341.8
POL0003386,PO000605,P0034,30,16.69,500.7
POL0003387,PO000605,P0463,5,26.89,134.45
POL0003388,PO000606,P0118,20,57.09,1141.8
POL0003389,PO000606,P0461,1,40.78,40.78
POL0003390,PO000606,P0152,56,10.02,561.12
POL0003391,PO000606,P0236,37,4.88,180.56
POL0003392,PO000606,P0054,10,5.4,54.0
POL0003393,PO000606,P0043,8,44.87,358.96
POL0003394,PO000606,P0158,118,76.3,9003.4
POL0003395,PO000607,P0004,1,206391.17,206391.17
POL0003396,PO000607,P0314,76,45.2,3435.2
POL0003397,PO000607,P0163,1,87893.94,87893.94
POL0003398,PO000607,P0238,1,1418008.28,1418008.28
POL0003399,PO000607,P0318,1,7988733.18,7988733.18
POL0003400,PO000608,P0361,1,203336.59,203336.59
POL0003401,PO000608,P0071,1,1026457.46,1026457.46
POL0003402,PO000608,P0460,1,557990.52,557990.52
POL0003403,PO000608,P0077,1,131377.13,131377.13
POL0003404,PO000608,P0013,1,263476.96,263476.96
POL0003405,PO000608,P0320,89,51.11,4548.79
POL0003406,PO000608,P0028,1,843058.76,843058.76
POL0003407,PO000608,P0238,1,1448603.09,1448603.09
POL0003408,PO000609,P0113,18,247.3,4451.4
POL0003409,PO000609,P0457,7,437.44,3062.08
POL0003410,PO000609,P0352,31,264.47,8198.57
POL0003411,PO000610,P0484,71,121.88,8653.48
POL0003412,PO000610,P0024,140,33.42,4678.8
POL0003413,PO000610,P0086,32,265.9,8508.8
POL0003414,PO000611,P0181,16,21.38,342.08
POL0003415,PO000611,P0320,110,51.11,5622.1
POL0003416,PO000611,P0119,1,123412.4,123412.4
POL0003417,PO000611,P0245,1,82904.61,82904.61
POL0003418,PO000612,P0357,33,18.61,614.13
POL0003419,PO000612,P0098,86,111.55,9593.3
POL0003420,PO000612,P0146,93,70.46,6552.78
POL0003421,PO000612,P0006,31,53.82,1668.42
POL0003422,PO000612,P0001,9,16.74,150.66
POL0003423,PO000612,P0171,80,8.33,666.4
POL0003424,PO000612,P0499,31,50.24,1557.44
POL0003425,PO000612,P0196,117,43.36,5073.12
POL0003426,PO000613,P0154,19,50.37,957.03
POL0003427,PO000613,P0436,37,15.81,584.97
POL0003428,PO000613,P0381,23,216.39,4976.97
POL0003429,PO000613,P0259,16,221.66,3546.56
POL0003430,PO000614,P0129,18,27.29,491.22
POL0003431,PO000614,P0023,94,81.32,7644.08
POL0003432,PO000614,P0123,69,24.29,1676.01
POL0003433,PO000615,P0463,8,26.89,215.12
POL0003434,PO000615,P0281,36,87.16,3137.76
POL0003435,PO000615,P0392,56,6.65,372.4
POL0003436,PO000615,P0351,25,115.93,2898.25
POL0003437,PO000615,P0038,29,13.94,404.26
POL0003438,PO000616,P0423,1,1182232.2,1182232.2
POL0003439,PO000616,P0238,1,1448603.09,1448603.09
POL0003440,PO000616,P0059,1,144157.5,144157.5
POL0003441,PO000616,P0247,1,255976.23,255976.23
POL0003442,PO000617,P0030,1,322872.07,322872.07
POL0003443,PO000617,P0201,117,62.31,7290.27
POL0003444,PO000617,P0307,1,1253490.41,1253490.41
POL0003445,PO000617,P0189,1,803043.44,803043.44
POL0003446,PO000617,P0143,1,194490.0,194490.0
POL0003447,PO000617,P0367,12,22.51,270.12
POL0003448,PO000617,P0462,1,162581.93,162581.93
POL0003449,PO000618,P0247,1,255976.23,255976.23
POL0003450,PO000618,P0079,1,1147387.79,1147387.79
POL0003451,PO000618,P0354,1,696871.38,696871.38
POL0003452,PO000618,P0013,1,263476.96,263476.96
POL0003453,PO000618,P0132,1,1262977.63,1262977.63
POL0003454,PO000619,P0378,56,26.52,1485.12
POL0003455,PO000619,P0202,91,68.38,6222.58
POL0003456,PO000619,P0086,51,265.9,13560.9
POL0003457,PO000619,P0024,93,33.42,3108.06
POL0003458,PO000619,P0388,10,28.25,282.5
POL0003459,PO000619,P0326,62,55.97,3470.14
POL0003460,PO000619,P0364,71,150.42,10679.82
POL0003461,PO000619,P0154,33,52.13,1720.29
POL0003462,PO000620,P0324,128,415.52,53186.56
POL0003463,PO000620,P0299,50,734.05,36702.5
POL0003464,PO000620,P0114,84,1261.73,105985.32
POL0003465,PO000620,P0231,37,376.46,13929.02
POL0003466,PO000620,P0273,33,274.37,9054.21
POL0003467,PO000620,P0112,5,640.28,3201.4
POL0003468,PO000620,P0190,92,31.99,2943.08
POL0003469,PO000620,P0323,104,257.07,26735.28
POL0003470,PO000621,P0465,11,7.62,83.82
POL0003471,PO000621,P0167,12,24.83,297.96
POL0003472,PO000621,P0138,32,55.62,1779.84
POL0003473,PO000621,P0402,8,7.59,60.72
POL0003474,PO000621,P0286,39,63.39,2472.21
POL0003475,PO000621,P0056,75,4.94,370.5
POL0003476,PO000621,P0290,69,16.13,1112.97
POL0003477,PO000622,P0388,9,28.25,254.25
POL0003478,PO000622,P0345,61,15.99,975.39
POL0003479,PO000622,P0086,43,265.9,11433.7
POL0003480,PO000622,P0120,12,25.08,300.96
POL0003481,PO000622,P0154,16,52.13,834.08
POL0003482,PO000623,P0365,1,13257784.06,13257784.06
POL0003483,PO000623,P0340,1,156840.33,156840.33
POL0003484,PO000623,P0194,1,164096.35,164096.35
POL0003485,PO000623,P0101,1,321872.75,321872.75
POL0003486,PO000623,P0110,1,864824.96,864824.96
POL0003487,PO000623,P0018,1,142309.25,142309.25
POL0003488,PO000623,P0336,20,59.66,1193.2
POL0003489,PO000624,P0235,1,211501.73,211501.73
POL0003490,PO000624,P0374,1,863078.52,863078.52
POL0003491,PO000624,P0110,1,790098.77,790098.77
POL0003492,PO000624,P0126,32,42.65,1364.8
POL0003493,PO000624,P0007,1,115484.88,115484.88
POL0003494,PO000625,P0176,84,105.73,8881.32
POL0003495,PO000625,P0295,56,11.6,649.6
POL0003496,PO000625,P0315,54,54.6,2948.4
POL0003497,PO000626,P0119,1,123412.4,123412.4
POL0003498,PO000626,P0491,1,214546.98,214546.98
POL0003499,PO000626,P0191,18,50.69,912.42
POL0003500,PO000626,P0167,70,24.27,1698.9
POL0003501,PO000626,P0109,1,235252.2,235252.2
POL0003502,PO000626,P0025,1,6751520.96,6751520.96
POL0003503,PO000626,P0019,1,148863.96,148863.96
POL0003504,PO000626,P0336,70,59.66,4176.2
POL0003505,PO000627,P0300,85,308.08,26186.8
POL0003506,PO000627,P0036,1,1120.94,1120.94
POL0003507,PO000627,P0275,50,627.32,31366.0
POL0003508,PO000628,P0110,1,864824.96,864824.96
POL0003509,PO000628,P0371,1,1280561.95,1280561.95
POL0003510,PO000628,P0069,1,16574921.51,16574921.51
POL0003511,PO000628,P0046,1,1475081.81,1475081.81
POL0003512,PO000629,P0259,16,221.66,3546.56
POL0003513,PO000629,P0320,1,50.65,50.65
POL0003514,PO000629,P0478,87,41.59,3618.33
POL0003515,PO000630,P0455,49,61.74,3025.26
POL0003516,PO000630,P0381,30,216.39,6491.7
POL0003517,PO000630,P0478,72,41.59,2994.48
POL0003518,PO000630,P0441,52,49.17,2556.84
POL0003519,PO000631,P0160,1,311680.89,311680.89
POL0003520,PO000631,P0016,1,1107982.97,1107982.97
POL0003521,PO000631,P0245,1,80377.76,80377.76
POL0003522,PO000631,P0377,1,250687.83,250687.83
POL0003523,PO000631,P0095,1,149209.8,149209.8
POL0003524,PO000631,P0012,1,7200852.27,7200852.27
POL0003525,PO000631,P0169,1,131953.11,131953.11
POL0003526,PO000631,P0124,1,293248.23,293248.23
POL0003527,PO000632,P0214,30,7.92,237.6
POL0003528,PO000632,P0464,51,12.66,645.66
POL0003529,PO000632,P0292,28,18.1,506.8
POL0003530,PO000632,P0392,56,6.65,372.4
POL0003531,PO000632,P0043,13,44.87,583.31
POL0003532,PO000633,P0455,19,61.86,1175.34
POL0003533,PO000633,P0388,5,28.25,141.25
POL0003534,PO000633,P0364,60,150.42,9025.2
POL0003535,PO000633,P0378,115,26.52,3049.8
POL0003536,PO000633,P0202,119,68.38,8137.22
POL0003537,PO000633,P0345,55,15.99,879.45
POL0003538,PO000634,P0455,22,61.74,1358.28
POL0003539,PO000634,P0154,6,50.37,302.22
POL0003540,PO000634,P0478,39,41.59,1622.01
POL0003541,PO000634,P0436,9,15.81,142.29
POL0003542,PO000634,P0441,25,49.17,1229.25
POL0003543,PO000634,P0400,44,100.44,4419.36
POL0003544,PO000634,P0259,33,221.66,7314.78
POL0003545,PO000634,P0381,43,216.39,9304.77
POL0003546,PO000635,P0275,48,703.31,33758.88
POL0003547,PO000635,P0327,69,17.08,1178.52
POL0003548,PO000635,P0486,20,1122.26,22445.2
POL0003549,PO000635,P0048,13,462.61,6013.93
POL0003550,PO000635,P0445,123,457.84,56314.32
POL0003551,PO000635,P0042,70,1554.8,108836.0
POL0003552,PO000635,P0429,34,444.14,15100.76
POL0003553,PO000636,P0356,131,121.36,15898.16
POL0003554,PO000636,P0239,84,100.23,8419.32
POL0003555,PO000636,P0115,27,85.41,2306.07
POL0003556,PO000637,P0475,1,206463.27,206463.27
POL0003557,PO000637,P0218,1,277521.72,277521.72
POL0003558,PO000637,P0243,1,253184.52,253184.52
POL0003559,PO000637,P0430,1,18504024.99,18504024.99
POL0003560,PO000637,P0460,1,526935.5,526935.5
POL0003561,PO000637,P0307,1,1168387.79,1168387.79
POL0003562,PO000637,P0310,1,282029.61,282029.61
POL0003563,PO000638,P0182,25,149.31,3732.75
POL0003564,PO000638,P0410,25,591.57,14789.25
POL0003565,PO000638,P0454,21,518.59,10890.39
POL0003566,PO000638,P0035,74,351.44,26006.56
POL0003567,PO000638,P0113,22,247.3,5440.6
POL0003568,PO000639,P0388,19,28.25,536.75
POL0003569,PO000639,P0484,96,121.88,11700.48
POL0003570,PO000639,P0120,18,25.08,451.44
POL0003571,PO000639,P0326,38,55.97,2126.86
POL0003572,PO000639,P0345,23,15.99,367.77
POL0003573,PO000640,P0092,1,1545480.99,1545480.99
POL0003574,PO000640,P0459,1,14328251.03,14328251.03
POL0003575,PO000640,P0321,1,16310573.64,16310573.64
POL0003576,PO000640,P0173,1,180804.17,180804.17
POL0003577,PO000640,P0485,1,129224.23,129224.23
POL0003578,PO000641,P0041,58,106.03,6149.74
POL0003579,PO000641,P0129,43,27.29,1173.47
POL0003580,PO000641,P0464,26,13.51,351.26
POL0003581,PO000641,P0055,14,38.25,535.5
POL0003582,PO000641,P0153,9,14.95,134.55
POL0003583,PO000641,P0118,5,53.71,268.55
POL0003584,PO000641,P0213,32,53.33,1706.56
POL0003585,PO000642,P0112,8,640.28,5122.24
POL0003586,PO000642,P0401,73,1345.51,98222.23
POL0003587,PO000642,P0261,45,584.13,26285.85
POL0003588,PO000642,P0426,49,709.42,34761.58
POL0003589,PO000642,P0393,7,1551.06,10857.42
POL0003590,PO000642,P0134,91,1266.98,115295.18
POL0003591,PO000643,P0445,58,457.84,26554.72
POL0003592,PO000643,P0443,66,302.48,19963.68
POL0003593,PO000643,P0254,48,1359.14,65238.72
POL0003594,PO000643,P0170,71,862.82,61260.22
POL0003595,PO000643,P0272,30,1391.11,41733.3
POL0003596,PO000643,P0304,63,246.12,15505.56
POL0003597,PO000643,P0195,15,941.58,14123.7
POL0003598,PO000643,P0134,30,1266.98,38009.4
POL0003599,PO000644,P0478,37,41.59,1538.83
POL0003600,PO000644,P0441,47,49.17,2310.99
POL0003601,PO000644,P0436,12,15.81,189.72
POL0003602,PO000644,P0259,22,221.66,4876.52
POL0003603,PO000644,P0320,1,50.65,50.65
POL0003604,PO000644,P0381,24,216.39,5193.36
POL0003605,PO000644,P0455,66,61.74,4074.84
POL0003606,PO000645,P0441,40,49.17,1966.8
POL0003607,PO000645,P0455,19,61.74,1173.06
POL0003608,PO000645,P0381,39,216.39,8439.21
POL0003609,PO000645,P0400,31,100.44,3113.64
POL0003610,PO000645,P0086,28,266.01,7448.28
POL0003611,PO000645,P0436,29,15.81,458.49
POL0003612,PO000645,P0320,1,50.65,50.65
POL0003613,PO000646,P0058,84,473.54,39777.36
POL0003614,PO000646,P0261,27,584.13,15771.51
POL0003615,PO000646,P0311,66,191.03,12607.98
POL0003616,PO000647,P0091,1,174233.87,174233.87
POL0003617,PO000647,P0293,1,12874400.23,12874400.23
POL0003618,PO000647,P0012,1,7852821.88,7852821.88
POL0003619,PO000647,P0341,1,18683374.02,18683374.02
POL0003620,PO000648,P0441,62,49.17,3048.54
POL0003621,PO000648,P0478,101,41.59,4200.59
POL0003622,PO000648,P0381,25,216.39,5409.75
POL0003623,PO000648,P0455,44,61.74,2716.56
POL0003624,PO000648,P0086,32,266.01,8512.32
POL0003625,PO000648,P0259,48,221.66,10639.68
POL0003626,PO000648,P0320,1,50.65,50.65
POL0003627,PO000649,P0024,121,33.42,4043.82
POL0003628,PO000649,P0326,72,55.97,4029.84
POL0003629,PO000649,P0378,99,26.52,2625.48
POL0003630,PO000649,P0120,23,25.08,576.84
POL0003631,PO000649,P0154,24,52.13,1251.12
POL0003632,PO000649,P0388,4,28.25,113.0
POL0003633,PO000650,P0468,1,4759251.48,4759251.48
POL0003634,PO000650,P0191,25,51.19,1279.75
POL0003635,PO000650,P0240,1,14205022.41,14205022.41
POL0003636,PO000650,P0307,1,1236881.52,1236881.52
POL0003637,PO000650,P0101,1,296659.89,296659.89
POL0003638,PO000650,P0420,1,230604.2,230604.2
POL0003639,PO000651,P0154,26,50.37,1309.62
POL0003640,PO000651,P0400,57,100.44,5725.08
POL0003641,PO000651,P0436,9,15.81,142.29
POL0003642,PO000651,P0259,32,221.66,7093.12
POL0003643,PO000651,P0455,15,61.74,926.1
POL0003644,PO000651,P0320,1,50.65,50.65
POL0003645,PO000651,P0441,63,49.17,3097.71
POL0003646,PO000652,P0407,30,14.25,427.5
POL0003647,PO000652,P0362,43,18.51,795.93
POL0003648,PO000652,P0057,24,17.49,419.76
POL0003649,PO000652,P0062,42,15.86,666.12
POL0003650,PO000652,P0424,51,51.61,2632.11
POL0003651,PO000652,P0027,1,14.01,14.01
POL0003652,PO000652,P0297,8,13.41,107.28
POL0003653,PO000652,P0252,88,6.43,565.84
POL0003654,PO000653,P0100,59,7.1,418.9
POL0003655,PO000653,P0466,27,6.35,171.45
POL0003656,PO000653,P0192,4,41.51,166.04
POL0003657,PO000654,P0247,1,268124.6,268124.6
POL0003658,PO000654,P0240,1,14476882.55,14476882.55
POL0003659,PO000654,P0124,1,293248.23,293248.23
POL0003660,PO000655,P0452,56,305.58,17112.48
POL0003661,PO000655,P0349,7,394.27,2759.89
POL0003662,PO000655,P0327,41,17.15,703.15
POL0003663,PO000655,P0500,123,207.94,25576.62
POL0003664,PO000655,P0319,8,68.47,547.76
POL0003665,PO000655,P0084,99,200.65,19864.35
POL0003666,PO000655,P0359,33,263.06,8680.98
POL0003667,PO000656,P0046,1,1475081.81,1475081.81
POL0003668,PO000656,P0191,25,50.69,1267.25
POL0003669,PO000656,P0288,1,102971.49,102971.49
POL0003670,PO000656,P0354,1,696871.38,696871.38
POL0003671,PO000656,P0061,1,195323.7,195323.7
POL0003672,PO000656,P0079,1,1147387.79,1147387.79
POL0003673,PO000656,P0130,66,35.06,2313.96
POL0003674,PO000657,P0278,1,16182712.54,16182712.54
POL0003675,PO000657,P0207,1,187860.23,187860.23
POL0003676,PO000657,P0122,1,114380.03,114380.03
POL0003677,PO000658,P0259,38,221.66,8423.08
POL0003678,PO000658,P0436,17,15.81,268.77
POL0003679,PO000658,P0381,25,216.39,5409.75
POL0003680,PO000658,P0320,1,50.65,50.65
POL0003681,PO000658,P0400,31,100.44,3113.64
POL0003682,PO000658,P0086,25,266.01,6650.25
POL0003683,PO000658,P0441,69,49.17,3392.73
POL0003684,PO000659,P0007,1,112597.95,112597.95
POL0003685,PO000659,P0354,1,642479.54,642479.54
POL0003686,PO000659,P0348,1,99737.08,99737.08
POL0003687,PO000659,P0303,1,510527.41,510527.41
POL0003688,PO000659,P0342,116,100.31,11635.96
POL0003689,PO000660,P0188,60,20.82,1249.2
POL0003690,PO000660,P0355,21,21.46,450.66
POL0003691,PO000660,P0068,15,7.11,106.65
POL0003692,PO000660,P0394,28,10.89,304.92
POL0003693,PO000660,P0469,3,21.02,63.06
POL0003694,PO000660,P0402,6,7.59,45.54
POL0003695,PO000660,P0057,19,17.49,332.31
POL0003696,PO000660,P0337,31,10.26,318.06
POL0003697,PO000661,P0031,42,330.23,13869.66
POL0003698,PO000661,P0299,77,734.05,56521.85
POL0003699,PO000661,P0256,83,893.72,74178.76
POL0003700,PO000661,P0398,63,580.33,36560.79
POL0003701,PO000662,P0154,49,52.13,2554.37
POL0003702,PO000662,P0086,35,265.9,9306.5
POL0003703,PO000662,P0484,50,121.88,6094.0
POL0003704,PO000662,P0120,36,25.08,902.88
POL0003705,PO000662,P0388,13,28.25,367.25
POL0003706,PO000662,P0024,87,33.42,2907.54
POL0003707,PO000663,P0180,39,172.49,6727.11
POL0003708,PO000663,P0454,11,518.59,5704.49
POL0003709,PO000663,P0343,109,159.34,17368.06
POL0003710,PO000663,P0387,64,483.25,30928.0
POL0003711,PO000663,P0270,116,518.33,60126.28
POL0003712,PO000664,P0425,7,50.19,351.33
POL0003713,PO000664,P0081,24,12.35,296.4
POL0003714,PO000664,P0290,57,16.13,919.41
POL0003715,PO000664,P0027,1,14.01,14.01
POL0003716,PO000664,P0068,11,7.11,78.21
POL0003717,PO000664,P0402,4,7.59,30.36
POL0003718,PO000664,P0252,117,6.43,752.31
POL0003719,PO000664,P0450,54,6.83,368.82
POL0003720,PO000665,P0355,23,21.46,493.58
POL0003721,PO000665,P0481,25,21.5,537.5
POL0003722,PO000665,P0070,57,21.35,1216.95
POL0003723,PO000665,P0297,6,13.41,80.46
POL0003724,PO000665,P0252,130,6.43,835.9
POL0003725,PO000666,P0400,70,89.55,6268.5
POL0003726,PO000666,P0034,78,16.69,1301.82
POL0003727,PO000666,P0453,93,69.83,6494.19
POL0003728,PO000666,P0312,62,52.84,3276.08
POL0003729,PO000667,P0290,28,16.13,451.64
POL0003730,PO000667,P0394,43,10.89,468.27
POL0003731,PO000667,P0068,10,7.11,71.1
POL0003732,PO000667,P0311,131,199.22,26097.82
POL0003733,PO000667,P0362,131,18.51,2424.81
POL0003734,PO000667,P0167,20,24.83,496.6
POL0003735,PO000667,P0027,1,14.01,14.01
POL0003736,PO000668,P0083,1,124827.91,124827.91
POL0003737,PO000668,P0348,1,99737.08,99737.08
POL0003738,PO000668,P0340,1,171341.58,171341.58
POL0003739,PO000669,P0430,1,18504024.99,18504024.99
POL0003740,PO000669,P0339,1,95744.15,95744.15
POL0003741,PO000669,P0019,1,129009.25,129009.25
POL0003742,PO000670,P0054,35,5.4,189.0
POL0003743,PO000670,P0213,35,54.82,1918.7
POL0003744,PO000670,P0221,100,14.72,1472.0
POL0003745,PO000670,P0210,1,13.93,13.93
POL0003746,PO000671,P0488,25,147.18,3679.5
POL0003747,PO000671,P0052,133,237.49,31586.17
POL0003748,PO000671,P0399,35,434.36,15202.6
POL0003749,PO000671,P0500,30,207.94,6238.2
POL0003750,PO000671,P0352,26,264.47,6876.22
POL0003751,PO000671,P0413,22,347.0,7634.0
POL0003752,PO000671,P0386,105,384.7,40393.5
POL0003753,PO000671,P0216,77,426.43,32835.11
POL0003754,PO000672,P0373,62,377.15,23383.3
POL0003755,PO000672,P0137,33,1133.92,37419.36
POL0003756,PO000672,P0272,8,1391.11,11128.88
POL0003757,PO000672,P0429,78,444.14,34642.92
POL0003758,PO000673,P0117,74,17.83,1319.42
POL0003759,PO000673,P0228,50,61.44,3072.0
POL0003760,PO000673,P0379,9,16.01,144.09
POL0003761,PO000674,P0076,1,925559.17,925559.17
POL0003762,PO000674,P0013,1,271678.23,271678.23
POL0003763,PO000674,P0459,1,14328251.03,14328251.03
POL0003764,PO000674,P0122,1,123453.98,123453.98
POL0003765,PO000674,P0011,1,1359053.82,1359053.82
POL0003766,PO000674,P0173,1,180804.17,180804.17
POL0003767,PO000674,P0132,1,1357727.2,1357727.2
POL0003768,PO000674,P0207,1,177045.22,177045.22
POL0003769,PO000675,P0232,1,170440.95,170440.95
POL0003770,PO000675,P0194,1,164096.35,164096.35
POL0003771,PO000675,P0473,1,136303.54,136303.54
POL0003772,PO000675,P0288,1,102971.49,102971.49
POL0003773,PO000675,P0434,17,68.9,1171.3
POL0003774,PO000675,P0092,1,1691613.39,1691613.39
POL0003775,PO000676,P0424,43,51.61,2219.23
POL0003776,PO000676,P0489,31,11.19,346.89
POL0003777,PO000676,P0297,5,13.41,67.05
POL0003778,PO000676,P0466,21,6.35,133.35
POL0003779,PO000676,P0425,14,50.19,702.66
POL0003780,PO000676,P0406,55,9.98,548.9
POL0003781,PO000676,P0450,80,6.83,546.4
POL0003782,PO000676,P0311,142,199.22,28289.24
POL0003783,PO000677,P0473,1,128717.43,128717.43
POL0003784,PO000677,P0405,1,16714897.98,16714897.98
POL0003785,PO000677,P0439,1,185518.98,185518.98
POL0003786,PO000677,P0019,1,129009.25,129009.25
POL0003787,PO000678,P0329,56,1497.86,83880.16
POL0003788,PO000678,P0149,60,1377.89,82673.4
POL0003789,PO000678,P0282,88,396.39,34882.32
POL0003790,PO000678,P0256,38,789.44,29998.72
POL0003791,PO000678,P0066,11,385.3,4238.3
POL0003792,PO000678,P0195,42,944.97,39688.74
POL0003793,PO000678,P0107,13,635.72,8264.36
POL0003794,PO000679,P0320,1,50.65,50.65
POL0003795,PO000679,P0478,71,41.59,2952.89
POL0003796,PO000679,P0154,10,50.37,503.7
POL0003797,PO000680,P0260,1,10149453.62,10149453.62
POL0003798,PO000680,P0234,1,244883.64,244883.64
POL0003799,PO000680,P0197,1,11715603.24,11715603.24
POL0003800,PO000680,P0296,1,6347204.12,6347204.12
POL0003801,PO000680,P0233,1,714901.28,714901.28
POL0003802,PO000680,P0218,1,275606.55,275606.55
POL0003803,PO000681,P0484,55,121.88,6703.4
POL0003804,PO000681,P0202,105,68.38,7179.9
POL0003805,PO000681,P0345,64,15.99,1023.36
POL0003806,PO000681,P0154,49,52.13,2554.37
POL0003807,PO000681,P0120,9,25.08,225.72
POL0003808,PO000681,P0024,76,33.42,2539.92
POL0003809,PO000681,P0455,16,61.86,989.76
POL0003810,PO000681,P0326,45,55.97,2518.65
POL0003811,PO000682,P0434,70,76.55,5358.5
POL0003812,PO000682,P0118,10,53.71,537.1
POL0003813,PO000682,P0165,67,89.69,6009.23
POL0003814,PO000682,P0210,69,14.07,970.83
POL0003815,PO000682,P0244,13,40.79,530.27
POL0003816,PO000682,P0206,9,10.1,90.9
POL0003817,PO000682,P0015,28,226.35,6337.8
POL0003818,PO000683,P0491,1,214546.98,214546.98
POL0003819,PO000683,P0434,12,68.9,826.8
POL0003820,PO000683,P0365,1,13257784.06,13257784.06
POL0003821,PO000683,P0288,1,102971.49,102971.49
POL0003822,PO000683,P0384,1,161638.46,161638.46
POL0003823,PO000684,P0024,35,33.42,1169.7
POL0003824,PO000684,P0484,84,121.88,10237.92
POL0003825,PO000684,P0455,21,61.86,1299.06
POL0003826,PO000685,P0118,11,57.09,627.99
POL0003827,PO000685,P0280,5,75.54,377.7
POL0003828,PO000685,P0141,35,21.05,736.75
POL0003829,PO000685,P0291,6,26.78,160.68
POL0003830,PO000685,P0397,53,16.28,862.84
POL0003831,PO000686,P0160,1,311680.89,311680.89
POL0003832,PO000686,P0492,1,92716.74,92716.74
POL0003833,PO000686,P0099,1,15200778.78,15200778.78
POL0003834,PO000686,P0198,1,149119.0,149119.0
POL0003835,PO000687,P0149,51,1377.89,70272.39
POL0003836,PO000687,P0458,46,612.11,28157.06
POL0003837,PO000687,P0261,70,531.85,37229.5
POL0003838,PO000687,P0324,72,466.84,33612.48
POL0003839,PO000687,P0237,9,368.41,3315.69
POL0003840,PO000687,P0256,23,789.44,18157.12
POL0003841,PO000687,P0419,52,1373.67,71430.84
POL0003842,PO000688,P0018,1,142309.25,142309.25
POL0003843,PO000688,P0310,1,299619.57,299619.57
POL0003844,PO000688,P0301,1,11334160.16,11334160.16
POL0003845,PO000688,P0348,1,87262.95,87262.95
POL0003846,PO000688,P0120,112,26.83,3004.96
POL0003847,PO000688,P0119,1,123412.4,123412.4
POL0003848,PO000688,P0199,1,6727649.34,6727649.34
POL0003849,PO000689,P0387,29,483.25,14014.25
POL0003850,PO000689,P0216,66,426.43,28144.38
POL0003851,PO000689,P0349,4,394.27,1577.08
POL0003852,PO000689,P0352,90,264.47,23802.3
POL0003853,PO000689,P0319,12,68.47,821.64
POL0003854,PO000690,P0026,27,242.51,6547.77
POL0003855,PO000690,P0399,48,434.36,20849.28
POL0003856,PO000690,P0035,78,351.44,27412.32
POL0003857,PO000690,P0050,2,251.12,502.24
POL0003858,PO000690,P0064,30,532.78,15983.4
POL0003859,PO000690,P0343,29,159.34,4620.86
POL0003860,PO000691,P0007,1,115484.88,115484.88
POL0003861,PO000691,P0374,1,863078.52,863078.52
POL0003862,PO000691,P0279,1,8914013.21,8914013.21
POL0003863,PO000691,P0095,1,149209.8,149209.8
POL0003864,PO000692,P0101,1,296659.89,296659.89
POL0003865,PO000692,P0238,1,1418008.28,1418008.28
POL0003866,PO000692,P0341,1,18375992.32,18375992.32
POL0003867,PO000692,P0374,1,923366.05,923366.05
POL0003868,PO000693,P0193,18,607.72,10938.96
POL0003869,PO000693,P0073,67,481.92,32288.64
POL0003870,PO000693,P0323,101,257.07,25964.07
POL0003871,PO000693,P0398,48,580.33,27855.84
POL0003872,PO000693,P0183,33,602.01,19866.33
POL0003873,PO000693,P0246,1,47.69,47.69
POL0003874,PO000693,P0031,64,330.23,21134.72
POL0003875,PO000694,P0114,62,1261.73,78227.26
POL0003876,PO000694,P0140,25,232.75,5818.75
POL0003877,PO000694,P0401,16,1345.51,21528.16
POL0003878,PO000694,P0031,39,330.23,12878.97
POL0003879,PO000694,P0155,103,1058.72,109048.16
POL0003880,PO000694,P0116,116,331.59,38464.44
POL0003881,PO000694,P0003,73,689.12,50305.76
POL0003882,PO000694,P0137,36,1133.92,40821.12
POL0003883,PO000695,P0221,66,14.72,971.52
POL0003884,PO000695,P0360,25,24.62,615.5
POL0003885,PO000695,P0302,67,28.25,1892.75
POL0003886,PO000696,P0068,25,7.11,177.75
POL0003887,PO000696,P0297,3,13.41,40.23
POL0003888,PO000696,P0070,62,21.35,1323.7
POL0003889,PO000696,P0192,7,41.51,290.57
POL0003890,PO000696,P0337,59,10.26,605.34
POL0003891,PO000696,P0081,19,12.35,234.65
POL0003892,PO000696,P0252,46,6.43,295.78
POL0003893,PO000696,P0062,36,15.86,570.96
POL0003894,PO000697,P0306,1,163911.49,163911.49
POL0003895,PO000697,P0053,1,18867694.61,18867694.61
POL0003896,PO000697,P0335,1,1405336.51,1405336.51
POL0003897,PO000697,P0090,1,987330.06,987330.06
POL0003898,PO000697,P0404,1,114276.63,114276.63
POL0003899,PO000697,P0485,1,134510.18,134510.18
POL0003900,PO000697,P0030,1,298955.3,298955.3
POL0003901,PO000697,P0101,1,296659.89,296659.89
POL0003902,PO000698,P0108,26,68.68,1785.68
POL0003903,PO000698,P0144,22,100.78,2217.16
POL0003904,PO000698,P0250,99,41.7,4128.3
POL0003905,PO000698,P0174,66,80.07,5284.62
POL0003906,PO000698,P0038,47,13.94,655.18
POL0003907,PO000698,P0087,95,68.28,6486.6
POL0003908,PO000698,P0085,131,6.98,914.38
POL0003909,PO000698,P0390,26,52.04,1353.04
POL0003910,PO000699,P0208,121,731.05,88457.05
POL0003911,PO000699,P0015,14,216.27,3027.78
POL0003912,PO000699,P0427,5,447.28,2236.4
POL0003913,PO000699,P0157,44,714.97,31458.68
POL0003914,PO000699,P0272,17,1552.7,26395.9
POL0003915,PO000699,P0271,68,829.34,56395.12
POL0003916,PO000700,P0086,24,265.9,6381.6
POL0003917,PO000700,P0120,28,25.08,702.24
POL0003918,PO000700,P0154,73,52.13,3805.49
POL0003919,PO000700,P0364,99,150.42,14891.58
POL0003920,PO000700,P0326,29,55.97,1623.13
POL0003921,PO000700,P0455,25,61.86,1546.5
POL0003922,PO000700,P0388,7,28.25,197.75
POL0003923,PO000701,P0469,7,21.02,147.14
POL0003924,PO000701,P0489,13,11.19,145.47
POL0003925,PO000701,P0057,26,17.49,454.74
POL0003926,PO000701,P0362,74,18.51,1369.74
POL0003927,PO000701,P0297,7,13.41,93.87
POL0003928,PO000701,P0290,37,16.13,596.81
POL0003929,PO000702,P0132,1,1284829.08,1284829.08
POL0003930,PO000702,P0197,1,12147612.44,12147612.44
POL0003931,PO000702,P0301,1,10487021.42,10487021.42
POL0003932,PO000702,P0317,33,256.89,8477.37
POL0003933,PO000702,P0405,1,16714897.98,16714897.98
POL0003934,PO000702,P0354,1,642479.54,642479.54
POL0003935,PO000702,P0278,1,16182712.54,16182712.54
POL0003936,PO000702,P0044,1,202920.11,202920.11
POL0003937,PO000703,P0284,83,1446.64,120071.12
POL0003938,PO000703,P0437,24,20.33,487.92
POL0003939,PO000703,P0261,59,584.13,34463.67
POL0003940,PO000703,P0003,28,689.12,19295.36
POL0003941,PO000703,P0010,23,294.84,6781.32
POL0003942,PO000703,P0170,26,862.82,22433.32
POL0003943,PO000703,P0429,63,444.14,27980.82
POL0003944,PO000703,P0037,48,1694.15,81319.2
POL0003945,PO000704,P0197,1,12147612.44,12147612.44
POL0003946,PO000704,P0251,1,305081.47,305081.47
POL0003947,PO000704,P0354,1,642479.54,642479.54
POL0003948,PO000705,P0291,36,26.81,965.16
POL0003949,PO000705,P0479,14,19.36,271.04
POL0003950,PO000705,P0382,77,90.14,6940.78
POL0003951,PO000706,P0375,1,765353.58,765353.58
POL0003952,PO000706,P0132,1,1284829.08,1284829.08
POL0003953,PO000706,P0296,1,6979715.55,6979715.55
POL0003954,PO000706,P0079,1,1090663.02,1090663.02
POL0003955,PO000707,P0430,1,18504024.99,18504024.99
POL0003956,PO000707,P0234,1,222726.76,222726.76
POL0003957,PO000707,P0132,1,1284829.08,1284829.08
POL0003958,PO000707,P0361,1,211824.36,211824.36
POL0003959,PO000707,P0059,1,133775.18,133775.18
POL0003960,PO000707,P0220,1,7853699.02,7853699.02
POL0003961,PO000708,P0496,66,79.97,5278.02
POL0003962,PO000708,P0236,38,5.46,207.48
POL0003963,PO000708,P0444,136,83.85,11403.6
POL0003964,PO000708,P0356,89,121.36,10801.04
POL0003965,PO000708,P0495,95,68.1,6469.5
POL0003966,PO000709,P0279,1,8024840.53,8024840.53
POL0003967,PO000709,P0018,1,152039.28,152039.28
POL0003968,PO000709,P0191,21,51.19,1074.99
POL0003969,PO000709,P0092,1,1497217.83,1497217.83
POL0003970,PO000709,P0218,1,275606.55,275606.55
POL0003971,PO000709,P0347,1,325088.96,325088.96
POL0003972,PO000709,P0234,1,244883.64,244883.64
POL0003973,PO000709,P0348,1,92635.01,92635.01
POL0003974,PO000710,P0462,1,151623.95,151623.95
POL0003975,PO000710,P0019,1,129009.25,129009.25
POL0003976,PO000710,P0148,1,15834134.75,15834134.75
POL0003977,PO000710,P0310,1,282029.61,282029.61
POL0003978,PO000710,P0361,1,211824.36,211824.36
POL0003979,PO000710,P0211,1,161121.08,161121.08
POL0003980,PO000711,P0463,27,31.32,845.64
POL0003981,PO000711,P0139,62,8.25,511.5
POL0003982,PO000711,P0331,53,10.82,573.46
POL0003983,PO000712,P0275,32,627.32,20074.24
POL0003984,PO000712,P0073,18,530.39,9547.02
POL0003985,PO000712,P0257,65,785.22,51039.3
POL0003986,PO000713,P0007,1,126932.53,126932.53
POL0003987,PO000713,P0194,1,164096.35,164096.35
POL0003988,PO000713,P0018,1,142309.25,142309.25
POL0003989,PO000713,P0340,1,156840.33,156840.33
POL0003990,PO000714,P0018,1,142309.25,142309.25
POL0003991,PO000714,P0473,1,136303.54,136303.54
POL0003992,PO000714,P0354,1,696871.38,696871.38
POL0003993,PO000714,P0051,1,1063912.3,1063912.3
POL0003994,PO000714,P0128,1,16961732.74,16961732.74
POL0003995,PO000714,P0340,1,156840.33,156840.33
POL0003996,PO000714,P0078,1,713152.81,713152.81
POL0003997,PO000715,P0044,1,202920.11,202920.11
POL0003998,PO000715,P0160,1,312576.71,312576.71
POL0003999,PO000715,P0082,1,116684.37,116684.37
POL0004000,PO000715,P0013,1,274511.39,274511.39
POL0004001,PO000715,P0354,1,642479.54,642479.54
POL0004002,PO000716,P0066,23,420.86,9679.78
POL0004003,PO000716,P0262,42,475.21,19958.82
POL0004004,PO000716,P0435,26,829.53,21567.78
POL0004005,PO000716,P0486,22,1122.26,24689.72
POL0004006,PO000716,P0255,105,425.17,44642.85
POL0004007,PO000716,P0426,82,709.42,58172.44
POL0004008,PO000716,P0112,4,640.28,2561.12
POL0004009,PO000717,P0381,31,216.39,6708.09
POL0004010,PO000717,P0436,22,15.81,347.82
POL0004011,PO000717,P0441,27,49.17,1327.59
POL0004012,PO000718,P0492,1,92716.74,92716.74
POL0004013,PO000718,P0151,118,41.42,4887.56
POL0004014,PO000718,P0105,1,1268415.26,1268415.26
POL0004015,PO000718,P0301,1,10892109.79,10892109.79
POL0004016,PO000718,P0460,1,567489.58,567489.58
POL0004017,PO000718,P0278,1,15161369.91,15161369.91
POL0004018,PO000719,P0286,56,63.39,3549.84
POL0004019,PO000719,P0264,106,18.96,2009.76
POL0004020,PO000719,P0466,28,6.35,177.8
POL0004021,PO000719,P0469,6,21.02,126.12
POL0004022,PO000719,P0406,50,9.98,499.0
POL0004023,PO000719,P0029,36,14.89,536.04
POL0004024,PO000719,P0138,12,55.62,667.44
POL0004025,PO000719,P0465,9,7.62,68.58
POL0004026,PO000720,P0469,9,21.02,189.18
POL0004027,PO000720,P0407,20,14.25,285.0
POL0004028,PO000720,P0406,26,9.98,259.48
POL0004029,PO000720,P0188,66,20.82,1374.12
POL0004030,PO000720,P0056,26,4.94,128.44
POL0004031,PO000720,P0489,36,11.19,402.84
POL0004032,PO000720,P0029,35,14.89,521.15
POL0004033,PO000721,P0455,45,61.74,2778.3
POL0004034,PO000721,P0086,21,266.01,5586.21
POL0004035,PO000721,P0441,21,49.17,1032.57
POL0004036,PO000721,P0381,11,216.39,2380.29
POL0004037,PO000721,P0259,24,221.66,5319.84
POL0004038,PO000722,P0428,14,102.34,1432.76
POL0004039,PO000722,P0127,1,15001207.68,15001207.68
POL0004040,PO000722,P0375,1,765353.58,765353.58
POL0004041,PO000722,P0245,1,77792.7,77792.7
POL0004042,PO000723,P0420,1,221435.23,221435.23
POL0004043,PO000723,P0348,1,87262.95,87262.95
POL0004044,PO000723,P0077,1,131377.13,131377.13
POL0004045,PO000723,P0078,1,713152.81,713152.81
POL0004046,PO000723,P0051,1,1063912.3,1063912.3
POL0004047,PO000723,P0013,1,263476.96,263476.96
POL0004048,PO000724,P0212,81,420.2,34036.2
POL0004049,PO000724,P0045,79,374.69,29600.51
POL0004050,PO000724,P0309,35,750.41,26264.35
POL0004051,PO000724,P0114,105,1261.73,132481.65
POL0004052,PO000724,P0140,51,232.75,11870.25
POL0004053,PO000725,P0180,77,172.49,13281.73
POL0004054,PO000725,P0410,39,591.57,23071.23
POL0004055,PO000725,P0266,1,286.1,286.1
POL0004056,PO000726,P0262,16,495.78,7932.48
POL0004057,PO000726,P0456,42,1290.22,54189.24
POL0004058,PO000726,P0058,85,460.87,39173.95
POL0004059,PO000726,P0137,21,1166.87,24504.27
POL0004060,PO000726,P0376,6,578.06,3468.36
POL0004061,PO000727,P0087,53,68.28,3618.84
POL0004062,PO000727,P0118,11,57.09,627.99
POL0004063,PO000727,P0153,13,16.05,208.65
POL0004064,PO000727,P0200,24,18.5,444.0
POL0004065,PO000727,P0139,46,8.45,388.7
POL0004066,PO000727,P0017,30,78.76,2362.8
POL0004067,PO000728,P0336,88,59.66,5250.08
POL0004068,PO000728,P0423,1,1182232.2,1182232.2
POL0004069,PO000728,P0069,1,16574921.51,16574921.51
POL0004070,PO000729,P0394,28,10.89,304.92
POL0004071,PO000729,P0264,92,18.96,1744.32
POL0004072,PO000729,P0337,25,10.26,256.5
POL0004073,PO000729,P0286,72,63.39,4564.08
POL0004074,PO000729,P0062,42,15.86,666.12
POL0004075,PO000729,P0465,9,7.62,68.58
POL0004076,PO000730,P0025,1,6465520.6,6465520.6
POL0004077,PO000730,P0404,1,114276.63,114276.63
POL0004078,PO000730,P0197,1,11715603.24,11715603.24
POL0004079,PO000730,P0005,1,1027812.42,1027812.42
POL0004080,PO000730,P0420,1,230604.2,230604.2
POL0004081,PO000730,P0384,1,188291.97,188291.97
POL0004082,PO000730,P0131,1,484227.91,484227.91
POL0004083,PO000731,P0259,41,221.66,9088.06
POL0004084,PO000731,P0478,60,41.59,2495.4
POL0004085,PO000731,P0086,14,266.01,3724.14
POL0004086,PO000731,P0381,35,216.39,7573.65
POL0004087,PO000731,P0436,11,15.81,173.91
POL0004088,PO000731,P0441,47,49.17,2310.99
POL0004089,PO000731,P0320,1,50.65,50.65
POL0004090,PO000732,P0202,98,68.38,6701.24
POL0004091,PO000732,P0024,114,33.42,3809.88
POL0004092,PO000732,P0364,100,150.42,15042.0
POL0004093,PO000732,P0120,17,25.08,426.36
POL0004094,PO000732,P0455,8,61.86,494.88
POL0004095,PO000732,P0345,61,15.99,975.39
POL0004096,PO000732,P0388,18,28.25,508.5
POL0004097,PO000733,P0374,1,863078.52,863078.52
POL0004098,PO000733,P0492,1,92716.74,92716.74
POL0004099,PO000733,P0004,1,192763.17,192763.17
POL0004100,PO000733,P0173,1,180804.17,180804.17
POL0004101,PO000734,P0363,35,68.16,2385.6
POL0004102,PO000734,P0383,14,27.63,386.82
POL0004103,PO000734,P0108,72,76.04,5474.88
POL0004104,PO000734,P0302,34,29.0,986.0
POL0004105,PO000735,P0083,1,124827.91,124827.91
POL0004106,PO000735,P0013,1,274511.39,274511.39
POL0004107,PO000735,P0471,1,184137.63,184137.63
POL0004108,PO000735,P0303,1,510527.41,510527.41
POL0004109,PO000735,P0403,1,152597.06,152597.06
POL0004110,PO000735,P0220,1,7853699.02,7853699.02
POL0004111,PO000735,P0148,1,15834134.75,15834134.75
POL0004112,PO000735,P0065,1,330611.68,330611.68
POL0004113,PO000736,P0333,1,978686.75,978686.75
POL0004114,PO000736,P0030,1,322872.07,322872.07
POL0004115,PO000736,P0124,1,293248.23,293248.23
POL0004116,PO000736,P0088,1,884116.1,884116.1
POL0004117,PO000737,P0051,1,997169.4,997169.4
POL0004118,PO000737,P0018,1,152039.28,152039.28
POL0004119,PO000737,P0201,32,58.6,1875.2
POL0004120,PO000737,P0163,1,87893.94,87893.94
POL0004121,PO000737,P0318,1,7988733.18,7988733.18
POL0004122,PO000737,P0092,1,1497217.83,1497217.83
POL0004123,PO000737,P0296,1,6347204.12,6347204.12
POL0004124,PO000738,P0321,1,16310573.64,16310573.64
POL0004125,PO000738,P0346,1,289683.11,289683.11
POL0004126,PO000738,P0269,1,155584.21,155584.21
POL0004127,PO000738,P0011,1,1359053.82,1359053.82
POL0004128,PO000738,P0460,1,567489.58,567489.58
POL0004129,PO000738,P0151,37,41.42,1532.54
POL0004130,PO000738,P0420,1,223077.95,223077.95
POL0004131,PO000738,P0088,1,884116.1,884116.1
POL0004132,PO000739,P0059,1,144157.5,144157.5
POL0004133,PO000739,P0051,1,1063912.3,1063912.3
POL0004134,PO000739,P0431,1,11104599.76,11104599.76
POL0004135,PO000739,P0046,1,1475081.81,1475081.81
POL0004136,PO000739,P0110,1,864824.96,864824.96
POL0004137,PO000739,P0422,1,14469048.8,14469048.8
POL0004138,PO000740,P0038,60,13.94,836.4
POL0004139,PO000740,P0006,139,53.82,7480.98
POL0004140,PO000740,P0291,7,26.78,187.46
POL0004141,PO000740,P0499,42,50.24,2110.08
POL0004142,PO000740,P0176,40,95.83,3833.2
POL0004143,PO000740,P0001,4,16.74,66.96
POL0004144,PO000741,P0120,34,25.08,852.72
POL0004145,PO000741,P0484,38,121.88,4631.44
POL0004146,PO000741,P0086,39,265.9,10370.1
POL0004147,PO000741,P0154,24,52.13,1251.12
POL0004148,PO000741,P0202,43,68.38,2940.34
POL0004149,PO000741,P0024,100,33.42,3342.0
POL0004150,PO000741,P0345,50,15.99,799.5
POL0004151,PO000741,P0388,7,28.25,197.75
POL0004152,PO000742,P0443,124,302.48,37507.52
POL0004153,PO000742,P0254,29,1359.14,39415.06
POL0004154,PO000742,P0426,127,709.42,90096.34
POL0004155,PO000743,P0311,141,199.22,28090.02
POL0004156,PO000743,P0029,68,14.89,1012.52
POL0004157,PO000743,P0032,17,16.28,276.76
POL0004158,PO000743,P0481,52,21.5,1118.0
POL0004159,PO000743,P0167,36,24.83,893.88
POL0004160,PO000744,P0160,1,311680.89,311680.89
POL0004161,PO000744,P0391,1,247449.78,247449.78
POL0004162,PO000744,P0269,1,155584.21,155584.21
POL0004163,PO000744,P0279,1,8914013.21,8914013.21
POL0004164,PO000744,P0169,1,131953.11,131953.11
POL0004165,PO000744,P0092,1,1545480.99,1545480.99
POL0004166,PO000744,P0247,1,268124.6,268124.6
POL0004167,PO000744,P0492,1,92716.74,92716.74
POL0004168,PO000745,P0202,10,67.14,671.4
POL0004169,PO000745,P0216,25,426.43,10660.75
POL0004170,PO000745,P0500,50,207.94,10397.0
POL0004171,PO000745,P0488,26,147.18,3826.68
POL0004172,PO000745,P0319,18,68.47,1232.46
POL0004173,PO000745,P0359,39,263.06,10259.34
POL0004174,PO000745,P0180,107,172.49,18456.43
POL0004175,PO000746,P0130,20,35.06,701.2
POL0004176,PO000746,P0339,1,88303.97,88303.97
POL0004177,PO000746,P0341,1,18683374.02,18683374.02
POL0004178,PO000746,P0233,1,797142.23,797142.23
POL0004179,PO000746,P0128,1,16961732.74,16961732.74
POL0004180,PO000746,P0007,1,126932.53,126932.53
POL0004181,PO000746,P0247,1,255976.23,255976.23
POL0004182,PO000747,P0007,1,112597.95,112597.95
POL0004183,PO000747,P0127,1,15001207.68,15001207.68
POL0004184,PO000747,P0197,1,12147612.44,12147612.44
POL0004185,PO000747,P0030,1,329284.78,329284.78
POL0004186,PO000747,P0044,1,202920.11,202920.11
POL0004187,PO000747,P0361,1,211824.36,211824.36
POL0004188,PO000748,P0415,14,16.25,227.5
POL0004189,PO000748,P0479,14,19.36,271.04
POL0004190,PO000748,P0087,87,66.25,5763.75
POL0004191,PO000748,P0023,53,81.32,4309.96
POL0004192,PO000748,P0242,63,42.53,2679.39
POL0004193,PO000748,P0006,11,49.85,548.35
POL0004194,PO000748,P0444,73,83.85,6121.05
POL0004195,PO000748,P0382,62,90.14,5588.68
POL0004196,PO000749,P0225,41,85.63,3510.83
POL0004197,PO000749,P0487,31,58.95,1827.45
POL0004198,PO000749,P0236,23,4.88,112.24
POL0004199,PO000749,P0416,38,106.51,4047.38
POL0004200,PO000749,P0379,7,16.01,112.07
POL0004201,PO000750,P0320,1,50.65,50.65
POL0004202,PO000750,P0478,63,41.59,2620.17
POL0004203,PO000750,P0154,14,50.37,705.18
POL0004204,PO000750,P0259,37,221.66,8201.42
POL0004205,PO000750,P0455,53,61.74,3272.22
POL0004206,PO000750,P0400,54,100.44,5423.76
POL0004207,PO000750,P0086,14,266.01,3724.14
POL0004208,PO000750,P0441,27,49.17,1327.59
POL0004209,PO000751,P0086,65,265.9,17283.5
POL0004210,PO000751,P0326,41,55.97,2294.77
POL0004211,PO000751,P0120,39,25.08,978.12
POL0004212,PO000751,P0378,127,26.52,3368.04
POL0004213,PO000751,P0364,87,150.42,13086.54
POL0004214,PO000751,P0455,16,61.86,989.76
POL0004215,PO000752,P0173,1,180804.17,180804.17
POL0004216,PO000752,P0122,1,123453.98,123453.98
POL0004217,PO000752,P0471,1,202534.05,202534.05
POL0004218,PO000753,P0015,14,216.27,3027.78
POL0004219,PO000753,P0149,113,1377.89,155701.57
POL0004220,PO000753,P0438,83,514.36,42691.88
POL0004221,PO000753,P0031,8,341.23,2729.84
POL0004222,PO000754,P0130,19,35.06,666.14
POL0004223,PO000754,P0288,1,102971.49,102971.49
POL0004224,PO000754,P0405,1,17140121.62,17140121.62
POL0004225,PO000754,P0012,1,7852821.88,7852821.88
POL0004226,PO000755,P0432,1,13927408.31,13927408.31
POL0004227,PO000755,P0296,1,6347204.12,6347204.12
POL0004228,PO000755,P0403,1,150638.74,150638.74
POL0004229,PO000755,P0110,1,862932.06,862932.06
POL0004230,PO000756,P0336,58,56.41,3271.78
POL0004231,PO000756,P0448,3,460.68,1382.04
POL0004232,PO000756,P0106,1,145.08,145.08
POL0004233,PO000756,P0113,20,247.3,4946.0
POL0004234,PO000757,P0024,118,33.42,3943.56
POL0004235,PO000757,P0120,20,25.08,501.6
POL0004236,PO000757,P0364,56,150.42,8423.52
POL0004237,PO000758,P0425,22,50.19,1104.18
POL0004238,PO000758,P0027,1,14.01,14.01
POL0004239,PO000758,P0311,79,199.22,15738.38
POL0004240,PO000758,P0407,51,14.25,726.75
POL0004241,PO000758,P0297,3,13.41,40.23
POL0004242,PO000759,P0381,25,216.39,5409.75
POL0004243,PO000759,P0259,34,221.66,7536.44
POL0004244,PO000759,P0436,40,15.81,632.4
POL0004245,PO000759,P0154,25,50.37,1259.25
POL0004246,PO000759,P0320,1,50.65,50.65
POL0004247,PO000759,P0400,41,100.44,4118.04
POL0004248,PO000759,P0086,20,266.01,5320.2
POL0004249,PO000759,P0455,70,61.74,4321.8
POL0004250,PO000760,P0134,93,1415.37,131629.41
POL0004251,PO000760,P0073,30,530.39,15911.7
POL0004252,PO000760,P0309,32,710.83,22746.56
POL0004253,PO000760,P0282,45,396.39,17837.55
POL0004254,PO000760,P0155,67,1128.29,75595.43
POL0004255,PO000760,P0097,56,620.31,34737.36
POL0004256,PO000761,P0299,56,734.05,41106.8
POL0004257,PO000761,P0324,31,415.52,12881.12
POL0004258,PO000761,P0427,76,441.97,33589.72
POL0004259,PO000761,P0257,22,734.22,16152.84
POL0004260,PO000761,P0316,10,366.47,3664.7
POL0004261,PO000761,P0237,137,385.66,52835.42
POL0004262,PO000761,P0330,99,302.2,29917.8
POL0004263,PO000761,P0304,50,246.12,12306.0
POL0004264,PO000762,P0051,1,997169.4,997169.4
POL0004265,PO000762,P0375,1,685993.55,685993.55
POL0004266,PO000762,P0025,1,6465520.6,6465520.6
POL0004267,PO000762,P0468,1,4759251.48,4759251.48
POL0004268,PO000763,P0286,57,63.39,3613.23
POL0004269,PO000763,P0192,13,41.51,539.63
POL0004270,PO000763,P0402,9,7.59,68.31
POL0004271,PO000763,P0465,11,7.62,83.82
POL0004272,PO000763,P0297,2,13.41,26.82
POL0004273,PO000763,P0290,17,16.13,274.21
POL0004274,PO000763,P0481,79,21.5,1698.5
POL0004275,PO000763,P0489,17,11.19,190.23
POL0004276,PO000764,P0017,53,80.49,4265.97
POL0004277,PO000764,P0302,25,29.0,725.0
POL0004278,PO000764,P0186,6,58.06,348.36
POL0004279,PO000764,P0225,12,77.36,928.32
POL0004280,PO000764,P0139,99,8.25,816.75
POL0004281,PO000764,P0227,64,25.08,1605.12
POL0004282,PO000764,P0385,32,13.54,433.28
POL0004283,PO000764,P0144,121,102.28,12375.88
POL0004284,PO000765,P0455,42,61.74,2593.08
POL0004285,PO000765,P0436,33,15.81,521.73
POL0004286,PO000765,P0154,17,50.37,856.29
POL0004287,PO000765,P0478,80,41.59,3327.2
POL0004288,PO000765,P0400,29,100.44,2912.76
POL0004289,PO000765,P0320,1,50.65,50.65
POL0004290,PO000765,P0259,24,221.66,5319.84
POL0004291,PO000765,P0086,38,266.01,10108.38
POL0004292,PO000766,P0038,69,13.94,961.86
POL0004293,PO000766,P0332,93,37.8,3515.4
POL0004294,PO000766,P0108,21,68.68,1442.28
POL0004295,PO000766,P0382,18,94.51,1701.18
POL0004296,PO000766,P0125,85,94.03,7992.55
POL0004297,PO000767,P0110,1,864824.96,864824.96
POL0004298,PO000767,P0091,1,174233.87,174233.87
POL0004299,PO000767,P0012,1,7852821.88,7852821.88
POL0004300,PO000767,P0235,1,222422.86,222422.86
POL0004301,PO000767,P0199,1,6727649.34,6727649.34
POL0004302,PO000767,P0132,1,1262977.63,1262977.63
POL0004303,PO000767,P0431,1,11104599.76,11104599.76
POL0004304,PO000767,P0233,1,797142.23,797142.23
POL0004305,PO000768,P0086,51,265.9,13560.9
POL0004306,PO000768,P0120,26,25.08,652.08
POL0004307,PO000768,P0202,63,68.38,4307.94
POL0004308,PO000768,P0326,58,55.97,3246.26
POL0004309,PO000768,P0345,19,15.99,303.81
POL0004310,PO000768,P0378,91,26.52,2413.32
POL0004311,PO000768,P0024,36,33.42,1203.12
POL0004312,PO000769,P0072,1,4515489.92,4515489.92
POL0004313,PO000769,P0190,108,31.9,3445.2
POL0004314,PO000769,P0197,1,11609581.97,11609581.97
POL0004315,PO000769,P0189,1,803043.44,803043.44
POL0004316,PO000769,P0377,1,250687.83,250687.83
POL0004317,PO000770,P0131,1,484227.91,484227.91
POL0004318,PO000770,P0348,1,92635.01,92635.01
POL0004319,PO000770,P0375,1,685993.55,685993.55
POL0004320,PO000770,P0494,1,1444541.38,1444541.38
POL0004321,PO000770,P0430,1,16482320.05,16482320.05
POL0004322,PO000771,P0078,1,697324.07,697324.07
POL0004323,PO000771,P0083,1,124827.91,124827.91
POL0004324,PO000771,P0340,1,171341.58,171341.58
POL0004325,PO000771,P0436,49,13.93,682.57
POL0004326,PO000771,P0353,1,168109.33,168109.33
POL0004327,PO000772,P0400,61,100.44,6126.84
POL0004328,PO000772,P0478,52,41.59,2162.68
POL0004329,PO000772,P0320,1,50.65,50.65
POL0004330,PO000772,P0086,12,266.01,3192.12
POL0004331,PO000773,P0238,1,1418008.28,1418008.28
POL0004332,PO000773,P0240,1,14205022.41,14205022.41
POL0004333,PO000773,P0374,1,923366.05,923366.05
POL0004334,PO000773,P0119,1,132199.74,132199.74
POL0004335,PO000773,P0305,1,1214467.32,1214467.32
POL0004336,PO000773,P0004,1,206391.17,206391.17
POL0004337,PO000773,P0005,1,1027812.42,1027812.42
POL0004338,PO000774,P0013,1,274511.39,274511.39
POL0004339,PO000774,P0211,1,161121.08,161121.08
POL0004340,PO000774,P0160,1,312576.71,312576.71
POL0004341,PO000774,P0127,1,15001207.68,15001207.68
POL0004342,PO000774,P0169,1,150880.99,150880.99
POL0004343,PO000774,P0340,1,171341.58,171341.58
POL0004344,PO000774,P0019,1,129009.25,129009.25
POL0004345,PO000774,P0091,1,180652.1,180652.1
POL0004346,PO000775,P0436,10,15.81,158.1
POL0004347,PO000775,P0478,105,41.59,4366.95
POL0004348,PO000775,P0400,44,100.44,4419.36
POL0004349,PO000775,P0441,33,49.17,1622.61
POL0004350,PO000775,P0259,27,221.66,5984.82
POL0004351,PO000775,P0320,1,50.65,50.65
POL0004352,PO000775,P0455,73,61.74,4507.02
POL0004353,PO000775,P0381,36,216.39,7790.04
POL0004354,PO000776,P0124,1,256940.28,256940.28
POL0004355,PO000776,P0468,1,4759251.48,4759251.48
POL0004356,PO000776,P0334,20,55.3,1106.0
POL0004357,PO000776,P0335,1,1405336.51,1405336.51
POL0004358,PO000776,P0314,96,45.2,4339.2
POL0004359,PO000776,P0260,1,10149453.62,10149453.62
POL0004360,PO000777,P0138,21,55.62,1168.02
POL0004361,PO000777,P0285,59,12.88,759.92
POL0004362,PO000777,P0469,5,21.02,105.1
POL0004363,PO000777,P0311,116,199.22,23109.52
POL0004364,PO000777,P0394,48,10.89,522.72
POL0004365,PO000777,P0424,102,51.61,5264.22
POL0004366,PO000777,P0081,41,12.35,506.35
POL0004367,PO000777,P0192,13,41.51,539.63
POL0004368,PO000778,P0441,34,49.17,1671.78
POL0004369,PO000778,P0478,43,41.59,1788.37
POL0004370,PO000778,P0381,45,216.39,9737.55
POL0004371,PO000778,P0320,1,50.65,50.65
POL0004372,PO000778,P0455,26,61.74,1605.24
POL0004373,PO000779,P0290,76,16.13,1225.88
POL0004374,PO000779,P0406,36,9.98,359.28
POL0004375,PO000779,P0285,49,12.88,631.12
POL0004376,PO000779,P0366,89,9.45,841.05
POL0004377,PO000779,P0286,46,63.39,2915.94
POL0004378,PO000780,P0086,54,265.9,14358.6
POL0004379,PO000780,P0154,20,52.13,1042.6
POL0004380,PO000780,P0484,52,121.88,6337.76
POL0004381,PO000780,P0202,70,68.38,4786.6
POL0004382,PO000780,P0120,22,25.08,551.76
POL0004383,PO000780,P0388,13,28.25,367.25
POL0004384,PO000780,P0364,74,150.42,11131.08
POL0004385,PO000780,P0024,128,33.42,4277.76
POL0004386,PO000781,P0068,15,7.11,106.65
POL0004387,PO000781,P0290,53,16.13,854.89
POL0004388,PO000781,P0138,38,55.62,2113.56
POL0004389,PO000781,P0056,41,4.94,202.54
POL0004390,PO000781,P0121,86,6.72,577.92
POL0004391,PO000782,P0270,100,518.33,51833.0
POL0004392,PO000782,P0319,25,68.47,1711.75
POL0004393,PO000782,P0336,36,56.41,2030.76
POL0004394,PO000783,P0364,85,150.42,12785.7
POL0004395,PO000783,P0154,22,52.13,1146.86
POL0004396,PO000783,P0455,17,61.86,1051.62
POL0004397,PO000783,P0326,48,55.97,2686.56
POL0004398,PO000783,P0024,66,33.42,2205.72
POL0004399,PO000783,P0388,17,28.25,480.25
POL0004400,PO000784,P0290,33,16.13,532.29
POL0004401,PO000784,P0100,26,7.1,184.6
POL0004402,PO000784,P0311,72,199.22,14343.84
POL0004403,PO000785,P0221,77,16.53,1272.81
POL0004404,PO000785,P0479,5,19.36,96.8
POL0004405,PO000785,P0158,64,77.21,4941.44
POL0004406,PO000785,P0412,9,5.79,52.11
POL0004407,PO000785,P0230,127,39.94,5072.38
POL0004408,PO000785,P0024,28,35.64,997.92
POL0004409,PO000786,P0490,1,303361.7,303361.7
POL0004410,PO000786,P0145,1,85598.4,85598.4
POL0004411,PO000786,P0428,20,102.34,2046.8
POL0004412,PO000786,P0018,1,150400.62,150400.62
POL0004413,PO000786,P0226,1,243318.83,243318.83
POL0004414,PO000786,P0260,1,10552249.87,10552249.87
POL0004415,PO000787,P0066,20,420.86,8417.2
POL0004416,PO000787,P0308,82,524.34,42995.88
POL0004417,PO000787,P0107,51,624.7,31859.7
POL0004418,PO000787,P0102,53,271.89,14410.17
POL0004419,PO000787,P0419,31,1433.51,44438.81
POL0004420,PO000788,P0165,123,89.69,11031.87
POL0004421,PO000788,P0113,36,252.71,9097.56
POL0004422,PO000788,P0242,78,42.53,3317.34
POL0004423,PO000788,P0159,32,58.61,1875.52
POL0004424,PO000789,P0499,12,45.74,548.88
POL0004425,PO000789,P0480,37,104.38,3862.06
POL0004426,PO000789,P0332,72,37.7,2714.4
POL0004427,PO000790,P0158,85,77.21,6562.85
POL0004428,PO000790,P0344,69,5.5,379.5
POL0004429,PO000790,P0397,27,15.1,407.7
POL0004430,PO000790,P0108,22,76.04,1672.88
POL0004431,PO000790,P0230,96,39.94,3834.24
POL0004432,PO000790,P0421,23,46.29,1064.67
POL0004433,PO000791,P0008,1,1440988.83,1440988.83
POL0004434,PO000791,P0417,1,196910.89,196910.89
POL0004435,PO000791,P0014,1,136100.54,136100.54
POL0004436,PO000791,P0127,1,16132217.29,16132217.29
POL0004437,PO000791,P0004,1,206391.17,206391.17
POL0004438,PO000791,P0335,1,1405336.51,1405336.51
POL0004439,PO000791,P0260,1,10149453.62,10149453.62
POL0004440,PO000791,P0430,1,16482320.05,16482320.05
POL0004441,PO000792,P0345,61,15.99,975.39
POL0004442,PO000792,P0388,20,28.25,565.0
POL0004443,PO000792,P0326,27,55.97,1511.19
POL0004444,PO000793,P0110,1,862932.06,862932.06
POL0004445,PO000793,P0492,1,91460.99,91460.99
POL0004446,PO000793,P0025,1,6465520.6,6465520.6
POL0004447,PO000794,P0056,54,4.94,266.76
POL0004448,PO000794,P0466,32,6.35,203.2
POL0004449,PO000794,P0489,28,11.19,313.32
POL0004450,PO000794,P0068,11,7.11,78.21
POL0004451,PO000794,P0188,33,20.82,687.06
POL0004452,PO000794,P0264,71,18.96,1346.16
POL0004453,PO000794,P0406,84,9.98,838.32
POL0004454,PO000794,P0286,98,63.39,6212.22
POL0004455,PO000795,P0500,36,207.94,7485.84
POL0004456,PO000795,P0454,7,518.59,3630.13
POL0004457,PO000795,P0180,66,172.49,11384.34
POL0004458,PO000795,P0343,59,159.34,9401.06
POL0004459,PO000795,P0035,74,351.44,26006.56
POL0004460,PO000796,P0378,106,26.52,2811.12
POL0004461,PO000796,P0388,20,28.25,565.0
POL0004462,PO000796,P0120,29,25.08,727.32
POL0004463,PO000796,P0202,80,68.38,5470.4
POL0004464,PO000796,P0364,38,150.42,5715.96
POL0004465,PO000796,P0086,34,265.9,9040.6
POL0004466,PO000796,P0154,72,52.13,3753.36
POL0004467,PO000796,P0345,44,15.99,703.56
POL0004468,PO000797,P0047,9,70.39,633.51
POL0004469,PO000797,P0436,76,13.93,1058.68
POL0004470,PO000797,P0307,1,1168387.79,1168387.79
POL0004471,PO000797,P0122,1,114380.03,114380.03
POL0004472,PO000797,P0028,1,798430.22,798430.22
POL0004473,PO000798,P0205,14,275.33,3854.62
POL0004474,PO000798,P0393,17,1449.38,24639.46
POL0004475,PO000798,P0330,57,299.59,17076.63
POL0004476,PO000799,P0362,105,18.51,1943.55
POL0004477,PO000799,P0057,43,17.49,752.07
POL0004478,PO000799,P0366,39,9.45,368.55
POL0004479,PO000799,P0121,41,6.72,275.52
POL0004480,PO000799,P0252,72,6.43,462.96
POL0004481,PO000799,P0424,104,51.61,5367.44
POL0004482,PO000799,P0070,23,21.35,491.05
POL0004483,PO000799,P0167,36,24.83,893.88
POL0004484,PO000800,P0048,31,429.36,13310.16
POL0004485,PO000800,P0308,45,572.92,25781.4
POL0004486,PO000800,P0294,52,528.06,27459.12
POL0004487,PO000800,P0114,16,1426.13,22818.08
POL0004488,PO000800,P0031,2,341.23,682.46
POL0004489,PO000800,P0073,14,530.39,7425.46
POL0004490,PO000800,P0219,13,249.21,3239.73
POL0004491,PO000800,P0376,2,578.06,1156.12
POL0004492,PO000801,P0412,17,5.79,98.43
POL0004493,PO000801,P0142,82,92.43,7579.26
POL0004494,PO000801,P0250,36,42.06,1514.16
POL0004495,PO000802,P0285,48,12.88,618.24
POL0004496,PO000802,P0362,90,18.51,1665.9
POL0004497,PO000802,P0402,14,7.59,106.26
POL0004498,PO000803,P0042,58,1554.8,90178.4
POL0004499,PO000803,P0155,115,1058.72,121752.8
POL0004500,PO000803,P0179,25,300.08,7502.0
POL0004501,PO000803,P0045,18,374.69,6744.42
POL0004502,PO000804,P0345,55,15.99,879.45
POL0004503,PO000804,P0364,33,150.42,4963.86
POL0004504,PO000804,P0154,57,52.13,2971.41
POL0004505,PO000804,P0484,90,121.88,10969.2
POL0004506,PO000804,P0326,32,55.97,1791.04
POL0004507,PO000805,P0212,114,430.82,49113.48
POL0004508,PO000805,P0255,38,407.35,15479.3
POL0004509,PO000805,P0294,39,528.06,20594.34
POL0004510,PO000805,P0102,68,248.0,16864.0
POL0004511,PO000805,P0298,30,84.76,2542.8
POL0004512,PO000805,P0073,40,530.39,21215.6
POL0004513,PO000805,P0037,116,1630.21,189104.36
POL0004514,PO000806,P0340,1,171341.58,171341.58
POL0004515,PO000806,P0077,1,125567.34,125567.34
POL0004516,PO000806,P0379,65,18.47,1200.55
POL0004517,PO000806,P0462,1,151623.95,151623.95
POL0004518,PO000806,P0127,1,15001207.68,15001207.68
POL0004519,PO000806,P0303,1,510527.41,510527.41
POL0004520,PO000806,P0473,1,128717.43,128717.43
POL0004521,PO000807,P0364,84,150.42,12635.28
POL0004522,PO000807,P0378,55,26.52,1458.6
POL0004523,PO000807,P0154,53,52.13,2762.89
POL0004524,PO000808,P0169,1,131953.11,131953.11
POL0004525,PO000808,P0245,1,80377.76,80377.76
POL0004526,PO000808,P0096,1,196947.49,196947.49
POL0004527,PO000808,P0474,1,947184.85,947184.85
POL0004528,PO000809,P0248,63,34.75,2189.25
POL0004529,PO000809,P0118,17,57.09,970.53
POL0004530,PO000809,P0302,57,28.25,1610.25
POL0004531,PO000809,P0493,43,8.1,348.3
POL0004532,PO000809,P0165,31,98.63,3057.53
POL0004533,PO000809,P0312,50,52.84,2642.0
POL0004534,PO000809,P0477,39,57.88,2257.32
POL0004535,PO000810,P0493,65,8.1,526.5
POL0004536,PO000810,P0111,25,7.78,194.5
POL0004537,PO000810,P0141,23,21.05,484.15
POL0004538,PO000810,P0055,14,39.56,553.84
POL0004539,PO000811,P0202,39,68.38,2666.82
POL0004540,PO000811,P0364,94,150.42,14139.48
POL0004541,PO000811,P0154,57,52.13,2971.41
POL0004542,PO000811,P0120,39,25.08,978.12
POL0004543,PO000811,P0345,22,15.99,351.78
POL0004544,PO000811,P0086,18,265.9,4786.2
POL0004545,PO000811,P0484,89,121.88,10847.32
POL0004546,PO000811,P0455,7,61.86,433.02
POL0004547,PO000812,P0424,53,51.61,2735.33
POL0004548,PO000812,P0297,5,13.41,67.05
POL0004549,PO000812,P0027,1,14.01,14.01
POL0004550,PO000812,P0081,40,12.35,494.0
POL0004551,PO000812,P0029,61,14.89,908.29
POL0004552,PO000812,P0466,26,6.35,165.1
POL0004553,PO000812,P0100,43,7.1,305.3
POL0004554,PO000812,P0062,12,15.86,190.32
POL0004555,PO000813,P0468,1,5093522.13,5093522.13
POL0004556,PO000813,P0460,1,557990.52,557990.52
POL0004557,PO000813,P0434,6,68.9,413.4
POL0004558,PO000814,P0325,56,319.94,17916.64
POL0004559,PO000814,P0157,37,716.55,26512.35
POL0004560,PO000814,P0116,120,331.59,39790.8
POL0004561,PO000814,P0323,37,257.07,9511.59
POL0004562,PO000814,P0373,32,377.15,12068.8
POL0004563,PO000815,P0391,1,247449.78,247449.78
POL0004564,PO000815,P0222,1,271376.46,271376.46
POL0004565,PO000815,P0482,139,184.7,25673.3
POL0004566,PO000816,P0428,30,102.34,3070.2
POL0004567,PO000816,P0143,1,182840.72,182840.72
POL0004568,PO000816,P0007,1,112597.95,112597.95
POL0004569,PO000816,P0128,1,16039879.28,16039879.28
POL0004570,PO000817,P0441,54,49.17,2655.18
POL0004571,PO000817,P0086,26,266.01,6916.26
POL0004572,PO000817,P0436,14,15.81,221.34
POL0004573,PO000817,P0478,69,41.59,2869.71
POL0004574,PO000817,P0455,67,61.74,4136.58
POL0004575,PO000818,P0364,35,150.42,5264.7
POL0004576,PO000818,P0086,38,265.9,10104.2
POL0004577,PO000818,P0378,81,26.52,2148.12
POL0004578,PO000818,P0455,19,61.86,1175.34
POL0004579,PO000818,P0024,62,33.42,2072.04
POL0004580,PO000819,P0034,74,16.69,1235.06
POL0004581,PO000819,P0390,56,52.04,2914.24
POL0004582,PO000819,P0203,46,27.74,1276.04
POL0004583,PO000819,P0449,8,57.49,459.92
POL0004584,PO000819,P0351,16,115.93,1854.88
POL0004585,PO000819,P0421,26,48.09,1250.34
POL0004586,PO000820,P0243,1,253184.52,253184.52
POL0004587,PO000820,P0462,1,151623.95,151623.95
POL0004588,PO000820,P0354,1,642479.54,642479.54
POL0004589,PO000820,P0007,1,112597.95,112597.95
POL0004590,PO000821,P0133,91,492.74,44839.34
POL0004591,PO000821,P0256,48,789.44,37893.12
POL0004592,PO000821,P0241,112,458.92,51399.04
POL0004593,PO000821,P0170,40,885.32,35412.8
POL0004594,PO000821,P0456,42,1290.22,54189.24
POL0004595,PO000821,P0458,49,612.11,29993.39
POL0004596,PO000822,P0345,52,15.99,831.48
POL0004597,PO000822,P0120,9,25.08,225.72
POL0004598,PO000822,P0154,70,52.13,3649.1
POL0004599,PO000822,P0378,117,26.52,3102.84
POL0004600,PO000822,P0024,140,33.42,4678.8
POL0004601,PO000822,P0484,117,121.88,14259.96
POL0004602,PO000823,P0035,78,351.44,27412.32
POL0004603,PO000823,P0399,40,434.36,17374.4
POL0004604,PO000823,P0084,77,200.65,15450.05
POL0004605,PO000823,P0026,36,242.51,8730.36
POL0004606,PO000824,P0320,1,50.65,50.65
POL0004607,PO000824,P0400,29,100.44,2912.76
POL0004608,PO000824,P0441,56,49.17,2753.52
POL0004609,PO000825,P0364,88,150.42,13236.96
POL0004610,PO000825,P0154,64,52.13,3336.32
POL0004611,PO000825,P0345,60,15.99,959.4
POL0004612,PO000825,P0202,98,68.38,6701.24
POL0004613,PO000825,P0455,23,61.86,1422.78
POL0004614,PO000826,P0307,1,1168387.79,1168387.79
POL0004615,PO000826,P0310,1,282029.61,282029.61
POL0004616,PO000826,P0124,1,264915.01,264915.01
POL0004617,PO000826,P0347,1,336529.58,336529.58
POL0004618,PO000827,P0014,1,136100.54,136100.54
POL0004619,PO000827,P0251,1,286866.75,286866.75
POL0004620,PO000827,P0424,100,56.09,5609.0
POL0004621,PO000827,P0348,1,92635.01,92635.01
POL0004622,PO000827,P0124,1,256940.28,256940.28
POL0004623,PO000827,P0494,1,1444541.38,1444541.38
POL0004624,PO000827,P0145,1,84593.91,84593.91
POL0004625,PO000828,P0378,114,26.52,3023.28
POL0004626,PO000828,P0086,59,265.9,15688.1
POL0004627,PO000828,P0455,12,61.86,742.32
POL0004628,PO000829,P0129,53,27.29,1446.37
POL0004629,PO000829,P0215,111,16.53,1834.83
POL0004630,PO000829,P0015,107,226.35,24219.45
POL0004631,PO000829,P0415,35,16.25,568.75
POL0004632,PO000829,P0467,22,12.99,285.78
POL0004633,PO000829,P0210,91,14.07,1280.37
POL0004634,PO000830,P0413,10,347.0,3470.0
POL0004635,PO000830,P0343,104,159.34,16571.36
POL0004636,PO000830,P0113,11,247.3,2720.3
POL0004637,PO000830,P0327,44,17.15,754.6
POL0004638,PO000830,P0035,76,351.44,26709.44
POL0004639,PO000830,P0052,138,237.49,32773.62
POL0004640,PO000830,P0135,10,171.18,1711.8
POL0004641,PO000831,P0326,63,55.97,3526.11
POL0004642,PO000831,P0024,90,33.42,3007.8
POL0004643,PO000831,P0345,33,15.99,527.67
POL0004644,PO000831,P0484,54,121.88,6581.52
POL0004645,PO000832,P0071,1,1066271.15,1066271.15
POL0004646,PO000832,P0296,1,6541232.72,6541232.72
POL0004647,PO000832,P0245,1,80377.76,80377.76
POL0004648,PO000832,P0492,1,92716.74,92716.74
POL0004649,PO000832,P0044,1,188078.27,188078.27
POL0004650,PO000833,P0067,50,383.3,19165.0
POL0004651,PO000833,P0049,44,348.3,15325.2
POL0004652,PO000833,P0064,67,532.78,35696.26
POL0004653,PO000834,P0394,19,10.89,206.91
POL0004654,PO000834,P0070,77,21.35,1643.95
POL0004655,PO000834,P0192,10,41.51,415.1
POL0004656,PO000834,P0068,32,7.11,227.52
POL0004657,PO000834,P0362,103,18.51,1906.53
POL0004658,PO000834,P0407,39,14.25,555.75
POL0004659,PO000835,P0197,1,11609581.97,11609581.97
POL0004660,PO000835,P0405,1,16849942.03,16849942.03
POL0004661,PO000835,P0126,84,42.65,3582.6
POL0004662,PO000836,P0099,1,17367895.69,17367895.69
POL0004663,PO000836,P0071,1,1127706.26,1127706.26
POL0004664,PO000836,P0007,1,112597.95,112597.95
POL0004665,PO000836,P0047,19,70.39,1337.41
POL0004666,PO000836,P0342,122,100.31,12237.82
POL0004667,PO000837,P0335,1,1405336.51,1405336.51
POL0004668,PO000837,P0424,34,56.09,1907.06
POL0004669,PO000837,P0122,1,110618.64,110618.64
POL0004670,PO000837,P0110,1,862932.06,862932.06
POL0004671,PO000837,P0069,1,16232251.47,16232251.47
POL0004672,PO000837,P0078,1,721366.72,721366.72
POL0004673,PO000837,P0334,67,55.3,3705.1
POL0004674,PO000837,P0209,1,1586872.28,1586872.28
POL0004675,PO000838,P0326,50,55.97,2798.5
POL0004676,PO000838,P0345,48,15.99,767.52
POL0004677,PO000838,P0086,13,265.9,3456.7
POL0004678,PO000838,P0484,35,121.88,4265.8
POL0004679,PO000838,P0378,131,26.52,3474.12
POL0004680,PO000838,P0388,13,28.25,367.25
POL0004681,PO000839,P0420,1,221435.23,221435.23
POL0004682,PO000839,P0167,42,24.27,1019.34
POL0004683,PO000839,P0303,1,491270.84,491270.84
POL0004684,PO000839,P0019,1,148863.96,148863.96
POL0004685,PO000839,P0384,1,161638.46,161638.46
POL0004686,PO000839,P0491,1,214546.98,214546.98
POL0004687,PO000839,P0101,1,321872.75,321872.75
POL0004688,PO000840,P0416,64,106.51,6816.64
POL0004689,PO000840,P0440,75,15.85,1188.75
POL0004690,PO000840,P0108,67,68.68,4601.56
POL0004691,PO000840,P0358,11,19.65,216.15
POL0004692,PO000840,P0087,48,68.28,3277.44
POL0004693,PO000840,P0213,41,54.82,2247.62
POL0004694,PO000840,P0382,60,94.51,5670.6
POL0004695,PO000840,P0383,38,25.83,981.54
POL0004696,PO000841,P0372,121,16.19,1958.99
POL0004697,PO000841,P0176,77,105.73,8141.21
POL0004698,PO000841,P0472,16,99.82,1597.12
POL0004699,PO000841,P0104,35,81.01,2835.35
POL0004700,PO000841,P0196,60,46.81,2808.6
POL0004701,PO000841,P0125,5,84.42,422.1
POL0004702,PO000841,P0142,26,92.43,2403.18
POL0004703,PO000841,P0356,71,121.36,8616.56
POL0004704,PO000842,P0474,1,932593.41,932593.41
POL0004705,PO000842,P0232,1,170440.95,170440.95
POL0004706,PO000842,P0109,1,235252.2,235252.2
POL0004707,PO000842,P0120,93,26.83,2495.19
POL0004708,PO000842,P0468,1,5093522.13,5093522.13
POL0004709,PO000843,P0056,115,4.94,568.1
POL0004710,PO000843,P0407,17,14.25,242.25
POL0004711,PO000843,P0366,23,9.45,217.35
POL0004712,PO000843,P0188,41,20.82,853.62
POL0004713,PO000843,P0337,81,10.26,831.06
POL0004714,PO000843,P0311,46,199.22,9164.12
POL0004715,PO000843,P0402,14,7.59,106.26
POL0004716,PO000844,P0174,34,80.07,2722.38
POL0004717,PO000844,P0023,48,79.18,3800.64
POL0004718,PO000844,P0224,50,6.75,337.5
POL0004719,PO000844,P0165,51,98.63,5030.13
POL0004720,PO000844,P0210,1,13.93,13.93
POL0004721,PO000844,P0034,45,16.69,751.05
POL0004722,PO000844,P0470,9,34.1,306.9
POL0004723,PO000844,P0227,73,24.32,1775.36
POL0004724,PO000845,P0120,20,25.08,501.6
POL0004725,PO000845,P0364,64,150.42,9626.88
POL0004726,PO000845,P0326,21,55.97,1175.37
POL0004727,PO000845,P0455,18,61.86,1113.48
POL0004728,PO000846,P0071,1,1127706.26,1127706.26
POL0004729,PO000846,P0243,1,253184.52,253184.52
POL0004730,PO000846,P0079,1,1090663.02,1090663.02
POL0004731,PO000847,P0290,74,16.13,1193.62
POL0004732,PO000847,P0121,110,6.72,739.2
POL0004733,PO000847,P0188,95,20.82,1977.9
POL0004734,PO000848,P0100,45,7.1,319.5
POL0004735,PO000848,P0366,18,9.45,170.1
POL0004736,PO000848,P0167,45,24.83,1117.35
POL0004737,PO000848,P0188,26,20.82,541.32
POL0004738,PO000848,P0057,46,17.49,804.54
POL0004739,PO000848,P0450,78,6.83,532.74
POL0004740,PO000848,P0138,39,55.62,2169.18
POL0004741,PO000849,P0202,113,68.38,7726.94
POL0004742,PO000849,P0378,104,26.52,2758.08
POL0004743,PO000849,P0326,26,55.97,1455.22
POL0004744,PO000849,P0154,61,52.13,3179.93
POL0004745,PO000849,P0388,8,28.25,226.0
POL0004746,PO000849,P0455,8,61.86,494.88
POL0004747,PO000849,P0120,32,25.08,802.56
POL0004748,PO000850,P0138,29,55.62,1612.98
POL0004749,PO000850,P0366,82,9.45,774.9
POL0004750,PO000850,P0337,67,10.26,687.42
POL0004751,PO000850,P0450,76,6.83,519.08
POL0004752,PO000850,P0070,50,21.35,1067.5
POL0004753,PO000850,P0489,26,11.19,290.94
POL0004754,PO000850,P0394,39,10.89,424.71
POL0004755,PO000850,P0056,69,4.94,340.86
POL0004756,PO000851,P0352,35,264.47,9256.45
POL0004757,PO000851,P0387,43,483.25,20779.75
POL0004758,PO000851,P0049,35,348.3,12190.5
POL0004759,PO000851,P0156,51,237.13,12093.63
POL0004760,PO000851,P0359,86,263.06,22623.16
POL0004761,PO000852,P0488,29,147.18,4268.22
POL0004762,PO000852,P0500,119,207.94,24744.86
POL0004763,PO000852,P0270,120,518.33,62199.6
POL0004764,PO000852,P0049,44,348.3,15325.2
POL0004765,PO000852,P0387,106,483.25,51224.5
POL0004766,PO000853,P0251,1,286866.75,286866.75
POL0004767,PO000853,P0177,1,131979.25,131979.25
POL0004768,PO000853,P0247,1,252767.12,252767.12
POL0004769,PO000853,P0306,1,163911.49,163911.49
POL0004770,PO000854,P0375,1,685993.55,685993.55
POL0004771,PO000854,P0492,1,91460.99,91460.99
POL0004772,PO000854,P0306,1,163911.49,163911.49
POL0004773,PO000854,P0197,1,11715603.24,11715603.24
POL0004774,PO000855,P0461,1,40.78,40.78
POL0004775,PO000855,P0357,111,18.61,2065.71
POL0004776,PO000855,P0229,32,84.68,2709.76
POL0004777,PO000855,P0125,42,94.03,3949.26
POL0004778,PO000855,P0034,85,16.69,1418.65
POL0004779,PO000855,P0227,92,24.32,2237.44
POL0004780,PO000855,P0152,57,10.02,571.14
POL0004781,PO000855,P0001,14,16.74,234.36
POL0004782,PO000856,P0188,65,20.82,1353.3
POL0004783,PO000856,P0264,93,18.96,1763.28
POL0004784,PO000856,P0062,39,15.86,618.54
POL0004785,PO000856,P0100,51,7.1,362.1
POL0004786,PO000856,P0192,12,41.51,498.12
POL0004787,PO000856,P0167,54,24.83,1340.82
POL0004788,PO000856,P0406,73,9.98,728.54
POL0004789,PO000856,P0465,13,7.62,99.06
POL0004790,PO000857,P0365,1,13257784.06,13257784.06
POL0004791,PO000857,P0028,1,843058.76,843058.76
POL0004792,PO000857,P0238,1,1448603.09,1448603.09
POL0004793,PO000857,P0251,1,284820.02,284820.02
POL0004794,PO000857,P0198,1,144165.75,144165.75
POL0004795,PO000857,P0268,1,97384.35,97384.35
POL0004796,PO000857,P0092,1,1691613.39,1691613.39
POL0004797,PO000857,P0293,1,12874400.23,12874400.23
POL0004798,PO000858,P0490,1,303361.7,303361.7
POL0004799,PO000858,P0361,1,211824.36,211824.36
POL0004800,PO000858,P0078,1,697324.07,697324.07
POL0004801,PO000858,P0148,1,15834134.75,15834134.75
POL0004802,PO000858,P0347,1,336529.58,336529.58
POL0004803,PO000859,P0359,34,263.06,8944.04
POL0004804,PO000859,P0202,3,67.14,201.42
POL0004805,PO000859,P0500,76,207.94,15803.44
POL0004806,PO000860,P0400,55,100.44,5524.2
POL0004807,PO000860,P0478,29,41.59,1206.11
POL0004808,PO000860,P0154,12,50.37,604.44
POL0004809,PO000860,P0381,27,216.39,5842.53
POL0004810,PO000861,P0082,1,127577.97,127577.97
POL0004811,PO000861,P0092,1,1545480.99,1545480.99
POL0004812,PO000861,P0101,1,304929.55,304929.55
POL0004813,PO000861,P0278,1,15161369.91,15161369.91
POL0004814,PO000862,P0114,39,1261.73,49207.47
POL0004815,PO000862,P0075,26,417.0,10842.0
POL0004816,PO000862,P0324,116,415.52,48200.32
POL0004817,PO000862,P0140,55,232.75,12801.25
POL0004818,PO000862,P0411,50,352.76,17638.0
POL0004819,PO000862,P0304,92,246.12,22643.04
POL0004820,PO000862,P0107,20,624.7,12494.0
POL0004821,PO000862,P0327,67,17.08,1144.36
POL0004822,PO000863,P0278,1,16182712.54,16182712.54
POL0004823,PO000863,P0460,1,526935.5,526935.5
POL0004824,PO000863,P0078,1,697324.07,697324.07
POL0004825,PO000863,P0012,1,7153902.14,7153902.14
POL0004826,PO000863,P0354,1,642479.54,642479.54
POL0004827,PO000863,P0430,1,18504024.99,18504024.99
POL0004828,PO000864,P0264,50,18.96,948.0
POL0004829,PO000864,P0425,29,50.19,1455.51
POL0004830,PO000864,P0290,65,16.13,1048.45
POL0004831,PO000864,P0057,26,17.49,454.74
POL0004832,PO000864,P0402,11,7.59,83.49
POL0004833,PO000864,P0469,6,21.02,126.12
POL0004834,PO000864,P0192,14,41.51,581.14
POL0004835,PO000865,P0118,16,57.09,913.44
POL0004836,PO000865,P0416,70,106.51,7455.7
POL0004837,PO000865,P0225,36,85.63,3082.68
POL0004838,PO000865,P0464,61,12.66,772.26
POL0004839,PO000865,P0287,46,12.76,586.96
POL0004840,PO000865,P0451,11,39.26,431.86
POL0004841,PO000865,P0400,20,89.55,1791.0
POL0004842,PO000865,P0171,119,8.33,991.27
POL0004843,PO000866,P0355,26,21.46,557.96
POL0004844,PO000866,P0297,9,13.41,120.69
POL0004845,PO000866,P0138,23,55.62,1279.26
POL0004846,PO000866,P0466,50,6.35,317.5
POL0004847,PO000866,P0252,116,6.43,745.88
POL0004848,PO000867,P0080,20,57.16,1143.2
POL0004849,PO000867,P0350,11,11.71,128.81
POL0004850,PO000867,P0054,28,5.4,151.2
POL0004851,PO000867,P0229,73,84.68,6181.64
POL0004852,PO000867,P0397,22,16.28,358.16
POL0004853,PO000867,P0017,27,78.76,2126.52
POL0004854,PO000867,P0108,26,68.68,1785.68
POL0004855,PO000867,P0461,1,40.78,40.78
POL0004856,PO000868,P0441,22,49.17,1081.74
POL0004857,PO000868,P0259,35,221.66,7758.1
POL0004858,PO000868,P0381,12,216.39,2596.68
POL0004859,PO000868,P0320,1,50.65,50.65
POL0004860,PO000869,P0263,47,245.47,11537.09
POL0004861,PO000869,P0181,24,21.38,513.12
POL0004862,PO000869,P0191,9,50.69,456.21
POL0004863,PO000869,P0079,1,1147387.79,1147387.79
POL0004864,PO000869,P0306,1,151217.4,151217.4
POL0004865,PO000869,P0012,1,7852821.88,7852821.88
POL0004866,PO000870,P0246,1,47.69,47.69
POL0004867,PO000870,P0441,28,48.66,1362.48
POL0004868,PO000870,P0107,16,624.7,9995.2
POL0004869,PO000870,P0102,69,271.89,18760.41
POL0004870,PO000871,P0092,1,1545480.99,1545480.99
POL0004871,PO000871,P0160,1,311680.89,311680.89
POL0004872,PO000871,P0462,1,162581.93,162581.93
POL0004873,PO000871,P0122,1,123453.98,123453.98
POL0004874,PO000871,P0132,1,1357727.2,1357727.2
POL0004875,PO000871,P0076,1,925559.17,925559.17
POL0004876,PO000872,P0302,61,28.25,1723.25
POL0004877,PO000872,P0111,48,7.78,373.44
POL0004878,PO000872,P0141,29,21.05,610.45
POL0004879,PO000873,P0081,42,12.35,518.7
POL0004880,PO000873,P0062,45,15.86,713.7
POL0004881,PO000873,P0425,23,50.19,1154.37
POL0004882,PO000873,P0029,69,14.89,1027.41
POL0004883,PO000873,P0027,1,14.01,14.01
POL0004884,PO000873,P0402,4,7.59,30.36
POL0004885,PO000873,P0337,58,10.26,595.08
POL0004886,PO000873,P0406,87,9.98,868.26
POL0004887,PO000874,P0467,93,13.19,1226.67
POL0004888,PO000874,P0363,9,68.91,620.19
POL0004889,PO000874,P0461,1,40.78,40.78
POL0004890,PO000874,P0344,20,5.66,113.2
POL0004891,PO000875,P0202,94,68.38,6427.72
POL0004892,PO000875,P0455,22,61.86,1360.92
POL0004893,PO000875,P0326,40,55.97,2238.8
POL0004894,PO000875,P0484,35,121.88,4265.8
POL0004895,PO000876,P0004,1,206391.17,206391.17
POL0004896,PO000876,P0279,1,8024840.53,8024840.53
POL0004897,PO000876,P0240,1,14205022.41,14205022.41
POL0004898,PO000876,P0053,1,18867694.61,18867694.61
POL0004899,PO000876,P0025,1,6465520.6,6465520.6
POL0004900,PO000877,P0317,17,256.89,4367.13
POL0004901,PO000877,P0044,1,202920.11,202920.11
POL0004902,PO000877,P0082,1,116684.37,116684.37
POL0004903,PO000877,P0476,76,36.93,2806.68
POL0004904,PO000878,P0120,38,25.08,953.04
POL0004905,PO000878,P0024,99,33.42,3308.58
POL0004906,PO000878,P0455,25,61.86,1546.5
POL0004907,PO000878,P0484,25,121.88,3047.0
POL0004908,PO000878,P0202,39,68.38,2666.82
POL0004909,PO000879,P0202,82,68.38,5607.16
POL0004910,PO000879,P0378,60,26.52,1591.2
POL0004911,PO000879,P0388,11,28.25,310.75
POL0004912,PO000879,P0484,29,121.88,3534.52
POL0004913,PO000879,P0154,58,52.13,3023.54
POL0004914,PO000879,P0024,69,33.42,2305.98
POL0004915,PO000879,P0086,37,265.9,9838.3
POL0004916,PO000879,P0326,73,55.97,4085.81
POL0004917,PO000880,P0381,26,216.39,5626.14
POL0004918,PO000880,P0320,1,50.65,50.65
POL0004919,PO000880,P0400,47,100.44,4720.68
POL0004920,PO000881,P0169,1,131953.11,131953.11
POL0004921,PO000881,P0079,1,1094094.78,1094094.78
POL0004922,PO000881,P0065,1,294958.42,294958.42
POL0004923,PO000881,P0211,1,162084.06,162084.06
POL0004924,PO000881,P0004,1,192763.17,192763.17
POL0004925,PO000881,P0371,1,1281868.21,1281868.21
POL0004926,PO000881,P0132,1,1357727.2,1357727.2
POL0004927,PO000881,P0403,1,141536.96,141536.96
POL0004928,PO000882,P0463,15,26.89,403.35
POL0004929,PO000882,P0351,31,115.93,3593.83
POL0004930,PO000882,P0350,21,11.71,245.91
POL0004931,PO000883,P0353,1,168109.33,168109.33
POL0004932,PO000883,P0226,1,243318.83,243318.83
POL0004933,PO000883,P0122,1,114380.03,114380.03
POL0004934,PO000883,P0375,1,765353.58,765353.58
POL0004935,PO000883,P0251,1,305081.47,305081.47
POL0004936,PO000883,P0370,1,133931.7,133931.7
POL0004937,PO000883,P0310,1,282029.61,282029.61
POL0004938,PO000884,P0120,26,25.08,652.08
POL0004939,PO000884,P0388,10,28.25,282.5
POL0004940,PO000884,P0024,69,33.42,2305.98
POL0004941,PO000884,P0202,90,68.38,6154.2
POL0004942,PO000884,P0364,31,150.42,4663.02
POL0004943,PO000884,P0154,75,52.13,3909.75
POL0004944,PO000885,P0352,86,264.47,22744.42
POL0004945,PO000885,P0500,96,207.94,19962.24
POL0004946,PO000885,P0413,10,347.0,3470.0
POL0004947,PO000886,P0378,56,26.52,1485.12
POL0004948,PO000886,P0024,113,33.42,3776.46
POL0004949,PO000886,P0154,55,52.13,2867.15
POL0004950,PO000886,P0388,10,28.25,282.5
POL0004951,PO000886,P0326,70,55.97,3917.9
POL0004952,PO000886,P0086,56,265.9,14890.4
POL0004953,PO000886,P0364,75,150.42,11281.5
POL0004954,PO000886,P0345,19,15.99,303.81
POL0004955,PO000887,P0033,28,454.96,12738.88
POL0004956,PO000887,P0435,29,829.53,24056.37
POL0004957,PO000887,P0437,78,20.33,1585.74
POL0004958,PO000887,P0411,106,352.76,37392.56
POL0004959,PO000888,P0441,16,49.17,786.72
POL0004960,PO000888,P0400,42,100.44,4218.48
POL0004961,PO000888,P0259,32,221.66,7093.12
POL0004962,PO000889,P0169,1,150880.99,150880.99
POL0004963,PO000889,P0460,1,526935.5,526935.5
POL0004964,PO000889,P0145,1,85598.4,85598.4
POL0004965,PO000890,P0438,41,514.36,21088.76
POL0004966,PO000890,P0445,64,457.58,29285.12
POL0004967,PO000890,P0255,53,407.35,21589.55
POL0004968,PO000891,P0009,95,543.28,51611.6
POL0004969,PO000891,P0066,6,385.3,2311.8
POL0004970,PO000891,P0456,52,1290.22,67091.44
POL0004971,PO000891,P0045,38,350.22,13308.36
POL0004972,PO000891,P0408,66,871.5,57519.0
POL0004973,PO000891,P0237,18,368.41,6631.38
POL0004974,PO000891,P0141,33,20.09,662.97
POL0004975,PO000892,P0207,1,187860.23,187860.23
POL0004976,PO000892,P0339,1,95744.15,95744.15
POL0004977,PO000892,P0172,1,183970.29,183970.29
POL0004978,PO000892,P0347,1,336529.58,336529.58
POL0004979,PO000892,P0226,1,243318.83,243318.83
POL0004980,PO000892,P0030,1,329284.78,329284.78
POL0004981,PO000893,P0216,36,426.43,15351.48
POL0004982,PO000893,P0156,47,237.13,11145.11
POL0004983,PO000893,P0192,24,36.81,883.44
POL0004984,PO000894,P0233,1,797142.23,797142.23
POL0004985,PO000894,P0341,1,18683374.02,18683374.02
POL0004986,PO000894,P0260,1,10851518.26,10851518.26
POL0004987,PO000894,P0181,10,21.38,213.8
POL0004988,PO000894,P0339,1,88303.97,88303.97
POL0004989,PO000894,P0491,1,214546.98,214546.98
POL0004990,PO000894,P0061,1,195323.7,195323.7
POL0004991,PO000894,P0422,1,14469048.8,14469048.8
POL0004992,PO000895,P0289,75,102.64,7698.0
POL0004993,PO000895,P0332,83,37.8,3137.4
POL0004994,PO000895,P0186,43,62.27,2677.61
POL0004995,PO000895,P0118,13,57.09,742.17
POL0004996,PO000895,P0152,63,10.02,631.26
POL0004997,PO000895,P0451,27,39.26,1060.02
POL0004998,PO000895,P0470,25,34.1,852.5
POL0004999,PO000895,P0187,31,104.02,3224.62
POL0005000,PO000896,P0211,1,161121.08,161121.08
POL0005001,PO000896,P0301,1,10487021.42,10487021.42
POL0005002,PO000896,P0083,1,124827.91,124827.91
POL0005003,PO000896,P0198,1,128916.03,128916.03
POL0005004,PO000896,P0197,1,12147612.44,12147612.44
POL0005005,PO000897,P0216,105,426.43,44775.15
POL0005006,PO000897,P0413,11,347.0,3817.0
POL0005007,PO000897,P0270,86,518.33,44576.38
POL0005008,PO000897,P0343,42,159.34,6692.28
POL0005009,PO000897,P0113,23,247.3,5687.9
POL0005010,PO000897,P0049,23,348.3,8010.9
POL0005011,PO000898,P0132,1,1357727.2,1357727.2
POL0005012,PO000898,P0222,1,271376.46,271376.46
POL0005013,PO000898,P0198,1,149119.0,149119.0
POL0005014,PO000898,P0301,1,10892109.79,10892109.79
POL0005015,PO000899,P0375,1,685993.55,685993.55
POL0005016,PO000899,P0425,38,54.85,2084.3
POL0005017,PO000899,P0314,60,45.2,2712.0
POL0005018,PO000899,P0389,1,72733.18,72733.18
POL0005019,PO000899,P0222,1,292389.11,292389.11
POL0005020,PO000899,P0131,1,484227.91,484227.91
POL0005021,PO000899,P0191,54,51.19,2764.26
POL0005022,PO000900,P0372,31,16.19,501.89
POL0005023,PO000900,P0242,34,42.53,1446.02
POL0005024,PO000900,P0041,44,106.03,4665.32
POL0005025,PO000900,P0146,21,69.75,1464.75
POL0005026,PO000900,P0487,21,63.37,1330.77
POL0005027,PO000900,P0187,96,112.26,10776.96
POL0005028,PO000900,P0495,98,68.1,6673.8
POL0005029,PO000900,P0395,33,68.45,2258.85
POL0005030,PO000901,P0097,33,602.8,19892.4
POL0005031,PO000901,P0433,63,717.64,45211.32
POL0005032,PO000901,P0137,44,1133.92,49892.48
POL0005033,PO000901,P0274,14,636.68,8913.52
POL0005034,PO000901,P0033,29,454.96,13193.84
POL0005035,PO000901,P0178,30,263.36,7900.8
POL0005036,PO000901,P0066,47,420.86,19780.42
POL0005037,PO000902,P0043,17,44.87,762.79
POL0005038,PO000902,P0171,44,8.33,366.52
POL0005039,PO000902,P0379,5,16.01,80.05
POL0005040,PO000902,P0440,57,15.85,903.45
POL0005041,PO000902,P0390,54,52.04,2810.16
POL0005042,PO000902,P0161,7,60.63,424.41
POL0005043,PO000903,P0285,39,12.88,502.32
POL0005044,PO000903,P0252,111,6.43,713.73
POL0005045,PO000903,P0407,47,14.25,669.75
POL0005046,PO000903,P0489,12,11.19,134.28
POL0005047,PO000904,P0406,90,9.98,898.2
POL0005048,PO000904,P0366,27,9.45,255.15
POL0005049,PO000904,P0424,58,51.61,2993.38
POL0005050,PO000904,P0355,28,21.46,600.88
POL0005051,PO000904,P0068,9,7.11,63.99
POL0005052,PO000904,P0188,52,20.82,1082.64
POL0005053,PO000904,P0032,7,16.28,113.96
POL0005054,PO000905,P0379,10,16.01,160.1
POL0005055,PO000905,P0414,16,10.79,172.64
POL0005056,PO000905,P0480,37,99.49,3681.13
POL0005057,PO000905,P0356,46,117.88,5422.48
POL0005058,PO000906,P0342,39,100.31,3912.09
POL0005059,PO000906,P0160,1,312576.71,312576.71
POL0005060,PO000906,P0099,1,17367895.69,17367895.69
POL0005061,PO000906,P0307,1,1168387.79,1168387.79
POL0005062,PO000906,P0218,1,277521.72,277521.72
POL0005063,PO000906,P0207,1,187860.23,187860.23
POL0005064,PO000906,P0278,1,16182712.54,16182712.54
POL0005065,PO000906,P0296,1,6979715.55,6979715.55
POL0005066,PO000907,P0405,1,16849942.03,16849942.03
POL0005067,PO000907,P0301,1,10892109.79,10892109.79
POL0005068,PO000907,P0030,1,322872.07,322872.07
POL0005069,PO000907,P0072,1,4515489.92,4515489.92
POL0005070,PO000907,P0371,1,1281868.21,1281868.21
POL0005071,PO000908,P0194,1,150926.49,150926.49
POL0005072,PO000908,P0492,1,92716.74,92716.74
POL0005073,PO000908,P0131,1,507815.43,507815.43
POL0005074,PO000908,P0459,1,14328251.03,14328251.03
POL0005075,PO000909,P0009,64,543.28,34769.92
POL0005076,PO000909,P0401,57,1290.37,73551.09
POL0005077,PO000909,P0246,115,43.62,5016.3
POL0005078,PO000909,P0257,36,785.22,28267.92
POL0005079,PO000909,P0478,91,46.67,4246.97
POL0005080,PO000909,P0133,102,492.74,50259.48
POL0005081,PO000910,P0260,1,10552249.87,10552249.87
POL0005082,PO000910,P0160,1,312576.71,312576.71
POL0005083,PO000910,P0079,1,1090663.02,1090663.02
POL0005084,PO000910,P0348,1,99737.08,99737.08
POL0005085,PO000910,P0475,1,206463.27,206463.27
POL0005086,PO000911,P0203,25,27.74,693.5
POL0005087,PO000911,P0111,30,7.78,233.4
POL0005088,PO000911,P0493,54,8.1,437.4
POL0005089,PO000911,P0184,5,81.59,407.95
POL0005090,PO000911,P0098,74,111.55,8254.7
POL0005091,PO000911,P0174,56,80.07,4483.92
POL0005092,PO000912,P0246,1,47.69,47.69
POL0005093,PO000912,P0134,63,1266.98,79819.74
POL0005094,PO000912,P0373,81,377.15,30549.15
POL0005095,PO000912,P0195,21,941.58,19773.18
POL0005096,PO000912,P0325,73,319.94,23355.62
POL0005097,PO000913,P0472,45,96.78,4355.1
POL0005098,PO000913,P0493,93,8.1,753.3
POL0005099,PO000913,P0470,9,34.1,306.9
POL0005100,PO000913,P0312,26,52.84,1373.84
POL0005101,PO000913,P0152,54,10.02,541.08
POL0005102,PO000914,P0436,26,15.81,411.06
POL0005103,PO000914,P0455,69,61.74,4260.06
POL0005104,PO000914,P0400,65,100.44,6528.6
POL0005105,PO000914,P0086,17,266.01,4522.17
POL0005106,PO000914,P0259,45,221.66,9974.7
POL0005107,PO000914,P0441,27,49.17,1327.59
POL0005108,PO000914,P0478,55,41.59,2287.45
POL0005109,PO000915,P0247,1,268124.6,268124.6
POL0005110,PO000915,P0011,1,1359053.82,1359053.82
POL0005111,PO000915,P0198,1,149119.0,149119.0
POL0005112,PO000915,P0079,1,1094094.78,1094094.78
POL0005113,PO000915,P0403,1,141536.96,141536.96
POL0005114,PO000915,P0190,120,31.9,3828.0
POL0005115,PO000915,P0391,1,247449.78,247449.78
POL0005116,PO000915,P0083,1,133388.26,133388.26
POL0005117,PO000916,P0049,41,348.3,14280.3
POL0005118,PO000916,P0050,2,251.12,502.24
POL0005119,PO000916,P0052,133,237.49,31586.17
POL0005120,PO000917,P0327,37,17.15,634.55
POL0005121,PO000917,P0270,124,518.33,64272.92
POL0005122,PO000917,P0448,12,460.68,5528.16
POL0005123,PO000917,P0399,53,434.36,23021.08
POL0005124,PO000917,P0266,1,286.1,286.1
POL0005125,PO000917,P0349,2,394.27,788.54
POL0005126,PO000917,P0457,22,437.44,9623.68
POL0005127,PO000918,P0297,10,13.41,134.1
POL0005128,PO000918,P0489,39,11.19,436.41
POL0005129,PO000918,P0167,53,24.83,1315.99
POL0005130,PO000918,P0406,39,9.98,389.22
POL0005131,PO000918,P0425,17,50.19,853.23
POL0005132,PO000919,P0480,47,104.38,4905.86
POL0005133,PO000919,P0328,54,29.32,1583.28
POL0005134,PO000919,P0292,33,15.81,521.73
POL0005135,PO000919,P0227,42,25.08,1053.36
POL0005136,PO000919,P0332,82,37.7,3091.4
POL0005137,PO000919,P0213,92,53.33,4906.36
POL0005138,PO000920,P0409,65,299.68,19479.2
POL0005139,PO000920,P0458,84,566.79,47610.36
POL0005140,PO000920,P0039,20,514.11,10282.2
POL0005141,PO000921,P0490,1,303361.7,303361.7
POL0005142,PO000921,P0379,137,18.47,2530.39
POL0005143,PO000921,P0124,1,264915.01,264915.01
POL0005144,PO000921,P0047,9,70.39,633.51
POL0005145,PO000921,P0226,1,243318.83,243318.83
POL0005146,PO000921,P0340,1,171341.58,171341.58
POL0005147,PO000921,P0353,1,168109.33,168109.33
POL0005148,PO000921,P0260,1,10552249.87,10552249.87
POL0005149,PO000922,P0265,41,1105.86,45340.26
POL0005150,PO000922,P0256,44,893.72,39323.68
POL0005151,PO000922,P0313,40,250.54,10021.6
POL0005152,PO000922,P0190,101,31.99,3230.99
POL0005153,PO000922,P0010,17,294.84,5012.28
POL0005154,PO000922,P0048,20,462.61,9252.2
POL0005155,PO000922,P0033,17,454.96,7734.32
POL0005156,PO000923,P0455,63,61.74,3889.62
POL0005157,PO000923,P0320,1,50.65,50.65
POL0005158,PO000923,P0086,40,266.01,10640.4
POL0005159,PO000924,P0424,54,56.09,3028.86
POL0005160,PO000924,P0238,1,1418008.28,1418008.28
POL0005161,PO000924,P0222,1,292389.11,292389.11
POL0005162,PO000924,P0425,67,54.85,3674.95
POL0005163,PO000925,P0443,42,287.36,12069.12
POL0005164,PO000925,P0284,48,1428.56,68570.88
POL0005165,PO000925,P0433,129,776.17,100125.93
POL0005166,PO000925,P0458,33,612.11,20199.63
POL0005167,PO000926,P0043,21,46.41,974.61
POL0005168,PO000926,P0139,27,8.25,222.75
POL0005169,PO000926,P0363,24,68.16,1635.84
POL0005170,PO000926,P0113,57,252.71,14404.47
POL0005171,PO000926,P0239,43,100.23,4309.89
POL0005172,PO000926,P0118,10,53.71,537.1
POL0005173,PO000927,P0251,1,305081.47,305081.47
POL0005174,PO000927,P0030,1,329284.78,329284.78
POL0005175,PO000927,P0044,1,202920.11,202920.11
POL0005176,PO000927,P0220,1,7853699.02,7853699.02
POL0005177,PO000927,P0143,1,182840.72,182840.72
POL0005178,PO000927,P0243,1,253184.52,253184.52
POL0005179,PO000927,P0099,1,17367895.69,17367895.69
POL0005180,PO000927,P0476,136,36.93,5022.48
POL0005181,PO000928,P0433,98,717.64,70328.72
POL0005182,PO000928,P0308,94,524.34,49287.96
POL0005183,PO000928,P0137,90,1133.92,102052.8
POL0005184,PO000928,P0419,12,1433.51,17202.12
POL0005185,PO000928,P0458,68,566.79,38541.72
POL0005186,PO000928,P0255,111,425.17,47193.87
POL0005187,PO000928,P0205,37,274.88,10170.56
POL0005188,PO000928,P0313,64,250.54,16034.56
POL0005189,PO000929,P0016,1,1107982.97,1107982.97
POL0005190,PO000929,P0459,1,14328251.03,14328251.03
POL0005191,PO000929,P0301,1,10892109.79,10892109.79
POL0005192,PO000929,P0201,91,62.31,5670.21
POL0005193,PO000929,P0012,1,7200852.27,7200852.27
POL0005194,PO000929,P0245,1,80377.76,80377.76
POL0005195,PO000929,P0194,1,150926.49,150926.49
POL0005196,PO000930,P0329,22,1531.12,33684.64
POL0005197,PO000930,P0380,23,261.37,6011.51
POL0005198,PO000930,P0304,74,246.12,18212.88
POL0005199,PO000930,P0246,1,47.69,47.69
POL0005200,PO000930,P0212,66,420.2,27733.2
POL0005201,PO000931,P0195,32,941.58,30130.56
POL0005202,PO000931,P0433,85,717.64,60999.4
POL0005203,PO000931,P0042,70,1554.8,108836.0
POL0005204,PO000931,P0441,50,48.66,2433.0
POL0005205,PO000931,P0212,21,420.2,8824.2
POL0005206,PO000932,P0086,41,265.9,10901.9
POL0005207,PO000932,P0154,25,52.13,1303.25
POL0005208,PO000932,P0364,50,150.42,7521.0
POL0005209,PO000932,P0024,37,33.42,1236.54
POL0005210,PO000932,P0345,45,15.99,719.55
POL0005211,PO000932,P0455,25,61.86,1546.5
POL0005212,PO000932,P0388,12,28.25,339.0
POL0005213,PO000933,P0364,44,150.42,6618.48
POL0005214,PO000933,P0154,25,52.13,1303.25
POL0005215,PO000933,P0345,36,15.99,575.64
POL0005216,PO000933,P0388,7,28.25,197.75
POL0005217,PO000934,P0109,1,235252.2,235252.2
POL0005218,PO000934,P0431,1,11104599.76,11104599.76
POL0005219,PO000934,P0293,1,12874400.23,12874400.23
POL0005220,PO000934,P0092,1,1691613.39,1691613.39
POL0005221,PO000934,P0260,1,10851518.26,10851518.26
POL0005222,PO000934,P0384,1,161638.46,161638.46
POL0005223,PO000934,P0025,1,6751520.96,6751520.96
POL0005224,PO000934,P0059,1,144157.5,144157.5
POL0005225,PO000935,P0233,1,714901.28,714901.28
POL0005226,PO000935,P0138,118,51.16,6036.88
POL0005227,PO000935,P0389,1,72733.18,72733.18
POL0005228,PO000935,P0473,1,125876.42,125876.42
POL0005229,PO000935,P0030,1,298955.3,298955.3
POL0005230,PO000935,P0162,1,15143656.5,15143656.5
POL0005231,PO000936,P0243,1,253184.52,253184.52
POL0005232,PO000936,P0260,1,10552249.87,10552249.87
POL0005233,PO000936,P0071,1,1127706.26,1127706.26
POL0005234,PO000937,P0188,81,20.82,1686.42
POL0005235,PO000937,P0311,55,199.22,10957.1
POL0005236,PO000937,P0406,95,9.98,948.1
POL0005237,PO000937,P0029,44,14.89,655.16
POL0005238,PO000937,P0366,70,9.45,661.5
POL0005239,PO000937,P0081,12,12.35,148.2
POL0005240,PO000937,P0424,52,51.61,2683.72
POL0005241,PO000937,P0252,31,6.43,199.33
POL0005242,PO000938,P0468,1,4759251.48,4759251.48
POL0005243,PO000938,P0004,1,206391.17,206391.17
POL0005244,PO000938,P0122,1,110618.64,110618.64
POL0005245,PO000938,P0124,1,256940.28,256940.28
POL0005246,PO000939,P0176,19,95.83,1820.77
POL0005247,PO000939,P0281,84,87.16,7321.44
POL0005248,PO000939,P0360,21,24.62,517.02
POL0005249,PO000939,P0043,17,44.87,762.79
POL0005250,PO000939,P0283,23,89.26,2052.98
POL0005251,PO000939,P0328,44,31.08,1367.52
POL0005252,PO000939,P0089,29,8.39,243.31
POL0005253,PO000940,P0407,36,14.25,513.0
POL0005254,PO000940,P0062,45,15.86,713.7
POL0005255,PO000940,P0121,107,6.72,719.04
POL0005256,PO000940,P0362,32,18.51,592.32
POL0005257,PO000941,P0394,19,10.89,206.91
POL0005258,PO000941,P0027,1,14.01,14.01
POL0005259,PO000941,P0192,6,41.51,249.06
POL0005260,PO000941,P0355,21,21.46,450.66
POL0005261,PO000941,P0138,39,55.62,2169.18
POL0005262,PO000941,P0121,87,6.72,584.64
POL0005263,PO000941,P0056,47,4.94,232.18
POL0005264,PO000941,P0286,51,63.39,3232.89
POL0005265,PO000942,P0238,1,1418008.28,1418008.28
POL0005266,PO000942,P0082,1,117950.44,117950.44
POL0005267,PO000942,P0404,1,114276.63,114276.63
POL0005268,PO000942,P0078,1,721366.72,721366.72
POL0005269,PO000942,P0008,1,1440988.83,1440988.83
POL0005270,PO000942,P0211,1,156948.17,156948.17
POL0005271,PO000943,P0332,41,37.7,1545.7
POL0005272,PO000943,P0479,12,19.36,232.32
POL0005273,PO000943,P0392,83,6.99,580.17
POL0005274,PO000943,P0087,60,66.25,3975.0
POL0005275,PO000944,P0400,42,100.44,4218.48
POL0005276,PO000944,P0320,1,50.65,50.65
POL0005277,PO000944,P0259,49,221.66,10861.34
POL0005278,PO000944,P0455,52,61.74,3210.48
POL0005279,PO000945,P0406,68,9.98,678.64
POL0005280,PO000945,P0362,79,18.51,1462.29
POL0005281,PO000945,P0167,20,24.83,496.6
POL0005282,PO000946,P0298,42,84.76,3559.92
POL0005283,PO000946,P0323,44,231.25,10175.0
POL0005284,PO000946,P0048,34,429.36,14598.24
POL0005285,PO000947,P0074,35,13.5,472.5
POL0005286,PO000947,P0421,49,46.29,2268.21
POL0005287,PO000947,P0203,21,28.73,603.33
POL0005288,PO000947,P0236,48,5.46,262.08
POL0005289,PO000947,P0345,22,14.73,324.06
POL0005290,PO000947,P0118,2,53.71,107.42
POL0005291,PO000947,P0382,92,90.14,8292.88
POL0005292,PO000948,P0165,37,98.63,3649.31
POL0005293,PO000948,P0328,84,31.08,2610.72
POL0005294,PO000948,P0118,8,57.09,456.72
POL0005295,PO000948,P0292,98,18.1,1773.8
POL0005296,PO000948,P0171,93,8.33,774.69
POL0005297,PO000948,P0139,132,8.45,1115.4
POL0005298,PO000948,P0358,8,19.65,157.2
POL0005299,PO000949,P0079,1,1147387.79,1147387.79
POL0005300,PO000949,P0199,1,6727649.34,6727649.34
POL0005301,PO000949,P0251,1,284820.02,284820.02
POL0005302,PO000949,P0167,69,24.27,1674.63
POL0005303,PO000949,P0092,1,1691613.39,1691613.39
POL0005304,PO000949,P0405,1,17140121.62,17140121.62
POL0005305,PO000949,P0423,1,1182232.2,1182232.2
POL0005306,PO000949,P0194,1,164096.35,164096.35
POL0005307,PO000950,P0349,10,394.27,3942.7
POL0005308,PO000950,P0352,72,264.47,19041.84
POL0005309,PO000950,P0113,13,247.3,3214.9
POL0005310,PO000950,P0180,130,172.49,22423.7
POL0005311,PO000950,P0266,1,286.1,286.1
POL0005312,PO000951,P0290,60,16.13,967.8
POL0005313,PO000951,P0027,1,14.01,14.01
POL0005314,PO000951,P0481,94,21.5,2021.0
POL0005315,PO000951,P0285,28,12.88,360.64
POL0005316,PO000951,P0068,20,7.11,142.2
POL0005317,PO000951,P0062,17,15.86,269.62
POL0005318,PO000952,P0256,26,789.44,20525.44
POL0005319,PO000952,P0047,28,67.58,1892.24
POL0005320,PO000952,P0063,62,547.09,33919.58
POL0005321,PO000952,P0298,69,84.76,5848.44
POL0005322,PO000952,P0114,29,1426.13,41357.77
POL0005323,PO000953,P0455,60,61.74,3704.4
POL0005324,PO000953,P0154,29,50.37,1460.73
POL0005325,PO000953,P0086,9,266.01,2394.09
POL0005326,PO000953,P0436,45,15.81,711.45
POL0005327,PO000954,P0274,11,636.68,7003.48
POL0005328,PO000954,P0212,21,420.2,8824.2
POL0005329,PO000954,P0010,32,294.84,9434.88
POL0005330,PO000954,P0116,109,331.59,36143.31
POL0005331,PO000954,P0426,53,709.42,37599.26
POL0005332,PO000954,P0195,29,941.58,27305.82
POL0005333,PO000954,P0262,66,475.21,31363.86
POL0005334,PO000955,P0095,1,149209.8,149209.8
POL0005335,PO000955,P0240,1,14476882.55,14476882.55
POL0005336,PO000955,P0016,1,1107982.97,1107982.97
POL0005337,PO000955,P0101,1,304929.55,304929.55
POL0005338,PO000955,P0364,73,134.34,9806.82
POL0005339,PO000956,P0160,1,312576.71,312576.71
POL0005340,PO000956,P0132,1,1284829.08,1284829.08
POL0005341,PO000956,P0109,1,243174.48,243174.48
POL0005342,PO000957,P0325,48,319.94,15357.12
POL0005343,PO000957,P0107,49,624.7,30610.3
POL0005344,PO000957,P0002,35,1400.87,49030.45
POL0005345,PO000957,P0433,96,717.64,68893.44
POL0005346,PO000957,P0075,65,417.0,27105.0
POL0005347,PO000957,P0259,54,229.08,12370.32
POL0005348,PO000958,P0407,24,14.25,342.0
POL0005349,PO000958,P0311,81,199.22,16136.82
POL0005350,PO000958,P0138,44,55.62,2447.28
POL0005351,PO000958,P0297,10,13.41,134.1
POL0005352,PO000958,P0252,87,6.43,559.41
POL0005353,PO000959,P0210,91,14.07,1280.37
POL0005354,PO000959,P0206,19,10.1,191.9
POL0005355,PO000959,P0221,51,16.53,843.03
POL0005356,PO000959,P0213,66,53.33,3519.78
POL0005357,PO000960,P0283,63,91.07,5737.41
POL0005358,PO000960,P0470,113,30.98,3500.74
POL0005359,PO000960,P0369,67,194.25,13014.75
POL0005360,PO000960,P0472,17,99.82,1696.94
POL0005361,PO000960,P0144,139,102.28,14216.92
POL0005362,PO000960,P0001,15,18.47,277.05
POL0005363,PO000960,P0108,47,76.04,3573.88
POL0005364,PO000961,P0114,19,1426.13,27096.47
POL0005365,PO000961,P0048,13,429.36,5581.68
POL0005366,PO000961,P0334,47,56.87,2672.89
POL0005367,PO000961,P0261,72,531.85,38293.2
POL0005368,PO000961,P0257,60,785.22,47113.2
POL0005369,PO000961,P0073,11,530.39,5834.29
POL0005370,PO000962,P0487,102,63.37,6463.74
POL0005371,PO000962,P0236,26,5.46,141.96
POL0005372,PO000962,P0356,130,121.36,15776.8
POL0005373,PO000962,P0115,15,85.41,1281.15
POL0005374,PO000963,P0259,49,221.66,10861.34
POL0005375,PO000963,P0320,1,50.65,50.65
POL0005376,PO000963,P0154,19,50.37,957.03
POL0005377,PO000963,P0400,18,100.44,1807.92
POL0005378,PO000964,P0331,48,10.82,519.36
POL0005379,PO000964,P0250,35,42.06,1472.1
POL0005380,PO000964,P0395,13,68.45,889.85
POL0005381,PO000965,P0247,1,255976.23,255976.23
POL0005382,PO000965,P0235,1,222422.86,222422.86
POL0005383,PO000965,P0434,17,68.9,1171.3
POL0005384,PO000965,P0303,1,491270.84,491270.84
POL0005385,PO000965,P0293,1,12874400.23,12874400.23
POL0005386,PO000965,P0365,1,13257784.06,13257784.06
POL0005387,PO000965,P0276,1,122752.86,122752.86
POL0005388,PO000966,P0144,14,100.78,1410.92
POL0005389,PO000966,P0161,14,60.63,848.82
POL0005390,PO000966,P0360,23,24.62,566.26
POL0005391,PO000966,P0108,75,68.68,5151.0
POL0005392,PO000966,P0472,63,96.78,6097.14
POL0005393,PO000966,P0176,22,95.83,2108.26
POL0005394,PO000967,P0006,86,53.82,4628.52
POL0005395,PO000967,P0043,8,44.87,358.96
POL0005396,PO000967,P0153,11,16.05,176.55
POL0005397,PO000967,P0332,85,37.8,3213.0
POL0005398,PO000967,P0382,54,94.51,5103.54
POL0005399,PO000967,P0292,45,18.1,814.5
POL0005400,PO000967,P0363,8,68.91,551.28
POL0005401,PO000967,P0171,100,8.33,833.0
POL0005402,PO000968,P0324,116,466.84,54153.44
POL0005403,PO000968,P0275,25,627.32,15683.0
POL0005404,PO000968,P0316,108,382.83,41345.64
POL0005405,PO000968,P0164,5,512.51,2562.55
POL0005406,PO000968,P0037,110,1630.21,179323.1
POL0005407,PO000968,P0036,1,1120.94,1120.94
POL0005408,PO000968,P0426,21,810.56,17021.76
POL0005409,PO000969,P0003,106,722.7,76606.2
POL0005410,PO000969,P0114,13,1426.13,18539.69
POL0005411,PO000969,P0408,37,871.5,32245.5
POL0005412,PO000969,P0237,6,368.41,2210.46
POL0005413,PO000969,P0380,63,268.9,16940.7
POL0005414,PO000970,P0358,33,19.65,648.45
POL0005415,PO000970,P0463,9,26.89,242.01
POL0005416,PO000970,P0416,96,106.51,10224.96
POL0005417,PO000970,P0442,52,112.54,5852.08
POL0005418,PO000970,P0006,96,53.82,5166.72
POL0005419,PO000970,P0228,14,61.44,860.16
POL0005420,PO000971,P0413,15,347.0,5205.0
POL0005421,PO000971,P0386,93,384.7,35777.1
POL0005422,PO000971,P0182,14,149.31,2090.34
POL0005423,PO000971,P0500,120,207.94,24952.8
POL0005424,PO000971,P0351,22,128.03,2816.66
POL0005425,PO000971,P0336,101,56.41,5697.41
POL0005426,PO000971,P0349,7,394.27,2759.89
POL0005427,PO000971,P0457,16,437.44,6999.04
POL0005428,PO000972,P0353,1,168109.33,168109.33
POL0005429,PO000972,P0160,1,312576.71,312576.71
POL0005430,PO000972,P0198,1,128916.03,128916.03
POL0005431,PO000972,P0018,1,150400.62,150400.62
POL0005432,PO000972,P0313,104,248.13,25805.52
POL0005433,PO000973,P0092,1,1691613.39,1691613.39
POL0005434,PO000973,P0132,1,1262977.63,1262977.63
POL0005435,PO000973,P0119,1,123412.4,123412.4
POL0005436,PO000973,P0232,1,170440.95,170440.95
POL0005437,PO000974,P0467,27,13.19,356.13
POL0005438,PO000974,P0236,25,4.88,122.0
POL0005439,PO000974,P0470,11,34.1,375.1
POL0005440,PO000974,P0397,37,16.28,602.36
POL0005441,PO000974,P0125,84,94.03,7898.52
POL0005442,PO000974,P0351,14,115.93,1623.02
POL0005443,PO000975,P0077,1,131377.13,131377.13
POL0005444,PO000975,P0310,1,299619.57,299619.57
POL0005445,PO000975,P0468,1,5093522.13,5093522.13
POL0005446,PO000975,P0339,1,88303.97,88303.97
POL0005447,PO000975,P0025,1,6751520.96,6751520.96
POL0005448,PO000975,P0247,1,255976.23,255976.23
POL0005449,PO000975,P0175,1,1043618.1,1043618.1
POL0005450,PO000976,P0088,1,884116.1,884116.1
POL0005451,PO000976,P0119,1,119969.03,119969.03
POL0005452,PO000976,P0240,1,14476882.55,14476882.55
POL0005453,PO000976,P0405,1,16849942.03,16849942.03
POL0005454,PO000976,P0201,68,62.31,4237.08
POL0005455,PO000976,P0072,1,4515489.92,4515489.92
POL0005456,PO000976,P0207,1,177045.22,177045.22
POL0005457,PO000977,P0345,29,15.99,463.71
POL0005458,PO000977,P0388,12,28.25,339.0
POL0005459,PO000977,P0484,112,121.88,13650.56
POL0005460,PO000978,P0103,25,38.63,965.75
POL0005461,PO000978,P0203,45,28.73,1292.85
POL0005462,PO000978,P0356,126,121.36,15291.36
POL0005463,PO000978,P0094,56,95.93,5372.08
POL0005464,PO000978,P0363,62,68.16,4225.92
POL0005465,PO000978,P0280,77,75.86,5841.22
POL0005466,PO000979,P0095,1,149209.8,149209.8
POL0005467,PO000979,P0459,1,14328251.03,14328251.03
POL0005468,PO000979,P0088,1,884116.1,884116.1
POL0005469,PO000979,P0143,1,194490.0,194490.0
POL0005470,PO000979,P0127,1,17054650.07,17054650.07
POL0005471,PO000979,P0462,1,162581.93,162581.93
POL0005472,PO000979,P0194,1,150926.49,150926.49
POL0005473,PO000979,P0061,1,206668.59,206668.59
POL0005474,PO000980,P0282,86,396.39,34089.54
POL0005475,PO000980,P0134,37,1415.37,52368.69
POL0005476,PO000980,P0309,26,710.83,18481.58
POL0005477,PO000980,P0456,27,1290.22,34835.94
POL0005478,PO000980,P0112,17,642.2,10917.4
POL0005479,PO000980,P0195,52,944.97,49138.44
POL0005480,PO000980,P0047,46,67.58,3108.68
POL0005481,PO000981,P0362,132,18.51,2443.32
POL0005482,PO000981,P0192,8,41.51,332.08
POL0005483,PO000981,P0252,78,6.43,501.54
POL0005484,PO000981,P0394,36,10.89,392.04
POL0005485,PO000981,P0121,92,6.72,618.24
POL0005486,PO000981,P0264,90,18.96,1706.4
POL0005487,PO000981,P0297,2,13.41,26.82
POL0005488,PO000981,P0138,25,55.62,1390.5
POL0005489,PO000982,P0154,20,52.13,1042.6
POL0005490,PO000982,P0202,76,68.38,5196.88
POL0005491,PO000982,P0484,110,121.88,13406.8
POL0005492,PO000982,P0086,60,265.9,15954.0
POL0005493,PO000983,P0065,1,330611.68,330611.68
POL0005494,PO000983,P0122,1,114380.03,114380.03
POL0005495,PO000983,P0313,97,248.13,24068.61
POL0005496,PO000983,P0473,1,128717.43,128717.43
POL0005497,PO000983,P0124,1,264915.01,264915.01
POL0005498,PO000984,P0211,1,162084.06,162084.06
POL0005499,PO000984,P0101,1,304929.55,304929.55
POL0005500,PO000984,P0095,1,149209.8,149209.8
POL0005501,PO000984,P0198,1,149119.0,149119.0
POL0005502,PO000985,P0414,12,10.79,129.48
POL0005503,PO000985,P0153,23,16.05,369.15
POL0005504,PO000985,P0021,59,12.15,716.85
POL0005505,PO000985,P0397,22,16.28,358.16
POL0005506,PO000985,P0144,11,100.78,1108.58
POL0005507,PO000986,P0333,1,978686.75,978686.75
POL0005508,PO000986,P0126,57,42.65,2431.05
POL0005509,PO000986,P0143,1,194490.0,194490.0
POL0005510,PO000986,P0201,119,62.31,7414.89
POL0005511,PO000986,P0044,1,188078.27,188078.27
POL0005512,PO000986,P0013,1,271678.23,271678.23
POL0005513,PO000987,P0063,52,547.09,28448.68
POL0005514,PO000987,P0185,1,799.6,799.6
POL0005515,PO000987,P0398,13,595.68,7743.84
POL0005516,PO000987,P0376,5,578.06,2890.3
POL0005517,PO000988,P0076,1,948734.25,948734.25
POL0005518,PO000988,P0079,1,1147387.79,1147387.79
POL0005519,PO000988,P0012,1,7852821.88,7852821.88
POL0005520,PO000988,P0460,1,557990.52,557990.52
POL0005521,PO000989,P0379,4,16.01,64.04
POL0005522,PO000989,P0203,35,27.74,970.9
POL0005523,PO000989,P0094,28,93.89,2628.92
POL0005524,PO000989,P0023,79,79.18,6255.22
POL0005525,PO000990,P0211,1,161121.08,161121.08
POL0005526,PO000990,P0197,1,12147612.44,12147612.44
POL0005527,PO000990,P0013,1,274511.39,274511.39
POL0005528,PO000990,P0132,1,1284829.08,1284829.08
POL0005529,PO000990,P0278,1,16182712.54,16182712.54
POL0005530,PO000990,P0218,1,277521.72,277521.72
POL0005531,PO000990,P0307,1,1168387.79,1168387.79
POL0005532,PO000991,P0424,82,56.09,4599.38
POL0005533,PO000991,P0014,1,136100.54,136100.54
POL0005534,PO000991,P0110,1,862932.06,862932.06
POL0005535,PO000991,P0251,1,286866.75,286866.75
POL0005536,PO000991,P0492,1,91460.99,91460.99
POL0005537,PO000991,P0145,1,84593.91,84593.91
POL0005538,PO000991,P0260,1,10149453.62,10149453.62
POL0005539,PO000992,P0211,1,161121.08,161121.08
POL0005540,PO000992,P0079,1,1090663.02,1090663.02
POL0005541,PO000992,P0471,1,184137.63,184137.63
POL0005542,PO000992,P0353,1,168109.33,168109.33
POL0005543,PO000992,P0260,1,10552249.87,10552249.87
POL0005544,PO000993,P0002,25,1400.87,35021.75
POL0005545,PO000993,P0274,10,636.68,6366.8
POL0005546,PO000993,P0256,47,893.72,42004.84
POL0005547,PO000993,P0486,60,1122.26,67335.6
POL0005548,PO000993,P0401,73,1345.51,98222.23
POL0005549,PO000993,P0380,23,261.37,6011.51
POL0005550,PO000994,P0167,44,24.27,1067.88
POL0005551,PO000994,P0473,1,136303.54,136303.54
POL0005552,PO000994,P0168,1,765264.51,765264.51
POL0005553,PO000994,P0310,1,299619.57,299619.57
POL0005554,PO000994,P0199,1,6727649.34,6727649.34
POL0005555,PO000995,P0259,14,221.66,3103.24
POL0005556,PO000995,P0154,22,50.37,1108.14
POL0005557,PO000995,P0086,36,266.01,9576.36
POL0005558,PO000995,P0441,45,49.17,2212.65
POL0005559,PO000995,P0320,1,50.65,50.65
POL0005560,PO000995,P0400,47,100.44,4720.68
POL0005561,PO000995,P0455,17,61.74,1049.58
POL0005562,PO000996,P0300,67,308.08,20641.36
POL0005563,PO000996,P0133,140,492.74,68983.6
POL0005564,PO000996,P0380,115,268.9,30923.5
POL0005565,PO000996,P0478,41,46.67,1913.47
POL0005566,PO000996,P0036,1,1120.94,1120.94
POL0005567,PO000996,P0419,80,1373.67,109893.6
POL0005568,PO000996,P0157,37,714.97,26453.89
POL0005569,PO000997,P0081,40,12.35,494.0
POL0005570,PO000997,P0264,62,18.96,1175.52
POL0005571,PO000997,P0290,17,16.13,274.21
POL0005572,PO000997,P0407,11,14.25,156.75
POL0005573,PO000997,P0406,46,9.98,459.08
POL0005574,PO000997,P0424,69,51.61,3561.09
POL0005575,PO000997,P0192,12,41.51,498.12
POL0005576,PO000997,P0167,18,24.83,446.94
POL0005577,PO000998,P0384,1,161638.46,161638.46
POL0005578,PO000998,P0474,1,932593.41,932593.41
POL0005579,PO000998,P0119,1,123412.4,123412.4
POL0005580,PO000998,P0423,1,1182232.2,1182232.2
POL0005581,PO000998,P0361,1,203336.59,203336.59
POL0005582,PO000999,P0027,1,14.01,14.01
POL0005583,PO000999,P0489,20,11.19,223.8
POL0005584,PO000999,P0121,96,6.72,645.12
POL0005585,PO000999,P0167,28,24.83,695.24
POL0005586,PO000999,P0355,14,21.46,300.44
POL0005587,PO000999,P0138,26,55.62,1446.12
POL0005588,PO000999,P0285,76,12.88,978.88
POL0005589,PO001000,P0416,67,106.51,7136.17
POL0005590,PO001000,P0312,26,52.84,1373.84
POL0005591,PO001000,P0215,88,17.43,1533.84
POL0005592,PO001000,P0487,73,58.95,4303.35
POL0005593,PO001000,P0200,43,18.5,795.5
POL0005594,PO001000,P0383,34,25.83,878.22
POL0005595,PO001000,P0228,58,61.44,3563.52
