Staff_ID,Hospital_ID,Department_ID,Job_Role,Staff_Type,Years_Experience,Shift,Employment_Type,Performance_Rating,Status
S00001,H001,D0001,Doctor,Clinical,9,Morning,Full-Time,3.3,Active
S00002,H001,D0001,Doctor,Clinical,18,Morning,Part-Time,3.1,Active
S00003,H001,D0001,Doctor,Clinical,7,Morning,Full-Time,4.1,Active
S00004,H001,D0001,Procurement Officer,Non-Clinical,18,Evening,Full-Time,3.9,Active
S00005,H001,D0001,Technician,Clinical Support,1,Morning,Part-Time,3.7,Active
S00006,H001,D0001,Nurse,Clinical,7,Evening,Full-Time,3.2,Active
S00007,H001,D0001,Doctor,Clinical,12,Evening,Part-Time,4.6,Active
S00008,H001,D0001,Procurement Officer,Non-Clinical,15,Night,Full-Time,4.9,Active
S00009,H001,D0001,Pharmacist,Clinical Support,3,Night,Part-Time,4.7,Active
S00010,H001,D0001,Administrator,Non-Clinical,12,Night,Full-Time,4.4,Active
S00011,H001,D0001,Doctor,Clinical,8,Evening,Full-Time,4.7,Active
S00012,H001,D0001,Maintenance Engineer,Non-Clinical,4,Evening,Part-Time,3.9,Active
S00013,H001,D0001,Maintenance Engineer,Non-Clinical,12,Morning,Part-Time,3.7,Active
S00014,H001,D0001,Procurement Officer,Non-Clinical,9,Night,Full-Time,4.2,Active
S00015,H001,D0001,Nurse,Clinical,18,Night,Full-Time,3.3,Active
S00016,H001,D0002,Technician,Clinical Support,18,Morning,Part-Time,4.7,Active
S00017,H001,D0002,Maintenance Engineer,Non-Clinical,2,Morning,Full-Time,4.6,Active
S00018,H001,D0002,Pharmacist,Clinical Support,9,Morning,Full-Time,4.8,Active
S00019,H001,D0002,Administrator,Non-Clinical,11,Morning,Part-Time,3.8,Active
S00020,H001,D0002,Procurement Officer,Non-Clinical,15,Morning,Part-Time,3.3,Active
S00021,H001,D0002,Procurement Officer,Non-Clinical,18,Night,Part-Time,4.5,Active
S00022,H001,D0002,Pharmacist,Clinical Support,19,Evening,Part-Time,3.4,Active
S00023,H001,D0002,Nurse,Clinical,17,Evening,Full-Time,4.5,Active
S00024,H001,D0002,Maintenance Engineer,Non-Clinical,4,Morning,Full-Time,4.6,Active
S00025,H001,D0002,Pharmacist,Clinical Support,20,Morning,Part-Time,3.8,Active
S00026,H001,D0002,Pharmacist,Clinical Support,17,Evening,Full-Time,4.4,Active
S00027,H001,D0002,Doctor,Clinical,18,Evening,Part-Time,3.2,Active
S00028,H001,D0002,Pharmacist,Clinical Support,6,Evening,Full-Time,4.9,Active
S00029,H001,D0002,Procurement Officer,Non-Clinical,9,Night,Full-Time,4.0,Active
S00030,H001,D0002,Doctor,Clinical,10,Night,Full-Time,3.3,Active
S00031,H001,D0002,Maintenance Engineer,Non-Clinical,6,Night,Full-Time,4.2,Active
S00032,H001,D0002,Pharmacist,Clinical Support,1,Morning,Part-Time,4.8,Active
S00033,H001,D0002,Maintenance Engineer,Non-Clinical,10,Morning,Full-Time,3.5,Active
S00034,H001,D0002,Administrator,Non-Clinical,3,Morning,Part-Time,4.6,Active
S00035,H001,D0002,Maintenance Engineer,Non-Clinical,18,Morning,Full-Time,4.3,Active
S00036,H001,D0002,Administrator,Non-Clinical,6,Evening,Part-Time,4.9,Active
S00037,H001,D0002,Administrator,Non-Clinical,7,Night,Part-Time,3.8,Active
S00038,H001,D0002,Procurement Officer,Non-Clinical,12,Evening,Part-Time,3.2,Active
S00039,H001,D0002,Nurse,Clinical,3,Evening,Full-Time,4.2,Active
S00040,H001,D0003,Administrator,Non-Clinical,8,Morning,Full-Time,4.4,Active
S00041,H001,D0003,Doctor,Clinical,8,Morning,Full-Time,4.7,Active
S00042,H001,D0003,Doctor,Clinical,17,Morning,Part-Time,4.3,Active
S00043,H001,D0003,Nurse,Clinical,18,Morning,Part-Time,3.5,Active
S00044,H001,D0003,Pharmacist,Clinical Support,14,Morning,Full-Time,3.2,Active
S00045,H001,D0003,Pharmacist,Clinical Support,12,Evening,Part-Time,3.9,Active
S00046,H001,D0003,Procurement Officer,Non-Clinical,2,Night,Full-Time,3.1,Active
S00047,H001,D0003,Procurement Officer,Non-Clinical,11,Morning,Full-Time,3.4,Active
S00048,H001,D0003,Administrator,Non-Clinical,15,Morning,Part-Time,3.4,Active
S00049,H001,D0003,Pharmacist,Clinical Support,8,Morning,Part-Time,4.6,Active
S00050,H001,D0003,Maintenance Engineer,Non-Clinical,18,Morning,Full-Time,4.3,Active
S00051,H001,D0003,Administrator,Non-Clinical,1,Morning,Full-Time,3.3,Active
S00052,H001,D0003,Pharmacist,Clinical Support,16,Morning,Part-Time,4.8,Active
S00053,H001,D0003,Nurse,Clinical,13,Morning,Part-Time,3.5,Active
S00054,H001,D0003,Maintenance Engineer,Non-Clinical,15,Evening,Part-Time,4.4,Active
S00055,H001,D0003,Procurement Officer,Non-Clinical,18,Night,Part-Time,3.3,Active
S00056,H001,D0003,Technician,Clinical Support,7,Morning,Full-Time,4.5,Active
S00057,H001,D0003,Doctor,Clinical,2,Night,Part-Time,4.0,Active
S00058,H001,D0003,Maintenance Engineer,Non-Clinical,17,Morning,Full-Time,4.9,Active
S00059,H001,D0004,Maintenance Engineer,Non-Clinical,6,Morning,Full-Time,4.4,Active
S00060,H001,D0004,Nurse,Clinical,13,Morning,Full-Time,4.2,Active
S00061,H001,D0004,Doctor,Clinical,20,Morning,Part-Time,4.3,Active
S00062,H001,D0004,Administrator,Non-Clinical,17,Evening,Part-Time,3.4,Active
S00063,H001,D0004,Procurement Officer,Non-Clinical,11,Morning,Part-Time,3.8,Active
S00064,H001,D0004,Procurement Officer,Non-Clinical,10,Evening,Part-Time,4.9,Active
S00065,H001,D0004,Doctor,Clinical,1,Evening,Full-Time,3.1,Active
S00066,H001,D0004,Nurse,Clinical,17,Evening,Full-Time,4.9,Active
S00067,H001,D0004,Doctor,Clinical,8,Evening,Part-Time,3.3,Active
S00068,H001,D0004,Maintenance Engineer,Non-Clinical,18,Night,Part-Time,4.2,Active
S00069,H001,D0004,Maintenance Engineer,Non-Clinical,17,Morning,Part-Time,4.9,Active
S00070,H001,D0004,Doctor,Clinical,5,Evening,Full-Time,4.8,Active
S00071,H001,D0004,Procurement Officer,Non-Clinical,18,Morning,Part-Time,3.6,Active
S00072,H001,D0004,Nurse,Clinical,11,Morning,Part-Time,4.0,Active
S00073,H001,D0005,Maintenance Engineer,Non-Clinical,2,Morning,Part-Time,4.7,Active
S00074,H001,D0005,Doctor,Clinical,1,Evening,Full-Time,4.3,Active
S00075,H001,D0005,Technician,Clinical Support,6,Night,Part-Time,4.1,Active
S00076,H001,D0005,Pharmacist,Clinical Support,18,Morning,Full-Time,3.2,Active
S00077,H001,D0005,Procurement Officer,Non-Clinical,5,Night,Full-Time,4.7,Active
S00078,H001,D0005,Administrator,Non-Clinical,18,Morning,Part-Time,3.3,Active
S00079,H001,D0005,Technician,Clinical Support,12,Morning,Part-Time,3.4,Active
S00080,H001,D0005,Nurse,Clinical,4,Evening,Part-Time,4.9,Active
S00081,H001,D0005,Procurement Officer,Non-Clinical,5,Morning,Full-Time,5.0,Active
S00082,H001,D0005,Maintenance Engineer,Non-Clinical,6,Evening,Full-Time,3.4,Active
S00083,H001,D0005,Technician,Clinical Support,14,Night,Full-Time,3.5,Active
S00084,H001,D0005,Maintenance Engineer,Non-Clinical,4,Evening,Full-Time,4.7,Active
S00085,H001,D0005,Nurse,Clinical,7,Evening,Part-Time,3.6,Active
S00086,H001,D0005,Maintenance Engineer,Non-Clinical,8,Morning,Full-Time,4.3,Active
S00087,H001,D0005,Pharmacist,Clinical Support,11,Evening,Full-Time,4.9,Active
S00088,H001,D0005,Technician,Clinical Support,12,Night,Part-Time,4.4,Active
S00089,H001,D0005,Maintenance Engineer,Non-Clinical,18,Evening,Full-Time,3.2,Active
S00090,H001,D0005,Technician,Clinical Support,6,Night,Part-Time,3.1,Active
S00091,H001,D0005,Administrator,Non-Clinical,14,Evening,Part-Time,3.9,Active
S00092,H001,D0005,Administrator,Non-Clinical,4,Evening,Full-Time,3.5,Active
S00093,H001,D0006,Doctor,Clinical,17,Night,Full-Time,3.7,Active
S00094,H001,D0006,Doctor,Clinical,11,Night,Part-Time,4.3,Active
S00095,H001,D0006,Doctor,Clinical,10,Night,Part-Time,4.3,Active
S00096,H001,D0006,Technician,Clinical Support,13,Night,Part-Time,4.1,Active
S00097,H001,D0006,Nurse,Clinical,14,Night,Part-Time,4.4,Active
S00098,H001,D0006,Nurse,Clinical,20,Night,Part-Time,3.8,Active
S00099,H001,D0006,Maintenance Engineer,Non-Clinical,1,Evening,Part-Time,3.4,Active
S00100,H001,D0006,Maintenance Engineer,Non-Clinical,19,Night,Part-Time,3.9,Active
S00101,H001,D0006,Pharmacist,Clinical Support,7,Night,Part-Time,4.6,Active
S00102,H001,D0006,Maintenance Engineer,Non-Clinical,6,Night,Full-Time,3.6,Active
S00103,H001,D0006,Procurement Officer,Non-Clinical,20,Evening,Full-Time,4.6,Active
S00104,H001,D0006,Maintenance Engineer,Non-Clinical,8,Night,Part-Time,3.4,Active
S00105,H001,D0006,Nurse,Clinical,5,Morning,Full-Time,3.5,Active
S00106,H001,D0006,Pharmacist,Clinical Support,20,Morning,Part-Time,3.8,Active
S00107,H001,D0006,Procurement Officer,Non-Clinical,19,Morning,Part-Time,4.0,Active
S00108,H001,D0006,Nurse,Clinical,5,Night,Full-Time,4.8,Active
S00109,H001,D0006,Maintenance Engineer,Non-Clinical,4,Evening,Full-Time,3.4,Active
S00110,H001,D0006,Procurement Officer,Non-Clinical,17,Evening,Full-Time,4.1,Active
S00111,H001,D0006,Maintenance Engineer,Non-Clinical,4,Evening,Full-Time,4.6,Active
S00112,H001,D0006,Procurement Officer,Non-Clinical,17,Night,Part-Time,4.9,Active
S00113,H001,D0006,Pharmacist,Clinical Support,20,Night,Part-Time,4.7,Active
S00114,H001,D0006,Administrator,Non-Clinical,15,Morning,Part-Time,3.9,Active
S00115,H001,D0006,Maintenance Engineer,Non-Clinical,8,Night,Part-Time,4.5,Active
S00116,H001,D0006,Administrator,Non-Clinical,16,Night,Full-Time,3.5,Active
S00117,H001,D0006,Doctor,Clinical,10,Morning,Part-Time,3.7,Active
S00118,H001,D0007,Doctor,Clinical,5,Morning,Full-Time,3.8,Active
S00119,H001,D0007,Nurse,Clinical,7,Morning,Part-Time,3.8,Active
S00120,H001,D0007,Administrator,Non-Clinical,15,Evening,Full-Time,3.4,Active
S00121,H001,D0007,Pharmacist,Clinical Support,13,Night,Full-Time,4.7,Active
S00122,H001,D0007,Maintenance Engineer,Non-Clinical,19,Evening,Part-Time,3.0,Active
S00123,H001,D0007,Technician,Clinical Support,10,Evening,Part-Time,4.1,Active
S00124,H001,D0007,Procurement Officer,Non-Clinical,18,Night,Full-Time,4.0,Active
S00125,H001,D0007,Technician,Clinical Support,14,Evening,Full-Time,3.8,Active
S00126,H001,D0007,Procurement Officer,Non-Clinical,13,Night,Full-Time,4.7,Active
S00127,H001,D0007,Nurse,Clinical,20,Night,Full-Time,4.8,Active
S00128,H001,D0007,Administrator,Non-Clinical,19,Night,Full-Time,3.2,Active
S00129,H001,D0007,Pharmacist,Clinical Support,5,Evening,Full-Time,3.1,Active
S00130,H001,D0007,Pharmacist,Clinical Support,11,Morning,Part-Time,3.7,Active
S00131,H001,D0007,Maintenance Engineer,Non-Clinical,13,Evening,Part-Time,3.5,Active
S00132,H001,D0007,Doctor,Clinical,16,Morning,Full-Time,5.0,Active
S00133,H001,D0007,Technician,Clinical Support,8,Night,Full-Time,4.6,Active
S00134,H001,D0007,Procurement Officer,Non-Clinical,2,Morning,Full-Time,3.4,Active
S00135,H001,D0007,Doctor,Clinical,20,Morning,Full-Time,3.3,Active
S00136,H001,D0007,Procurement Officer,Non-Clinical,4,Night,Full-Time,3.9,Active
S00137,H001,D0007,Technician,Clinical Support,12,Morning,Full-Time,4.6,Active
S00138,H001,D0007,Nurse,Clinical,10,Morning,Full-Time,4.9,Active
S00139,H001,D0007,Administrator,Non-Clinical,13,Evening,Full-Time,3.2,Active
S00140,H001,D0007,Procurement Officer,Non-Clinical,8,Morning,Part-Time,4.7,Active
S00141,H001,D0007,Administrator,Non-Clinical,4,Night,Full-Time,3.7,Active
S00142,H001,D0007,Pharmacist,Clinical Support,12,Morning,Part-Time,3.0,Active
S00143,H001,D0007,Pharmacist,Clinical Support,16,Morning,Part-Time,4.9,Active
S00144,H001,D0007,Procurement Officer,Non-Clinical,15,Night,Full-Time,3.9,Active
S00145,H001,D0007,Procurement Officer,Non-Clinical,17,Night,Part-Time,4.2,Active
S00146,H001,D0007,Administrator,Non-Clinical,16,Evening,Part-Time,4.7,Active
S00147,H001,D0008,Technician,Clinical Support,11,Morning,Full-Time,3.6,Active
S00148,H001,D0008,Pharmacist,Clinical Support,8,Evening,Part-Time,3.7,Active
S00149,H001,D0008,Pharmacist,Clinical Support,11,Morning,Part-Time,3.4,Active
S00150,H001,D0008,Maintenance Engineer,Non-Clinical,9,Evening,Part-Time,4.8,Active
S00151,H001,D0008,Procurement Officer,Non-Clinical,9,Night,Full-Time,4.0,Active
S00152,H001,D0008,Nurse,Clinical,3,Morning,Part-Time,4.0,Active
S00153,H001,D0008,Maintenance Engineer,Non-Clinical,8,Night,Part-Time,4.3,Active
S00154,H001,D0008,Pharmacist,Clinical Support,15,Morning,Full-Time,3.6,Active
S00155,H001,D0008,Pharmacist,Clinical Support,8,Evening,Part-Time,3.9,Active
S00156,H001,D0008,Administrator,Non-Clinical,12,Evening,Part-Time,3.7,Active
S00157,H001,D0008,Pharmacist,Clinical Support,9,Evening,Part-Time,3.5,Active
S00158,H001,D0008,Procurement Officer,Non-Clinical,7,Evening,Full-Time,4.5,Active
S00159,H001,D0008,Maintenance Engineer,Non-Clinical,6,Morning,Full-Time,4.5,Active
S00160,H001,D0008,Technician,Clinical Support,19,Night,Part-Time,5.0,Active
S00161,H001,D0008,Maintenance Engineer,Non-Clinical,7,Evening,Full-Time,3.7,Active
S00162,H001,D0008,Technician,Clinical Support,1,Night,Full-Time,3.5,Active
S00163,H001,D0008,Doctor,Clinical,18,Evening,Full-Time,4.3,Active
S00164,H001,D0008,Maintenance Engineer,Non-Clinical,16,Morning,Full-Time,4.1,Active
S00165,H001,D0008,Pharmacist,Clinical Support,16,Evening,Part-Time,3.4,Active
S00166,H001,D0008,Doctor,Clinical,9,Evening,Full-Time,4.6,Active
S00167,H001,D0008,Pharmacist,Clinical Support,16,Morning,Full-Time,3.3,Active
S00168,H001,D0008,Maintenance Engineer,Non-Clinical,19,Evening,Full-Time,5.0,Active
S00169,H001,D0008,Doctor,Clinical,18,Evening,Full-Time,4.6,Active
S00170,H001,D0008,Pharmacist,Clinical Support,15,Evening,Part-Time,4.7,Active
S00171,H001,D0008,Pharmacist,Clinical Support,10,Night,Full-Time,4.2,Active
S00172,H001,D0008,Procurement Officer,Non-Clinical,4,Morning,Full-Time,3.5,Active
S00173,H001,D0008,Doctor,Clinical,6,Morning,Full-Time,4.1,Active
S00174,H001,D0008,Nurse,Clinical,1,Evening,Part-Time,4.4,Active
S00175,H001,D0008,Pharmacist,Clinical Support,10,Morning,Full-Time,3.6,Active
S00176,H001,D0008,Technician,Clinical Support,15,Morning,Full-Time,4.8,Active
S00177,H001,D0009,Procurement Officer,Non-Clinical,7,Evening,Full-Time,4.1,Active
S00178,H001,D0009,Procurement Officer,Non-Clinical,5,Evening,Full-Time,3.1,Active
S00179,H001,D0009,Nurse,Clinical,10,Night,Part-Time,3.9,Active
S00180,H001,D0009,Pharmacist,Clinical Support,10,Night,Part-Time,4.9,Active
S00181,H001,D0009,Administrator,Non-Clinical,18,Evening,Part-Time,3.2,Active
S00182,H001,D0009,Doctor,Clinical,14,Night,Part-Time,4.2,Active
S00183,H001,D0009,Doctor,Clinical,3,Morning,Full-Time,5.0,Active
S00184,H001,D0009,Procurement Officer,Non-Clinical,9,Night,Full-Time,4.5,Active
S00185,H001,D0009,Nurse,Clinical,16,Night,Part-Time,4.8,Active
S00186,H001,D0009,Nurse,Clinical,19,Evening,Part-Time,4.9,Active
S00187,H001,D0009,Pharmacist,Clinical Support,12,Evening,Part-Time,3.6,Active
S00188,H001,D0009,Doctor,Clinical,6,Evening,Part-Time,4.4,Active
S00189,H001,D0009,Technician,Clinical Support,13,Night,Full-Time,3.9,Active
S00190,H001,D0009,Technician,Clinical Support,9,Evening,Full-Time,4.9,Active
S00191,H001,D0009,Pharmacist,Clinical Support,17,Morning,Part-Time,3.8,Active
S00192,H001,D0009,Nurse,Clinical,17,Evening,Part-Time,4.3,Active
S00193,H001,D0009,Maintenance Engineer,Non-Clinical,2,Morning,Part-Time,4.1,Active
S00194,H001,D0009,Technician,Clinical Support,15,Night,Part-Time,3.2,Active
S00195,H001,D0009,Procurement Officer,Non-Clinical,20,Morning,Full-Time,3.6,Active
S00196,H001,D0009,Doctor,Clinical,18,Evening,Full-Time,3.4,Active
S00197,H001,D0009,Maintenance Engineer,Non-Clinical,4,Evening,Full-Time,4.3,Active
S00198,H001,D0009,Nurse,Clinical,16,Night,Part-Time,4.0,Active
S00199,H001,D0009,Technician,Clinical Support,14,Evening,Part-Time,3.5,Active
S00200,H001,D0009,Administrator,Non-Clinical,5,Evening,Full-Time,4.8,Active
S00201,H001,D0009,Administrator,Non-Clinical,5,Morning,Part-Time,4.5,Active
S00202,H001,D0009,Maintenance Engineer,Non-Clinical,14,Evening,Part-Time,4.6,Active
S00203,H001,D0009,Technician,Clinical Support,10,Night,Part-Time,4.7,Active
S00204,H001,D0009,Pharmacist,Clinical Support,18,Evening,Part-Time,3.7,Active
S00205,H001,D0009,Maintenance Engineer,Non-Clinical,18,Evening,Part-Time,4.9,Active
S00206,H001,D0009,Maintenance Engineer,Non-Clinical,7,Night,Full-Time,4.1,Active
S00207,H001,D0010,Maintenance Engineer,Non-Clinical,14,Morning,Part-Time,4.5,Active
S00208,H001,D0010,Procurement Officer,Non-Clinical,13,Evening,Full-Time,4.0,Active
S00209,H001,D0010,Doctor,Clinical,5,Night,Part-Time,4.7,Active
S00210,H001,D0010,Maintenance Engineer,Non-Clinical,15,Morning,Part-Time,3.0,Active
S00211,H001,D0010,Nurse,Clinical,14,Night,Full-Time,3.1,Active
S00212,H001,D0010,Maintenance Engineer,Non-Clinical,9,Evening,Part-Time,4.3,Active
S00213,H001,D0010,Maintenance Engineer,Non-Clinical,11,Night,Part-Time,4.9,Active
S00214,H001,D0010,Procurement Officer,Non-Clinical,16,Night,Full-Time,4.2,Active
S00215,H001,D0010,Nurse,Clinical,10,Morning,Full-Time,3.9,Active
S00216,H001,D0010,Doctor,Clinical,4,Evening,Full-Time,4.4,Active
S00217,H001,D0010,Doctor,Clinical,2,Evening,Full-Time,3.6,Active
S00218,H001,D0010,Technician,Clinical Support,14,Morning,Full-Time,4.1,Active
S00219,H001,D0010,Administrator,Non-Clinical,6,Morning,Full-Time,3.2,Active
S00220,H001,D0010,Maintenance Engineer,Non-Clinical,13,Night,Full-Time,4.0,Active
S00221,H001,D0010,Administrator,Non-Clinical,5,Morning,Part-Time,4.3,Active
S00222,H001,D0010,Pharmacist,Clinical Support,9,Night,Full-Time,4.8,Active
S00223,H001,D0010,Pharmacist,Clinical Support,10,Night,Full-Time,3.1,Active
S00224,H001,D0010,Technician,Clinical Support,19,Evening,Part-Time,4.4,Active
S00225,H001,D0010,Pharmacist,Clinical Support,10,Morning,Part-Time,4.7,Active
S00226,H001,D0011,Nurse,Clinical,13,Night,Part-Time,4.1,Active
S00227,H001,D0011,Procurement Officer,Non-Clinical,10,Morning,Part-Time,3.5,Active
S00228,H001,D0011,Administrator,Non-Clinical,2,Night,Part-Time,4.7,Active
S00229,H001,D0011,Technician,Clinical Support,8,Night,Part-Time,3.4,Active
S00230,H001,D0011,Nurse,Clinical,20,Evening,Full-Time,4.3,Active
S00231,H001,D0011,Procurement Officer,Non-Clinical,2,Evening,Part-Time,3.1,Active
S00232,H001,D0011,Technician,Clinical Support,5,Morning,Part-Time,3.7,Active
S00233,H001,D0011,Pharmacist,Clinical Support,6,Morning,Full-Time,4.6,Active
S00234,H001,D0011,Technician,Clinical Support,17,Night,Part-Time,4.7,Active
S00235,H001,D0011,Technician,Clinical Support,16,Evening,Part-Time,4.6,Active
S00236,H001,D0011,Pharmacist,Clinical Support,3,Morning,Full-Time,4.7,Active
S00237,H001,D0011,Procurement Officer,Non-Clinical,13,Night,Part-Time,3.2,Active
S00238,H001,D0011,Pharmacist,Clinical Support,1,Evening,Full-Time,3.9,Active
S00239,H001,D0011,Procurement Officer,Non-Clinical,9,Night,Part-Time,4.6,Active
S00240,H001,D0011,Technician,Clinical Support,4,Night,Full-Time,3.9,Active
S00241,H001,D0012,Technician,Clinical Support,20,Morning,Full-Time,4.3,Active
S00242,H001,D0012,Pharmacist,Clinical Support,10,Night,Part-Time,3.2,Active
S00243,H001,D0012,Doctor,Clinical,2,Evening,Part-Time,3.2,Active
S00244,H001,D0012,Nurse,Clinical,18,Morning,Part-Time,3.9,Active
S00245,H001,D0012,Procurement Officer,Non-Clinical,18,Evening,Full-Time,4.8,Active
S00246,H001,D0012,Procurement Officer,Non-Clinical,4,Evening,Part-Time,4.9,Active
S00247,H001,D0012,Technician,Clinical Support,2,Night,Part-Time,3.4,Active
S00248,H001,D0012,Pharmacist,Clinical Support,8,Evening,Full-Time,5.0,Active
S00249,H001,D0012,Technician,Clinical Support,18,Night,Part-Time,3.1,Active
S00250,H001,D0012,Technician,Clinical Support,7,Morning,Part-Time,3.2,Active
S00251,H001,D0012,Nurse,Clinical,20,Morning,Full-Time,4.6,Active
S00252,H001,D0012,Nurse,Clinical,5,Night,Full-Time,3.1,Active
S00253,H001,D0012,Maintenance Engineer,Non-Clinical,18,Morning,Full-Time,4.6,Active
S00254,H001,D0012,Nurse,Clinical,11,Morning,Full-Time,3.6,Active
S00255,H001,D0012,Nurse,Clinical,5,Night,Part-Time,4.6,Active
S00256,H001,D0012,Doctor,Clinical,1,Morning,Full-Time,3.7,Active
S00257,H001,D0012,Maintenance Engineer,Non-Clinical,8,Night,Part-Time,3.0,Active
S00258,H001,D0012,Technician,Clinical Support,2,Morning,Part-Time,4.1,Active
S00259,H001,D0012,Procurement Officer,Non-Clinical,3,Evening,Part-Time,4.6,Active
S00260,H001,D0012,Administrator,Non-Clinical,19,Morning,Part-Time,4.0,Active
S00261,H001,D0012,Administrator,Non-Clinical,2,Night,Part-Time,3.9,Active
S00262,H001,D0012,Doctor,Clinical,2,Evening,Part-Time,3.9,Active
S00263,H001,D0012,Doctor,Clinical,16,Night,Part-Time,3.1,Active
S00264,H001,D0012,Doctor,Clinical,11,Night,Full-Time,3.1,Active
S00265,H001,D0012,Technician,Clinical Support,20,Night,Part-Time,3.8,Active
S00266,H001,D0012,Administrator,Non-Clinical,17,Evening,Part-Time,4.0,Active
S00267,H001,D0012,Pharmacist,Clinical Support,4,Night,Full-Time,4.7,Active
S00268,H001,D0012,Procurement Officer,Non-Clinical,18,Night,Full-Time,3.9,Active
S00269,H001,D0012,Nurse,Clinical,14,Evening,Part-Time,3.8,Active
S00270,H001,D0013,Technician,Clinical Support,14,Evening,Part-Time,3.7,Active
S00271,H001,D0013,Nurse,Clinical,16,Morning,Full-Time,4.7,Active
S00272,H001,D0013,Doctor,Clinical,14,Morning,Part-Time,4.6,Active
S00273,H001,D0013,Administrator,Non-Clinical,2,Night,Part-Time,4.3,Active
S00274,H001,D0013,Pharmacist,Clinical Support,12,Night,Part-Time,4.7,Active
S00275,H001,D0013,Procurement Officer,Non-Clinical,2,Evening,Part-Time,3.7,Active
S00276,H001,D0013,Administrator,Non-Clinical,17,Morning,Full-Time,4.3,Active
S00277,H001,D0013,Nurse,Clinical,4,Evening,Part-Time,3.2,Active
S00278,H001,D0013,Technician,Clinical Support,19,Morning,Part-Time,4.7,Active
S00279,H001,D0013,Maintenance Engineer,Non-Clinical,20,Night,Full-Time,4.2,Active
S00280,H001,D0013,Procurement Officer,Non-Clinical,9,Morning,Full-Time,3.5,Active
S00281,H001,D0013,Maintenance Engineer,Non-Clinical,10,Evening,Part-Time,3.0,Active
S00282,H001,D0013,Maintenance Engineer,Non-Clinical,5,Night,Part-Time,3.1,Active
S00283,H001,D0013,Procurement Officer,Non-Clinical,1,Morning,Full-Time,3.8,Active
S00284,H001,D0013,Pharmacist,Clinical Support,11,Morning,Part-Time,3.6,Active
S00285,H001,D0014,Maintenance Engineer,Non-Clinical,19,Night,Full-Time,4.8,Active
S00286,H001,D0014,Nurse,Clinical,6,Night,Full-Time,4.3,Active
S00287,H001,D0014,Technician,Clinical Support,15,Night,Part-Time,4.0,Active
S00288,H001,D0014,Pharmacist,Clinical Support,14,Evening,Full-Time,4.5,Active
S00289,H001,D0014,Doctor,Clinical,12,Evening,Full-Time,3.6,Active
S00290,H001,D0014,Procurement Officer,Non-Clinical,19,Evening,Part-Time,3.1,Active
S00291,H001,D0014,Pharmacist,Clinical Support,20,Morning,Full-Time,3.4,Active
S00292,H001,D0014,Nurse,Clinical,5,Evening,Part-Time,3.7,Active
S00293,H001,D0014,Doctor,Clinical,16,Night,Part-Time,3.4,Active
S00294,H001,D0014,Pharmacist,Clinical Support,18,Night,Full-Time,4.0,Active
S00295,H001,D0014,Maintenance Engineer,Non-Clinical,12,Morning,Part-Time,4.7,Active
S00296,H001,D0014,Doctor,Clinical,14,Morning,Part-Time,4.8,Active
S00297,H001,D0014,Maintenance Engineer,Non-Clinical,11,Night,Part-Time,4.1,Active
S00298,H001,D0014,Procurement Officer,Non-Clinical,14,Evening,Full-Time,3.8,Active
S00299,H001,D0014,Technician,Clinical Support,6,Night,Part-Time,4.7,Active
S00300,H001,D0014,Technician,Clinical Support,3,Evening,Full-Time,3.5,Active
S00301,H001,D0014,Administrator,Non-Clinical,13,Night,Full-Time,3.8,Active
S00302,H001,D0014,Technician,Clinical Support,11,Morning,Part-Time,4.6,Active
S00303,H001,D0014,Doctor,Clinical,17,Night,Full-Time,4.1,Active
S00304,H001,D0014,Nurse,Clinical,12,Evening,Full-Time,3.5,Active
S00305,H001,D0014,Nurse,Clinical,9,Morning,Full-Time,4.2,Active
S00306,H001,D0014,Maintenance Engineer,Non-Clinical,3,Morning,Part-Time,3.9,Active
S00307,H001,D0015,Maintenance Engineer,Non-Clinical,19,Evening,Part-Time,4.7,Active
S00308,H001,D0015,Procurement Officer,Non-Clinical,11,Morning,Part-Time,3.1,Active
S00309,H001,D0015,Pharmacist,Clinical Support,10,Evening,Full-Time,3.7,Active
S00310,H001,D0015,Doctor,Clinical,10,Evening,Part-Time,3.1,Active
S00311,H001,D0015,Technician,Clinical Support,10,Morning,Full-Time,4.2,Active
S00312,H001,D0015,Administrator,Non-Clinical,13,Evening,Full-Time,3.9,Active
S00313,H001,D0015,Maintenance Engineer,Non-Clinical,19,Night,Full-Time,3.6,Active
S00314,H001,D0015,Pharmacist,Clinical Support,17,Morning,Full-Time,3.9,Active
S00315,H001,D0015,Maintenance Engineer,Non-Clinical,11,Night,Full-Time,4.0,Active
S00316,H001,D0015,Nurse,Clinical,2,Morning,Part-Time,5.0,Active
S00317,H001,D0015,Administrator,Non-Clinical,17,Night,Full-Time,3.7,Active
S00318,H001,D0015,Technician,Clinical Support,13,Evening,Part-Time,4.4,Active
S00319,H001,D0015,Doctor,Clinical,11,Morning,Part-Time,3.2,Active
S00320,H001,D0015,Procurement Officer,Non-Clinical,13,Evening,Part-Time,4.4,Active
S00321,H001,D0015,Procurement Officer,Non-Clinical,20,Morning,Part-Time,3.2,Active
S00322,H001,D0015,Procurement Officer,Non-Clinical,5,Evening,Part-Time,4.9,Active
S00323,H001,D0015,Procurement Officer,Non-Clinical,13,Morning,Full-Time,3.6,Active
S00324,H001,D0015,Pharmacist,Clinical Support,11,Morning,Full-Time,4.3,Active
S00325,H001,D0015,Pharmacist,Clinical Support,17,Evening,Full-Time,3.7,Active
S00326,H001,D0015,Nurse,Clinical,7,Evening,Part-Time,3.4,Active
S00327,H001,D0015,Nurse,Clinical,5,Morning,Part-Time,4.7,Active
S00328,H001,D0015,Doctor,Clinical,17,Night,Full-Time,4.3,Active
S00329,H001,D0015,Maintenance Engineer,Non-Clinical,20,Morning,Part-Time,3.3,Active
S00330,H001,D0015,Nurse,Clinical,20,Morning,Part-Time,3.1,Active
S00331,H001,D0015,Technician,Clinical Support,8,Evening,Part-Time,4.5,Active
S00332,H001,D0015,Maintenance Engineer,Non-Clinical,15,Morning,Full-Time,3.6,Active
S00333,H001,D0015,Maintenance Engineer,Non-Clinical,16,Morning,Part-Time,4.4,Active
S00334,H001,D0015,Administrator,Non-Clinical,15,Evening,Part-Time,4.6,Active
S00335,H001,D0015,Administrator,Non-Clinical,17,Evening,Full-Time,4.6,Active
S00336,H001,D0015,Maintenance Engineer,Non-Clinical,20,Morning,Part-Time,3.1,Active
S00337,H001,D0016,Maintenance Engineer,Non-Clinical,12,Night,Full-Time,4.4,Active
S00338,H001,D0016,Administrator,Non-Clinical,4,Evening,Full-Time,4.5,Active
S00339,H001,D0016,Technician,Clinical Support,15,Night,Full-Time,4.7,Active
S00340,H001,D0016,Doctor,Clinical,8,Evening,Part-Time,4.9,Active
S00341,H001,D0016,Pharmacist,Clinical Support,2,Evening,Part-Time,3.5,Active
S00342,H001,D0016,Doctor,Clinical,12,Morning,Full-Time,3.6,Active
S00343,H001,D0016,Doctor,Clinical,11,Morning,Full-Time,3.1,Active
S00344,H001,D0016,Maintenance Engineer,Non-Clinical,16,Night,Full-Time,4.5,Active
S00345,H001,D0016,Pharmacist,Clinical Support,15,Night,Full-Time,4.8,Active
S00346,H001,D0016,Doctor,Clinical,9,Morning,Full-Time,4.1,Active
S00347,H001,D0016,Procurement Officer,Non-Clinical,20,Night,Part-Time,3.2,Active
S00348,H001,D0016,Technician,Clinical Support,8,Evening,Full-Time,3.1,Active
S00349,H001,D0016,Pharmacist,Clinical Support,20,Evening,Full-Time,3.2,Active
S00350,H001,D0016,Pharmacist,Clinical Support,20,Night,Full-Time,4.3,Active
S00351,H001,D0016,Administrator,Non-Clinical,8,Night,Full-Time,3.6,Active
S00352,H001,D0016,Doctor,Clinical,20,Evening,Full-Time,4.1,Active
S00353,H001,D0016,Nurse,Clinical,3,Night,Part-Time,3.1,Active
S00354,H001,D0016,Administrator,Non-Clinical,18,Night,Full-Time,3.8,Active
S00355,H001,D0016,Pharmacist,Clinical Support,2,Night,Part-Time,5.0,Active
S00356,H001,D0016,Technician,Clinical Support,1,Evening,Full-Time,3.7,Active
S00357,H001,D0016,Procurement Officer,Non-Clinical,4,Night,Part-Time,3.3,Active
S00358,H001,D0016,Technician,Clinical Support,18,Evening,Full-Time,4.7,Active
S00359,H001,D0016,Procurement Officer,Non-Clinical,15,Night,Part-Time,4.3,Active
S00360,H001,D0016,Maintenance Engineer,Non-Clinical,5,Morning,Part-Time,3.1,Active
S00361,H001,D0016,Nurse,Clinical,2,Morning,Full-Time,3.6,Active
S00362,H001,D0016,Technician,Clinical Support,17,Evening,Part-Time,3.5,Active
S00363,H001,D0016,Maintenance Engineer,Non-Clinical,7,Evening,Part-Time,4.7,Active
S00364,H001,D0017,Maintenance Engineer,Non-Clinical,11,Evening,Full-Time,4.6,Active
S00365,H001,D0017,Pharmacist,Clinical Support,13,Night,Part-Time,4.8,Active
S00366,H001,D0017,Pharmacist,Clinical Support,11,Morning,Part-Time,4.4,Active
S00367,H001,D0017,Technician,Clinical Support,17,Evening,Full-Time,4.5,Active
S00368,H001,D0017,Doctor,Clinical,14,Night,Full-Time,4.1,Active
S00369,H001,D0017,Technician,Clinical Support,4,Morning,Part-Time,4.3,Active
S00370,H001,D0017,Technician,Clinical Support,15,Night,Part-Time,3.3,Active
S00371,H001,D0017,Pharmacist,Clinical Support,12,Evening,Full-Time,4.5,Active
S00372,H001,D0017,Technician,Clinical Support,20,Evening,Part-Time,4.3,Active
S00373,H001,D0017,Maintenance Engineer,Non-Clinical,2,Morning,Part-Time,3.7,Active
S00374,H001,D0017,Maintenance Engineer,Non-Clinical,6,Morning,Full-Time,4.7,Active
S00375,H001,D0017,Procurement Officer,Non-Clinical,15,Morning,Full-Time,3.1,Active
S00376,H001,D0017,Maintenance Engineer,Non-Clinical,12,Evening,Part-Time,4.9,Active
S00377,H001,D0018,Administrator,Non-Clinical,5,Night,Part-Time,4.9,Active
S00378,H001,D0018,Technician,Clinical Support,15,Morning,Full-Time,4.1,Active
S00379,H001,D0018,Pharmacist,Clinical Support,11,Night,Part-Time,3.5,Active
S00380,H001,D0018,Doctor,Clinical,1,Night,Full-Time,4.0,Active
S00381,H001,D0018,Pharmacist,Clinical Support,18,Morning,Part-Time,4.5,Active
S00382,H001,D0018,Procurement Officer,Non-Clinical,15,Morning,Part-Time,4.4,Active
S00383,H001,D0018,Pharmacist,Clinical Support,7,Morning,Full-Time,4.7,Active
S00384,H001,D0018,Pharmacist,Clinical Support,6,Night,Part-Time,5.0,Active
S00385,H001,D0018,Maintenance Engineer,Non-Clinical,11,Night,Part-Time,4.4,Active
S00386,H001,D0018,Administrator,Non-Clinical,18,Evening,Part-Time,4.7,Active
S00387,H001,D0018,Procurement Officer,Non-Clinical,6,Evening,Full-Time,3.2,Active
S00388,H001,D0018,Nurse,Clinical,5,Morning,Part-Time,3.1,Active
S00389,H001,D0018,Administrator,Non-Clinical,19,Evening,Part-Time,4.6,Active
S00390,H001,D0019,Nurse,Clinical,20,Morning,Full-Time,3.6,Active
S00391,H001,D0019,Procurement Officer,Non-Clinical,16,Night,Part-Time,4.5,Active
S00392,H001,D0019,Maintenance Engineer,Non-Clinical,19,Morning,Full-Time,4.9,Active
S00393,H001,D0019,Procurement Officer,Non-Clinical,3,Evening,Part-Time,4.4,Active
S00394,H001,D0019,Technician,Clinical Support,5,Night,Full-Time,4.5,Active
S00395,H001,D0019,Nurse,Clinical,14,Night,Full-Time,4.7,Active
S00396,H001,D0019,Administrator,Non-Clinical,5,Evening,Full-Time,3.3,Active
S00397,H001,D0019,Procurement Officer,Non-Clinical,8,Evening,Part-Time,4.7,Active
S00398,H001,D0019,Technician,Clinical Support,7,Night,Part-Time,3.3,Active
S00399,H001,D0019,Technician,Clinical Support,20,Night,Full-Time,4.0,Active
S00400,H001,D0019,Nurse,Clinical,19,Night,Full-Time,3.3,Active
S00401,H001,D0019,Administrator,Non-Clinical,20,Evening,Full-Time,4.7,Active
S00402,H001,D0019,Doctor,Clinical,3,Morning,Part-Time,4.3,Active
S00403,H001,D0019,Maintenance Engineer,Non-Clinical,19,Evening,Full-Time,4.0,Active
S00404,H001,D0019,Procurement Officer,Non-Clinical,18,Evening,Part-Time,4.0,Active
S00405,H001,D0019,Maintenance Engineer,Non-Clinical,13,Evening,Part-Time,3.1,Active
S00406,H001,D0019,Doctor,Clinical,6,Evening,Part-Time,4.0,Active
S00407,H001,D0019,Nurse,Clinical,11,Night,Full-Time,3.6,Active
S00408,H001,D0019,Procurement Officer,Non-Clinical,11,Night,Part-Time,5.0,Active
S00409,H001,D0019,Nurse,Clinical,12,Night,Full-Time,3.6,Active
S00410,H001,D0019,Pharmacist,Clinical Support,4,Evening,Part-Time,3.5,Active
S00411,H001,D0019,Doctor,Clinical,2,Evening,Part-Time,4.7,Active
S00412,H001,D0019,Pharmacist,Clinical Support,8,Morning,Part-Time,4.9,Active
S00413,H001,D0019,Procurement Officer,Non-Clinical,11,Morning,Full-Time,4.0,Active
S00414,H001,D0019,Administrator,Non-Clinical,15,Evening,Part-Time,4.0,Active
S00415,H001,D0019,Doctor,Clinical,13,Night,Part-Time,4.9,Active
S00416,H001,D0019,Nurse,Clinical,19,Evening,Full-Time,3.1,Active
S00417,H001,D0019,Pharmacist,Clinical Support,20,Night,Part-Time,3.6,Active
S00418,H001,D0019,Doctor,Clinical,4,Evening,Full-Time,4.8,Active
S00419,H001,D0020,Maintenance Engineer,Non-Clinical,13,Evening,Full-Time,3.8,Active
S00420,H001,D0020,Administrator,Non-Clinical,18,Morning,Part-Time,4.1,Active
S00421,H001,D0020,Doctor,Clinical,13,Night,Part-Time,4.5,Active
S00422,H001,D0020,Technician,Clinical Support,20,Night,Full-Time,3.3,Active
S00423,H001,D0020,Doctor,Clinical,13,Evening,Part-Time,4.1,Active
S00424,H001,D0020,Technician,Clinical Support,5,Morning,Part-Time,4.0,Active
S00425,H001,D0020,Doctor,Clinical,2,Morning,Part-Time,4.6,Active
S00426,H001,D0020,Administrator,Non-Clinical,15,Morning,Full-Time,3.7,Active
S00427,H001,D0020,Administrator,Non-Clinical,11,Morning,Part-Time,5.0,Active
S00428,H001,D0020,Procurement Officer,Non-Clinical,10,Night,Part-Time,4.0,Active
S00429,H001,D0020,Administrator,Non-Clinical,18,Evening,Part-Time,3.9,Active
S00430,H001,D0020,Doctor,Clinical,12,Evening,Full-Time,5.0,Active
S00431,H001,D0020,Administrator,Non-Clinical,10,Night,Full-Time,4.2,Active
S00432,H001,D0020,Technician,Clinical Support,19,Night,Full-Time,4.4,Active
S00433,H001,D0020,Administrator,Non-Clinical,16,Morning,Part-Time,3.3,Active
S00434,H001,D0020,Procurement Officer,Non-Clinical,8,Morning,Full-Time,3.4,Active
S00435,H001,D0020,Pharmacist,Clinical Support,11,Evening,Full-Time,3.8,Active
S00436,H001,D0020,Nurse,Clinical,14,Night,Part-Time,4.7,Active
S00437,H001,D0020,Procurement Officer,Non-Clinical,2,Night,Full-Time,4.0,Active
S00438,H001,D0020,Administrator,Non-Clinical,11,Night,Part-Time,4.1,Active
S00439,H001,D0020,Technician,Clinical Support,6,Evening,Part-Time,4.1,Active
S00440,H001,D0020,Procurement Officer,Non-Clinical,9,Night,Part-Time,3.4,Active
S00441,H001,D0020,Nurse,Clinical,9,Night,Part-Time,3.4,Active
S00442,H002,D0021,Maintenance Engineer,Non-Clinical,10,Night,Full-Time,4.4,Active
S00443,H002,D0021,Pharmacist,Clinical Support,11,Evening,Part-Time,4.1,Active
S00444,H002,D0021,Maintenance Engineer,Non-Clinical,9,Evening,Full-Time,4.1,Active
S00445,H002,D0021,Administrator,Non-Clinical,13,Evening,Part-Time,4.9,Active
S00446,H002,D0021,Maintenance Engineer,Non-Clinical,5,Evening,Full-Time,3.6,Active
S00447,H002,D0021,Procurement Officer,Non-Clinical,3,Evening,Part-Time,4.3,Active
S00448,H002,D0021,Procurement Officer,Non-Clinical,16,Morning,Full-Time,4.7,Active
S00449,H002,D0021,Technician,Clinical Support,18,Night,Part-Time,3.3,Active
S00450,H002,D0021,Administrator,Non-Clinical,19,Morning,Full-Time,3.1,Active
S00451,H002,D0021,Administrator,Non-Clinical,8,Night,Full-Time,3.1,Active
S00452,H002,D0021,Pharmacist,Clinical Support,11,Night,Part-Time,3.2,Active
S00453,H002,D0021,Maintenance Engineer,Non-Clinical,5,Morning,Full-Time,3.8,Active
S00454,H002,D0021,Pharmacist,Clinical Support,16,Night,Full-Time,4.5,Active
S00455,H002,D0021,Technician,Clinical Support,11,Evening,Full-Time,4.8,Active
S00456,H002,D0021,Doctor,Clinical,19,Morning,Full-Time,4.8,Active
S00457,H002,D0021,Nurse,Clinical,14,Morning,Full-Time,5.0,Active
S00458,H002,D0021,Pharmacist,Clinical Support,16,Morning,Part-Time,4.8,Active
S00459,H002,D0021,Doctor,Clinical,10,Night,Full-Time,4.9,Active
S00460,H002,D0021,Technician,Clinical Support,10,Evening,Part-Time,4.8,Active
S00461,H002,D0021,Nurse,Clinical,17,Evening,Part-Time,3.4,Active
S00462,H002,D0021,Doctor,Clinical,11,Morning,Part-Time,4.3,Active
S00463,H002,D0022,Doctor,Clinical,11,Evening,Full-Time,3.4,Active
S00464,H002,D0022,Maintenance Engineer,Non-Clinical,13,Evening,Part-Time,3.2,Active
S00465,H002,D0022,Procurement Officer,Non-Clinical,4,Morning,Full-Time,4.0,Active
S00466,H002,D0022,Nurse,Clinical,1,Evening,Part-Time,3.5,Active
S00467,H002,D0022,Maintenance Engineer,Non-Clinical,9,Evening,Part-Time,4.2,Active
S00468,H002,D0022,Administrator,Non-Clinical,1,Evening,Part-Time,4.4,Active
S00469,H002,D0022,Doctor,Clinical,4,Evening,Part-Time,3.3,Active
S00470,H002,D0022,Procurement Officer,Non-Clinical,17,Night,Part-Time,4.4,Active
S00471,H002,D0022,Procurement Officer,Non-Clinical,10,Evening,Full-Time,3.4,Active
S00472,H002,D0022,Nurse,Clinical,16,Morning,Part-Time,4.5,Active
S00473,H002,D0022,Administrator,Non-Clinical,12,Evening,Part-Time,4.5,Active
S00474,H002,D0022,Maintenance Engineer,Non-Clinical,7,Morning,Full-Time,4.1,Active
S00475,H002,D0022,Administrator,Non-Clinical,12,Morning,Full-Time,3.1,Active
S00476,H002,D0022,Administrator,Non-Clinical,17,Morning,Full-Time,3.3,Active
S00477,H002,D0022,Maintenance Engineer,Non-Clinical,17,Evening,Full-Time,4.4,Active
S00478,H002,D0022,Procurement Officer,Non-Clinical,19,Evening,Full-Time,4.8,Active
S00479,H002,D0022,Pharmacist,Clinical Support,2,Evening,Full-Time,4.0,Active
S00480,H002,D0023,Administrator,Non-Clinical,2,Night,Part-Time,4.3,Active
S00481,H002,D0023,Technician,Clinical Support,1,Evening,Part-Time,4.6,Active
S00482,H002,D0023,Procurement Officer,Non-Clinical,7,Night,Full-Time,3.1,Active
S00483,H002,D0023,Technician,Clinical Support,3,Night,Full-Time,4.9,Active
S00484,H002,D0023,Doctor,Clinical,16,Morning,Part-Time,3.8,Active
S00485,H002,D0023,Maintenance Engineer,Non-Clinical,5,Night,Part-Time,3.7,Active
S00486,H002,D0023,Pharmacist,Clinical Support,15,Evening,Part-Time,3.2,Active
S00487,H002,D0023,Procurement Officer,Non-Clinical,18,Morning,Part-Time,3.2,Active
S00488,H002,D0023,Administrator,Non-Clinical,13,Night,Full-Time,4.5,Active
S00489,H002,D0023,Nurse,Clinical,1,Morning,Part-Time,3.9,Active
S00490,H002,D0023,Procurement Officer,Non-Clinical,18,Evening,Part-Time,4.6,Active
S00491,H002,D0023,Nurse,Clinical,15,Evening,Full-Time,3.6,Active
S00492,H002,D0023,Procurement Officer,Non-Clinical,4,Morning,Part-Time,4.2,Active
S00493,H002,D0023,Doctor,Clinical,8,Morning,Full-Time,3.2,Active
S00494,H002,D0023,Doctor,Clinical,15,Night,Full-Time,3.5,Active
S00495,H002,D0023,Doctor,Clinical,13,Evening,Full-Time,4.1,Active
S00496,H002,D0023,Maintenance Engineer,Non-Clinical,2,Morning,Part-Time,3.5,Active
S00497,H002,D0023,Procurement Officer,Non-Clinical,19,Evening,Part-Time,3.5,Active
S00498,H002,D0023,Nurse,Clinical,17,Morning,Part-Time,3.6,Active
S00499,H002,D0023,Doctor,Clinical,18,Night,Full-Time,4.3,Active
S00500,H002,D0023,Pharmacist,Clinical Support,18,Evening,Full-Time,4.9,Active
S00501,H002,D0023,Procurement Officer,Non-Clinical,13,Night,Part-Time,4.4,Active
S00502,H002,D0023,Pharmacist,Clinical Support,5,Evening,Part-Time,3.4,Active
S00503,H002,D0023,Administrator,Non-Clinical,16,Morning,Full-Time,3.6,Active
S00504,H002,D0023,Procurement Officer,Non-Clinical,5,Evening,Full-Time,4.1,Active
S00505,H002,D0023,Pharmacist,Clinical Support,18,Night,Full-Time,3.8,Active
S00506,H002,D0024,Nurse,Clinical,11,Night,Full-Time,4.8,Active
S00507,H002,D0024,Maintenance Engineer,Non-Clinical,12,Morning,Full-Time,3.1,Active
S00508,H002,D0024,Pharmacist,Clinical Support,20,Night,Full-Time,4.7,Active
S00509,H002,D0024,Nurse,Clinical,19,Night,Full-Time,4.0,Active
S00510,H002,D0024,Maintenance Engineer,Non-Clinical,11,Evening,Full-Time,3.4,Active
S00511,H002,D0024,Nurse,Clinical,4,Night,Part-Time,4.8,Active
S00512,H002,D0024,Procurement Officer,Non-Clinical,20,Night,Full-Time,3.8,Active
S00513,H002,D0024,Nurse,Clinical,18,Evening,Part-Time,3.8,Active
S00514,H002,D0024,Administrator,Non-Clinical,12,Evening,Part-Time,3.7,Active
S00515,H002,D0024,Pharmacist,Clinical Support,15,Morning,Part-Time,4.5,Active
S00516,H002,D0024,Technician,Clinical Support,7,Evening,Part-Time,3.8,Active
S00517,H002,D0024,Administrator,Non-Clinical,8,Night,Full-Time,3.0,Active
S00518,H002,D0024,Administrator,Non-Clinical,19,Night,Part-Time,3.6,Active
S00519,H002,D0024,Nurse,Clinical,11,Morning,Part-Time,4.1,Active
S00520,H002,D0024,Nurse,Clinical,16,Night,Part-Time,3.5,Active
S00521,H002,D0024,Maintenance Engineer,Non-Clinical,16,Night,Part-Time,3.9,Active
S00522,H002,D0024,Procurement Officer,Non-Clinical,12,Morning,Full-Time,4.4,Active
S00523,H002,D0024,Pharmacist,Clinical Support,6,Night,Full-Time,4.0,Active
S00524,H002,D0024,Maintenance Engineer,Non-Clinical,3,Night,Full-Time,4.5,Active
S00525,H002,D0024,Pharmacist,Clinical Support,5,Night,Full-Time,3.1,Active
S00526,H002,D0025,Doctor,Clinical,7,Night,Part-Time,3.7,Active
S00527,H002,D0025,Administrator,Non-Clinical,20,Evening,Part-Time,3.0,Active
S00528,H002,D0025,Administrator,Non-Clinical,18,Evening,Full-Time,3.0,Active
S00529,H002,D0025,Procurement Officer,Non-Clinical,9,Night,Part-Time,3.0,Active
S00530,H002,D0025,Maintenance Engineer,Non-Clinical,14,Morning,Full-Time,4.8,Active
S00531,H002,D0025,Administrator,Non-Clinical,5,Morning,Full-Time,4.2,Active
S00532,H002,D0025,Technician,Clinical Support,12,Evening,Part-Time,3.2,Active
S00533,H002,D0025,Pharmacist,Clinical Support,15,Night,Full-Time,5.0,Active
S00534,H002,D0025,Nurse,Clinical,10,Night,Full-Time,4.3,Active
S00535,H002,D0025,Maintenance Engineer,Non-Clinical,2,Morning,Part-Time,3.8,Active
S00536,H002,D0025,Administrator,Non-Clinical,16,Morning,Full-Time,4.4,Active
S00537,H002,D0025,Doctor,Clinical,16,Evening,Part-Time,4.1,Active
S00538,H002,D0025,Maintenance Engineer,Non-Clinical,4,Night,Full-Time,3.5,Active
S00539,H002,D0025,Maintenance Engineer,Non-Clinical,19,Evening,Part-Time,3.1,Active
S00540,H002,D0025,Doctor,Clinical,9,Night,Full-Time,3.4,Active
S00541,H002,D0025,Maintenance Engineer,Non-Clinical,11,Morning,Full-Time,4.2,Active
S00542,H002,D0026,Doctor,Clinical,10,Morning,Full-Time,4.1,Active
S00543,H002,D0026,Maintenance Engineer,Non-Clinical,13,Night,Part-Time,3.8,Active
S00544,H002,D0026,Procurement Officer,Non-Clinical,5,Night,Full-Time,4.0,Active
S00545,H002,D0026,Technician,Clinical Support,2,Morning,Part-Time,3.5,Active
S00546,H002,D0026,Doctor,Clinical,11,Night,Part-Time,4.9,Active
S00547,H002,D0026,Technician,Clinical Support,1,Night,Part-Time,4.6,Active
S00548,H002,D0026,Pharmacist,Clinical Support,16,Morning,Part-Time,4.1,Active
S00549,H002,D0026,Pharmacist,Clinical Support,14,Morning,Part-Time,3.2,Active
S00550,H002,D0026,Administrator,Non-Clinical,10,Morning,Full-Time,3.2,Active
S00551,H002,D0026,Nurse,Clinical,13,Night,Full-Time,4.5,Active
S00552,H002,D0026,Technician,Clinical Support,12,Morning,Full-Time,3.0,Active
S00553,H002,D0026,Technician,Clinical Support,15,Evening,Part-Time,3.2,Active
S00554,H002,D0026,Doctor,Clinical,6,Evening,Part-Time,4.1,Active
S00555,H002,D0026,Administrator,Non-Clinical,14,Morning,Full-Time,3.2,Active
S00556,H002,D0026,Administrator,Non-Clinical,3,Night,Part-Time,4.7,Active
S00557,H002,D0026,Doctor,Clinical,10,Evening,Part-Time,4.6,Active
S00558,H002,D0026,Procurement Officer,Non-Clinical,18,Morning,Full-Time,4.4,Active
S00559,H002,D0026,Nurse,Clinical,5,Evening,Part-Time,3.5,Active
S00560,H002,D0026,Nurse,Clinical,3,Morning,Part-Time,3.6,Active
S00561,H002,D0026,Technician,Clinical Support,16,Morning,Part-Time,3.5,Active
S00562,H002,D0026,Nurse,Clinical,16,Night,Full-Time,3.9,Active
S00563,H002,D0026,Nurse,Clinical,10,Morning,Part-Time,3.7,Active
S00564,H002,D0026,Administrator,Non-Clinical,13,Evening,Part-Time,3.7,Active
S00565,H002,D0026,Maintenance Engineer,Non-Clinical,20,Morning,Part-Time,3.6,Active
S00566,H002,D0027,Pharmacist,Clinical Support,11,Morning,Part-Time,4.9,Active
S00567,H002,D0027,Technician,Clinical Support,16,Night,Full-Time,3.7,Active
S00568,H002,D0027,Technician,Clinical Support,13,Evening,Full-Time,4.9,Active
S00569,H002,D0027,Nurse,Clinical,19,Night,Full-Time,4.4,Active
S00570,H002,D0027,Administrator,Non-Clinical,1,Night,Part-Time,4.9,Active
S00571,H002,D0027,Nurse,Clinical,15,Evening,Full-Time,4.6,Active
S00572,H002,D0027,Maintenance Engineer,Non-Clinical,14,Night,Part-Time,3.3,Active
S00573,H002,D0027,Technician,Clinical Support,8,Evening,Full-Time,4.4,Active
S00574,H002,D0027,Maintenance Engineer,Non-Clinical,13,Morning,Part-Time,5.0,Active
S00575,H002,D0027,Pharmacist,Clinical Support,19,Evening,Part-Time,4.1,Active
S00576,H002,D0027,Maintenance Engineer,Non-Clinical,12,Night,Full-Time,3.2,Active
S00577,H002,D0027,Nurse,Clinical,12,Morning,Full-Time,4.1,Active
S00578,H002,D0027,Procurement Officer,Non-Clinical,13,Evening,Part-Time,3.2,Active
S00579,H002,D0027,Doctor,Clinical,9,Morning,Full-Time,3.9,Active
S00580,H002,D0027,Pharmacist,Clinical Support,15,Night,Full-Time,3.7,Active
S00581,H002,D0027,Doctor,Clinical,16,Morning,Part-Time,3.8,Active
S00582,H002,D0027,Doctor,Clinical,4,Night,Full-Time,3.7,Active
S00583,H002,D0027,Technician,Clinical Support,15,Morning,Part-Time,3.7,Active
S00584,H002,D0028,Pharmacist,Clinical Support,15,Evening,Full-Time,3.6,Active
S00585,H002,D0028,Maintenance Engineer,Non-Clinical,4,Morning,Part-Time,4.3,Active
S00586,H002,D0028,Procurement Officer,Non-Clinical,6,Night,Full-Time,4.0,Active
S00587,H002,D0028,Administrator,Non-Clinical,6,Evening,Part-Time,4.9,Active
S00588,H002,D0028,Nurse,Clinical,13,Night,Full-Time,3.4,Active
S00589,H002,D0028,Procurement Officer,Non-Clinical,14,Evening,Full-Time,4.5,Active
S00590,H002,D0028,Nurse,Clinical,15,Night,Part-Time,3.8,Active
S00591,H002,D0028,Procurement Officer,Non-Clinical,7,Morning,Part-Time,4.5,Active
S00592,H002,D0028,Maintenance Engineer,Non-Clinical,3,Night,Full-Time,4.6,Active
S00593,H002,D0028,Administrator,Non-Clinical,6,Evening,Part-Time,3.4,Active
S00594,H002,D0028,Doctor,Clinical,9,Night,Part-Time,4.1,Active
S00595,H002,D0028,Procurement Officer,Non-Clinical,11,Night,Part-Time,4.2,Active
S00596,H002,D0028,Administrator,Non-Clinical,4,Evening,Part-Time,4.7,Active
S00597,H002,D0028,Administrator,Non-Clinical,6,Night,Part-Time,4.8,Active
S00598,H002,D0028,Administrator,Non-Clinical,3,Night,Full-Time,3.6,Active
S00599,H002,D0029,Technician,Clinical Support,4,Morning,Part-Time,4.4,Active
S00600,H002,D0029,Administrator,Non-Clinical,13,Evening,Full-Time,4.1,Active
S00601,H002,D0029,Pharmacist,Clinical Support,6,Evening,Full-Time,4.1,Active
S00602,H002,D0029,Pharmacist,Clinical Support,10,Morning,Full-Time,3.6,Active
S00603,H002,D0029,Pharmacist,Clinical Support,20,Morning,Part-Time,4.9,Active
S00604,H002,D0029,Pharmacist,Clinical Support,5,Morning,Part-Time,4.9,Active
S00605,H002,D0029,Administrator,Non-Clinical,16,Evening,Part-Time,3.8,Active
S00606,H002,D0029,Maintenance Engineer,Non-Clinical,15,Evening,Full-Time,3.2,Active
S00607,H002,D0029,Doctor,Clinical,8,Evening,Full-Time,3.5,Active
S00608,H002,D0029,Administrator,Non-Clinical,10,Morning,Part-Time,4.1,Active
S00609,H002,D0029,Maintenance Engineer,Non-Clinical,16,Night,Full-Time,4.1,Active
S00610,H002,D0029,Technician,Clinical Support,18,Evening,Full-Time,4.5,Active
S00611,H002,D0029,Pharmacist,Clinical Support,18,Morning,Part-Time,3.2,Active
S00612,H002,D0029,Maintenance Engineer,Non-Clinical,8,Evening,Full-Time,3.9,Active
S00613,H002,D0029,Technician,Clinical Support,3,Evening,Full-Time,4.6,Active
S00614,H002,D0029,Nurse,Clinical,7,Night,Part-Time,4.7,Active
S00615,H002,D0029,Administrator,Non-Clinical,14,Morning,Full-Time,4.6,Active
S00616,H002,D0029,Maintenance Engineer,Non-Clinical,7,Morning,Part-Time,4.1,Active
S00617,H002,D0029,Administrator,Non-Clinical,18,Morning,Part-Time,5.0,Active
S00618,H002,D0030,Technician,Clinical Support,19,Evening,Full-Time,3.3,Active
S00619,H002,D0030,Maintenance Engineer,Non-Clinical,14,Morning,Part-Time,4.7,Active
S00620,H002,D0030,Nurse,Clinical,5,Morning,Full-Time,4.4,Active
S00621,H002,D0030,Maintenance Engineer,Non-Clinical,8,Night,Part-Time,4.0,Active
S00622,H002,D0030,Administrator,Non-Clinical,9,Night,Part-Time,3.8,Active
S00623,H002,D0030,Doctor,Clinical,3,Evening,Part-Time,4.4,Active
S00624,H002,D0030,Technician,Clinical Support,15,Evening,Part-Time,4.2,Active
S00625,H002,D0030,Maintenance Engineer,Non-Clinical,3,Night,Part-Time,4.3,Active
S00626,H002,D0030,Procurement Officer,Non-Clinical,12,Morning,Part-Time,3.4,Active
S00627,H002,D0030,Pharmacist,Clinical Support,7,Evening,Part-Time,3.6,Active
S00628,H002,D0030,Technician,Clinical Support,11,Night,Full-Time,4.1,Active
S00629,H002,D0030,Pharmacist,Clinical Support,11,Night,Full-Time,3.1,Active
S00630,H002,D0030,Procurement Officer,Non-Clinical,15,Morning,Full-Time,4.9,Active
S00631,H002,D0030,Nurse,Clinical,15,Evening,Full-Time,5.0,Active
S00632,H002,D0030,Pharmacist,Clinical Support,7,Night,Full-Time,4.8,Active
S00633,H002,D0030,Technician,Clinical Support,6,Evening,Full-Time,4.3,Active
S00634,H002,D0030,Technician,Clinical Support,3,Evening,Full-Time,3.1,Active
S00635,H002,D0030,Procurement Officer,Non-Clinical,10,Night,Full-Time,3.9,Active
S00636,H002,D0030,Doctor,Clinical,4,Morning,Full-Time,4.0,Active
S00637,H002,D0030,Nurse,Clinical,19,Morning,Part-Time,3.0,Active
S00638,H002,D0030,Procurement Officer,Non-Clinical,11,Morning,Part-Time,4.4,Active
S00639,H002,D0031,Doctor,Clinical,8,Evening,Full-Time,4.5,Active
S00640,H002,D0031,Doctor,Clinical,4,Evening,Part-Time,4.8,Active
S00641,H002,D0031,Nurse,Clinical,13,Morning,Full-Time,3.1,Active
S00642,H002,D0031,Administrator,Non-Clinical,1,Night,Full-Time,3.9,Active
S00643,H002,D0031,Procurement Officer,Non-Clinical,7,Night,Full-Time,4.8,Active
S00644,H002,D0031,Administrator,Non-Clinical,15,Morning,Full-Time,4.8,Active
S00645,H002,D0031,Nurse,Clinical,4,Night,Part-Time,3.7,Active
S00646,H002,D0031,Pharmacist,Clinical Support,11,Morning,Full-Time,3.6,Active
S00647,H002,D0031,Doctor,Clinical,8,Night,Part-Time,4.6,Active
S00648,H002,D0031,Procurement Officer,Non-Clinical,1,Night,Part-Time,3.4,Active
S00649,H002,D0031,Administrator,Non-Clinical,17,Morning,Part-Time,3.6,Active
S00650,H002,D0031,Doctor,Clinical,8,Evening,Part-Time,3.2,Active
S00651,H002,D0031,Pharmacist,Clinical Support,20,Morning,Full-Time,5.0,Active
S00652,H002,D0031,Technician,Clinical Support,5,Evening,Part-Time,3.7,Active
S00653,H002,D0031,Procurement Officer,Non-Clinical,6,Evening,Full-Time,3.0,Active
S00654,H002,D0031,Doctor,Clinical,1,Evening,Full-Time,3.1,Active
S00655,H002,D0031,Doctor,Clinical,13,Night,Part-Time,4.3,Active
S00656,H002,D0031,Administrator,Non-Clinical,14,Evening,Part-Time,3.2,Active
S00657,H002,D0031,Administrator,Non-Clinical,18,Night,Full-Time,3.6,Active
S00658,H002,D0031,Technician,Clinical Support,3,Night,Full-Time,4.9,Active
S00659,H002,D0031,Nurse,Clinical,18,Evening,Part-Time,4.2,Active
S00660,H002,D0031,Maintenance Engineer,Non-Clinical,3,Evening,Part-Time,4.5,Active
S00661,H002,D0031,Maintenance Engineer,Non-Clinical,8,Morning,Full-Time,3.2,Active
S00662,H002,D0031,Pharmacist,Clinical Support,4,Evening,Full-Time,3.6,Active
S00663,H002,D0031,Procurement Officer,Non-Clinical,6,Morning,Full-Time,4.4,Active
S00664,H002,D0031,Procurement Officer,Non-Clinical,1,Morning,Part-Time,4.9,Active
S00665,H002,D0031,Administrator,Non-Clinical,17,Night,Part-Time,3.3,Active
S00666,H002,D0032,Procurement Officer,Non-Clinical,9,Night,Full-Time,4.5,Active
S00667,H002,D0032,Doctor,Clinical,11,Evening,Part-Time,4.0,Active
S00668,H002,D0032,Technician,Clinical Support,19,Night,Full-Time,4.0,Active
S00669,H002,D0032,Administrator,Non-Clinical,12,Morning,Part-Time,4.7,Active
S00670,H002,D0032,Nurse,Clinical,12,Morning,Part-Time,4.5,Active
S00671,H002,D0032,Administrator,Non-Clinical,4,Morning,Full-Time,3.1,Active
S00672,H002,D0032,Maintenance Engineer,Non-Clinical,1,Morning,Full-Time,3.9,Active
S00673,H002,D0032,Pharmacist,Clinical Support,5,Morning,Full-Time,4.1,Active
S00674,H002,D0032,Procurement Officer,Non-Clinical,14,Morning,Part-Time,3.5,Active
S00675,H002,D0032,Procurement Officer,Non-Clinical,11,Evening,Full-Time,4.1,Active
S00676,H002,D0032,Doctor,Clinical,17,Night,Full-Time,3.4,Active
S00677,H002,D0032,Maintenance Engineer,Non-Clinical,17,Morning,Part-Time,3.1,Active
S00678,H002,D0032,Pharmacist,Clinical Support,10,Evening,Part-Time,3.2,Active
S00679,H002,D0032,Pharmacist,Clinical Support,1,Evening,Full-Time,3.6,Active
S00680,H002,D0032,Maintenance Engineer,Non-Clinical,10,Night,Full-Time,3.9,Active
S00681,H002,D0032,Administrator,Non-Clinical,16,Morning,Full-Time,3.3,Active
S00682,H002,D0033,Doctor,Clinical,8,Night,Part-Time,4.3,Active
S00683,H002,D0033,Procurement Officer,Non-Clinical,1,Evening,Full-Time,4.5,Active
S00684,H002,D0033,Pharmacist,Clinical Support,10,Morning,Full-Time,4.1,Active
S00685,H002,D0033,Nurse,Clinical,14,Evening,Full-Time,4.9,Active
S00686,H002,D0033,Nurse,Clinical,9,Morning,Full-Time,4.8,Active
S00687,H002,D0033,Maintenance Engineer,Non-Clinical,17,Evening,Part-Time,3.9,Active
S00688,H002,D0033,Procurement Officer,Non-Clinical,3,Night,Full-Time,4.0,Active
S00689,H002,D0033,Procurement Officer,Non-Clinical,13,Morning,Full-Time,3.9,Active
S00690,H002,D0033,Nurse,Clinical,8,Evening,Part-Time,4.7,Active
S00691,H002,D0033,Maintenance Engineer,Non-Clinical,13,Night,Part-Time,3.6,Active
S00692,H002,D0033,Technician,Clinical Support,8,Morning,Full-Time,3.3,Active
S00693,H002,D0033,Maintenance Engineer,Non-Clinical,19,Morning,Full-Time,3.2,Active
S00694,H002,D0033,Pharmacist,Clinical Support,15,Evening,Part-Time,3.2,Active
S00695,H002,D0033,Technician,Clinical Support,7,Evening,Part-Time,3.9,Active
S00696,H002,D0033,Maintenance Engineer,Non-Clinical,4,Morning,Full-Time,4.6,Active
S00697,H002,D0033,Technician,Clinical Support,20,Morning,Full-Time,4.7,Active
S00698,H002,D0033,Technician,Clinical Support,5,Morning,Full-Time,4.9,Active
S00699,H002,D0033,Pharmacist,Clinical Support,17,Morning,Part-Time,3.5,Active
S00700,H002,D0033,Nurse,Clinical,1,Evening,Part-Time,4.1,Active
S00701,H002,D0033,Administrator,Non-Clinical,8,Morning,Part-Time,3.2,Active
S00702,H002,D0033,Maintenance Engineer,Non-Clinical,5,Morning,Full-Time,3.1,Active
S00703,H002,D0033,Maintenance Engineer,Non-Clinical,8,Morning,Full-Time,4.6,Active
S00704,H002,D0033,Technician,Clinical Support,3,Night,Part-Time,4.8,Active
S00705,H002,D0033,Doctor,Clinical,1,Morning,Full-Time,4.8,Active
S00706,H002,D0033,Pharmacist,Clinical Support,5,Morning,Part-Time,3.2,Active
S00707,H002,D0034,Doctor,Clinical,6,Night,Part-Time,4.6,Active
S00708,H002,D0034,Pharmacist,Clinical Support,16,Morning,Part-Time,4.4,Active
S00709,H002,D0034,Nurse,Clinical,12,Morning,Full-Time,3.5,Active
S00710,H002,D0034,Pharmacist,Clinical Support,5,Morning,Full-Time,4.3,Active
S00711,H002,D0034,Pharmacist,Clinical Support,14,Night,Part-Time,3.1,Active
S00712,H002,D0034,Technician,Clinical Support,13,Morning,Part-Time,3.4,Active
S00713,H002,D0034,Maintenance Engineer,Non-Clinical,17,Morning,Full-Time,5.0,Active
S00714,H002,D0034,Maintenance Engineer,Non-Clinical,12,Evening,Part-Time,3.7,Active
S00715,H002,D0034,Administrator,Non-Clinical,17,Evening,Part-Time,3.5,Active
S00716,H002,D0034,Doctor,Clinical,11,Night,Full-Time,3.1,Active
S00717,H002,D0034,Maintenance Engineer,Non-Clinical,9,Morning,Part-Time,4.1,Active
S00718,H002,D0034,Maintenance Engineer,Non-Clinical,19,Morning,Full-Time,3.2,Active
S00719,H002,D0034,Procurement Officer,Non-Clinical,8,Evening,Full-Time,4.5,Active
S00720,H002,D0034,Nurse,Clinical,19,Evening,Part-Time,4.9,Active
S00721,H002,D0034,Maintenance Engineer,Non-Clinical,6,Morning,Full-Time,4.2,Active
S00722,H002,D0034,Maintenance Engineer,Non-Clinical,12,Night,Full-Time,4.4,Active
S00723,H002,D0034,Technician,Clinical Support,19,Night,Full-Time,4.1,Active
S00724,H002,D0034,Nurse,Clinical,16,Night,Part-Time,3.4,Active
S00725,H002,D0034,Doctor,Clinical,3,Morning,Full-Time,4.2,Active
S00726,H002,D0034,Doctor,Clinical,17,Evening,Full-Time,3.7,Active
S00727,H002,D0034,Administrator,Non-Clinical,7,Morning,Part-Time,4.4,Active
S00728,H002,D0034,Maintenance Engineer,Non-Clinical,11,Morning,Full-Time,3.3,Active
S00729,H002,D0034,Procurement Officer,Non-Clinical,5,Morning,Part-Time,4.9,Active
S00730,H002,D0034,Technician,Clinical Support,13,Night,Full-Time,3.7,Active
S00731,H002,D0034,Technician,Clinical Support,5,Morning,Part-Time,4.6,Active
S00732,H002,D0034,Pharmacist,Clinical Support,11,Morning,Part-Time,3.4,Active
S00733,H002,D0035,Maintenance Engineer,Non-Clinical,6,Evening,Part-Time,4.5,Active
S00734,H002,D0035,Technician,Clinical Support,5,Morning,Full-Time,4.9,Active
S00735,H002,D0035,Administrator,Non-Clinical,13,Night,Full-Time,3.4,Active
S00736,H002,D0035,Technician,Clinical Support,20,Morning,Full-Time,4.9,Active
S00737,H002,D0035,Nurse,Clinical,11,Night,Full-Time,3.5,Active
S00738,H002,D0035,Technician,Clinical Support,6,Night,Full-Time,4.6,Active
S00739,H002,D0035,Procurement Officer,Non-Clinical,11,Evening,Full-Time,3.5,Active
S00740,H002,D0035,Nurse,Clinical,3,Evening,Part-Time,4.6,Active
S00741,H002,D0035,Procurement Officer,Non-Clinical,1,Morning,Part-Time,3.9,Active
S00742,H002,D0035,Pharmacist,Clinical Support,6,Evening,Part-Time,4.8,Active
S00743,H002,D0035,Technician,Clinical Support,18,Evening,Full-Time,4.7,Active
S00744,H002,D0035,Maintenance Engineer,Non-Clinical,19,Night,Full-Time,3.3,Active
S00745,H002,D0035,Doctor,Clinical,2,Evening,Full-Time,3.6,Active
S00746,H002,D0035,Doctor,Clinical,3,Evening,Full-Time,4.8,Active
S00747,H002,D0035,Nurse,Clinical,3,Night,Full-Time,3.7,Active
S00748,H002,D0035,Administrator,Non-Clinical,16,Night,Full-Time,3.9,Active
S00749,H002,D0035,Procurement Officer,Non-Clinical,6,Night,Part-Time,3.3,Active
S00750,H002,D0035,Doctor,Clinical,11,Morning,Full-Time,3.8,Active
S00751,H002,D0035,Administrator,Non-Clinical,18,Evening,Part-Time,3.6,Active
S00752,H002,D0035,Doctor,Clinical,2,Evening,Part-Time,3.3,Active
S00753,H002,D0035,Technician,Clinical Support,1,Evening,Full-Time,3.6,Active
S00754,H002,D0035,Procurement Officer,Non-Clinical,20,Evening,Full-Time,3.2,Active
S00755,H002,D0035,Nurse,Clinical,6,Night,Part-Time,5.0,Active
S00756,H002,D0035,Pharmacist,Clinical Support,4,Evening,Part-Time,3.9,Active
S00757,H002,D0035,Procurement Officer,Non-Clinical,9,Morning,Part-Time,3.4,Active
S00758,H002,D0035,Pharmacist,Clinical Support,12,Morning,Part-Time,3.1,Active
S00759,H002,D0035,Pharmacist,Clinical Support,15,Evening,Full-Time,4.7,Active
S00760,H002,D0035,Administrator,Non-Clinical,2,Morning,Full-Time,3.2,Active
S00761,H002,D0035,Technician,Clinical Support,18,Evening,Full-Time,4.1,Active
S00762,H002,D0035,Maintenance Engineer,Non-Clinical,13,Night,Part-Time,4.9,Active
S00763,H002,D0036,Administrator,Non-Clinical,8,Evening,Part-Time,3.2,Active
S00764,H002,D0036,Maintenance Engineer,Non-Clinical,2,Night,Full-Time,3.2,Active
S00765,H002,D0036,Maintenance Engineer,Non-Clinical,15,Morning,Full-Time,4.9,Active
S00766,H002,D0036,Maintenance Engineer,Non-Clinical,7,Morning,Full-Time,3.8,Active
S00767,H002,D0036,Procurement Officer,Non-Clinical,14,Morning,Full-Time,4.7,Active
S00768,H002,D0036,Technician,Clinical Support,11,Night,Full-Time,3.2,Active
S00769,H002,D0036,Administrator,Non-Clinical,13,Night,Part-Time,4.7,Active
S00770,H002,D0036,Administrator,Non-Clinical,15,Morning,Part-Time,3.2,Active
S00771,H002,D0036,Nurse,Clinical,5,Night,Full-Time,4.8,Active
S00772,H002,D0036,Administrator,Non-Clinical,4,Evening,Part-Time,4.8,Active
S00773,H002,D0036,Technician,Clinical Support,13,Night,Part-Time,4.1,Active
S00774,H002,D0036,Pharmacist,Clinical Support,2,Morning,Part-Time,3.8,Active
S00775,H002,D0036,Administrator,Non-Clinical,20,Night,Part-Time,3.1,Active
S00776,H002,D0036,Technician,Clinical Support,8,Morning,Part-Time,4.8,Active
S00777,H002,D0036,Technician,Clinical Support,1,Evening,Part-Time,3.6,Active
S00778,H002,D0036,Maintenance Engineer,Non-Clinical,16,Night,Full-Time,4.9,Active
S00779,H002,D0036,Nurse,Clinical,5,Evening,Part-Time,4.5,Active
S00780,H002,D0036,Technician,Clinical Support,9,Night,Part-Time,4.2,Active
S00781,H002,D0036,Doctor,Clinical,7,Evening,Full-Time,4.8,Active
S00782,H002,D0036,Pharmacist,Clinical Support,16,Night,Part-Time,4.6,Active
S00783,H002,D0036,Administrator,Non-Clinical,6,Morning,Part-Time,4.4,Active
S00784,H002,D0036,Pharmacist,Clinical Support,5,Night,Full-Time,3.3,Active
S00785,H002,D0036,Maintenance Engineer,Non-Clinical,7,Morning,Full-Time,3.1,Active
S00786,H002,D0036,Doctor,Clinical,12,Night,Full-Time,3.5,Active
S00787,H002,D0036,Maintenance Engineer,Non-Clinical,15,Night,Part-Time,4.3,Active
S00788,H002,D0036,Doctor,Clinical,1,Morning,Part-Time,4.0,Active
S00789,H002,D0036,Pharmacist,Clinical Support,6,Evening,Part-Time,3.7,Active
S00790,H002,D0037,Procurement Officer,Non-Clinical,3,Evening,Full-Time,3.8,Active
S00791,H002,D0037,Nurse,Clinical,19,Morning,Full-Time,4.3,Active
S00792,H002,D0037,Procurement Officer,Non-Clinical,7,Evening,Part-Time,4.0,Active
S00793,H002,D0037,Maintenance Engineer,Non-Clinical,1,Evening,Full-Time,4.3,Active
S00794,H002,D0037,Administrator,Non-Clinical,1,Morning,Part-Time,4.2,Active
S00795,H002,D0037,Technician,Clinical Support,9,Evening,Part-Time,4.7,Active
S00796,H002,D0037,Pharmacist,Clinical Support,9,Morning,Part-Time,3.6,Active
S00797,H002,D0037,Administrator,Non-Clinical,20,Evening,Full-Time,3.0,Active
S00798,H002,D0037,Procurement Officer,Non-Clinical,12,Night,Part-Time,3.6,Active
S00799,H002,D0037,Doctor,Clinical,16,Morning,Part-Time,5.0,Active
S00800,H002,D0037,Procurement Officer,Non-Clinical,11,Evening,Part-Time,4.3,Active
S00801,H002,D0037,Procurement Officer,Non-Clinical,10,Morning,Full-Time,4.0,Active
S00802,H002,D0037,Nurse,Clinical,2,Night,Part-Time,4.3,Active
S00803,H002,D0037,Procurement Officer,Non-Clinical,5,Night,Full-Time,4.3,Active
S00804,H002,D0037,Technician,Clinical Support,9,Evening,Part-Time,3.8,Active
S00805,H002,D0037,Doctor,Clinical,19,Night,Full-Time,3.7,Active
S00806,H002,D0037,Procurement Officer,Non-Clinical,8,Night,Part-Time,4.8,Active
S00807,H002,D0037,Procurement Officer,Non-Clinical,12,Night,Part-Time,4.7,Active
S00808,H002,D0037,Maintenance Engineer,Non-Clinical,18,Morning,Part-Time,3.2,Active
S00809,H002,D0037,Nurse,Clinical,9,Night,Full-Time,4.9,Active
S00810,H002,D0038,Procurement Officer,Non-Clinical,3,Morning,Part-Time,3.4,Active
S00811,H002,D0038,Maintenance Engineer,Non-Clinical,10,Evening,Part-Time,3.7,Active
S00812,H002,D0038,Administrator,Non-Clinical,10,Evening,Full-Time,3.9,Active
S00813,H002,D0038,Maintenance Engineer,Non-Clinical,19,Night,Full-Time,3.9,Active
S00814,H002,D0038,Nurse,Clinical,17,Morning,Part-Time,4.1,Active
S00815,H002,D0038,Pharmacist,Clinical Support,2,Morning,Full-Time,5.0,Active
S00816,H002,D0038,Technician,Clinical Support,14,Night,Part-Time,3.3,Active
S00817,H002,D0038,Maintenance Engineer,Non-Clinical,6,Morning,Part-Time,3.7,Active
S00818,H002,D0038,Nurse,Clinical,11,Night,Full-Time,3.0,Active
S00819,H002,D0038,Technician,Clinical Support,7,Morning,Full-Time,4.0,Active
S00820,H002,D0038,Maintenance Engineer,Non-Clinical,3,Morning,Part-Time,4.3,Active
S00821,H002,D0038,Pharmacist,Clinical Support,14,Evening,Part-Time,3.0,Active
S00822,H002,D0038,Administrator,Non-Clinical,7,Night,Part-Time,4.9,Active
S00823,H002,D0038,Technician,Clinical Support,17,Morning,Full-Time,4.4,Active
S00824,H002,D0038,Procurement Officer,Non-Clinical,8,Morning,Part-Time,3.6,Active
S00825,H002,D0038,Doctor,Clinical,13,Night,Part-Time,3.3,Active
S00826,H002,D0038,Maintenance Engineer,Non-Clinical,2,Evening,Part-Time,3.9,Active
S00827,H002,D0038,Administrator,Non-Clinical,20,Night,Part-Time,3.9,Active
S00828,H002,D0038,Procurement Officer,Non-Clinical,5,Evening,Part-Time,3.7,Active
S00829,H002,D0038,Nurse,Clinical,6,Evening,Full-Time,3.5,Active
S00830,H002,D0038,Procurement Officer,Non-Clinical,5,Morning,Full-Time,4.2,Active
S00831,H002,D0038,Nurse,Clinical,4,Evening,Full-Time,3.8,Active
S00832,H002,D0039,Maintenance Engineer,Non-Clinical,18,Night,Full-Time,4.2,Active
S00833,H002,D0039,Doctor,Clinical,4,Night,Full-Time,3.1,Active
S00834,H002,D0039,Doctor,Clinical,14,Evening,Part-Time,3.2,Active
S00835,H002,D0039,Technician,Clinical Support,16,Night,Full-Time,3.4,Active
S00836,H002,D0039,Procurement Officer,Non-Clinical,1,Evening,Part-Time,4.3,Active
S00837,H002,D0039,Procurement Officer,Non-Clinical,17,Evening,Full-Time,3.8,Active
S00838,H002,D0039,Doctor,Clinical,17,Night,Full-Time,3.6,Active
S00839,H002,D0039,Maintenance Engineer,Non-Clinical,4,Evening,Full-Time,4.2,Active
S00840,H002,D0039,Maintenance Engineer,Non-Clinical,9,Night,Full-Time,3.7,Active
S00841,H002,D0039,Pharmacist,Clinical Support,10,Morning,Full-Time,4.1,Active
S00842,H002,D0039,Nurse,Clinical,16,Evening,Full-Time,3.0,Active
S00843,H002,D0039,Procurement Officer,Non-Clinical,3,Morning,Part-Time,3.3,Active
S00844,H002,D0039,Doctor,Clinical,17,Morning,Full-Time,4.8,Active
S00845,H002,D0039,Procurement Officer,Non-Clinical,8,Evening,Part-Time,3.5,Active
S00846,H002,D0039,Doctor,Clinical,4,Morning,Full-Time,4.7,Active
S00847,H002,D0039,Technician,Clinical Support,11,Evening,Full-Time,3.2,Active
S00848,H002,D0039,Maintenance Engineer,Non-Clinical,2,Morning,Full-Time,4.3,Active
S00849,H002,D0039,Nurse,Clinical,11,Evening,Part-Time,4.9,Active
S00850,H002,D0039,Technician,Clinical Support,3,Evening,Part-Time,3.4,Active
S00851,H002,D0039,Pharmacist,Clinical Support,13,Evening,Part-Time,4.7,Active
S00852,H002,D0040,Maintenance Engineer,Non-Clinical,14,Night,Full-Time,3.2,Active
S00853,H002,D0040,Procurement Officer,Non-Clinical,2,Morning,Full-Time,3.8,Active
S00854,H002,D0040,Administrator,Non-Clinical,16,Night,Part-Time,3.4,Active
S00855,H002,D0040,Pharmacist,Clinical Support,12,Night,Full-Time,4.7,Active
S00856,H002,D0040,Maintenance Engineer,Non-Clinical,5,Evening,Part-Time,3.2,Active
S00857,H002,D0040,Pharmacist,Clinical Support,15,Morning,Full-Time,3.5,Active
S00858,H002,D0040,Technician,Clinical Support,1,Night,Full-Time,5.0,Active
S00859,H002,D0040,Procurement Officer,Non-Clinical,11,Night,Full-Time,3.9,Active
S00860,H002,D0040,Procurement Officer,Non-Clinical,8,Evening,Part-Time,4.3,Active
S00861,H002,D0040,Procurement Officer,Non-Clinical,13,Morning,Full-Time,3.0,Active
S00862,H002,D0040,Nurse,Clinical,17,Evening,Part-Time,4.7,Active
S00863,H002,D0040,Doctor,Clinical,16,Evening,Full-Time,3.7,Active
S00864,H002,D0040,Technician,Clinical Support,2,Night,Full-Time,4.1,Active
S00865,H002,D0040,Pharmacist,Clinical Support,13,Morning,Full-Time,3.9,Active
S00866,H002,D0040,Maintenance Engineer,Non-Clinical,19,Evening,Full-Time,4.7,Active
S00867,H002,D0040,Pharmacist,Clinical Support,11,Morning,Part-Time,4.5,Active
S00868,H002,D0040,Doctor,Clinical,4,Evening,Part-Time,3.1,Active
S00869,H002,D0040,Administrator,Non-Clinical,1,Morning,Part-Time,4.8,Active
S00870,H002,D0040,Administrator,Non-Clinical,7,Night,Part-Time,4.9,Active
S00871,H002,D0040,Technician,Clinical Support,2,Morning,Part-Time,3.7,Active
S00872,H002,D0040,Maintenance Engineer,Non-Clinical,20,Night,Part-Time,4.4,Active
S00873,H002,D0040,Technician,Clinical Support,15,Morning,Full-Time,4.5,Active
S00874,H002,D0040,Nurse,Clinical,1,Evening,Part-Time,4.7,Active
S00875,H002,D0040,Maintenance Engineer,Non-Clinical,10,Night,Part-Time,4.4,Active
S00876,H002,D0040,Doctor,Clinical,6,Evening,Full-Time,4.6,Active
S00877,H002,D0040,Procurement Officer,Non-Clinical,14,Morning,Part-Time,4.2,Active
S00878,H002,D0040,Nurse,Clinical,4,Evening,Full-Time,3.9,Active
S00879,H003,D0041,Procurement Officer,Non-Clinical,11,Morning,Part-Time,3.1,Active
S00880,H003,D0041,Procurement Officer,Non-Clinical,19,Morning,Part-Time,3.9,Active
S00881,H003,D0041,Administrator,Non-Clinical,17,Morning,Part-Time,3.0,Active
S00882,H003,D0041,Procurement Officer,Non-Clinical,2,Night,Part-Time,4.7,Active
S00883,H003,D0041,Pharmacist,Clinical Support,17,Morning,Full-Time,4.5,Active
S00884,H003,D0041,Nurse,Clinical,4,Evening,Part-Time,4.0,Active
S00885,H003,D0041,Pharmacist,Clinical Support,14,Night,Full-Time,3.5,Active
S00886,H003,D0041,Technician,Clinical Support,10,Evening,Full-Time,3.3,Active
S00887,H003,D0041,Administrator,Non-Clinical,17,Evening,Part-Time,4.4,Active
S00888,H003,D0041,Administrator,Non-Clinical,7,Morning,Full-Time,4.2,Active
S00889,H003,D0041,Technician,Clinical Support,12,Night,Full-Time,5.0,Active
S00890,H003,D0041,Procurement Officer,Non-Clinical,6,Night,Part-Time,4.4,Active
S00891,H003,D0041,Maintenance Engineer,Non-Clinical,12,Night,Part-Time,4.2,Active
S00892,H003,D0041,Procurement Officer,Non-Clinical,14,Night,Part-Time,4.8,Active
S00893,H003,D0041,Pharmacist,Clinical Support,1,Night,Full-Time,3.1,Active
S00894,H003,D0041,Nurse,Clinical,2,Night,Full-Time,3.4,Active
S00895,H003,D0041,Maintenance Engineer,Non-Clinical,6,Evening,Part-Time,3.3,Active
S00896,H003,D0041,Doctor,Clinical,10,Morning,Full-Time,3.7,Active
S00897,H003,D0042,Doctor,Clinical,20,Night,Full-Time,4.5,Active
S00898,H003,D0042,Administrator,Non-Clinical,13,Morning,Part-Time,4.4,Active
S00899,H003,D0042,Doctor,Clinical,13,Evening,Part-Time,4.9,Active
S00900,H003,D0042,Procurement Officer,Non-Clinical,11,Night,Full-Time,3.0,Active
S00901,H003,D0042,Technician,Clinical Support,7,Night,Part-Time,4.7,Active
S00902,H003,D0042,Procurement Officer,Non-Clinical,12,Night,Full-Time,4.6,Active
S00903,H003,D0042,Nurse,Clinical,10,Evening,Full-Time,5.0,Active
S00904,H003,D0042,Doctor,Clinical,6,Morning,Full-Time,3.8,Active
S00905,H003,D0042,Pharmacist,Clinical Support,9,Night,Part-Time,3.3,Active
S00906,H003,D0042,Administrator,Non-Clinical,9,Morning,Part-Time,3.9,Active
S00907,H003,D0042,Nurse,Clinical,2,Morning,Part-Time,4.2,Active
S00908,H003,D0042,Maintenance Engineer,Non-Clinical,20,Night,Part-Time,4.0,Active
S00909,H003,D0042,Administrator,Non-Clinical,18,Evening,Full-Time,4.6,Active
S00910,H003,D0042,Technician,Clinical Support,17,Morning,Full-Time,4.0,Active
S00911,H003,D0042,Maintenance Engineer,Non-Clinical,17,Morning,Part-Time,4.1,Active
S00912,H003,D0042,Pharmacist,Clinical Support,3,Evening,Full-Time,4.8,Active
S00913,H003,D0042,Procurement Officer,Non-Clinical,11,Evening,Part-Time,3.6,Active
S00914,H003,D0042,Maintenance Engineer,Non-Clinical,20,Night,Part-Time,5.0,Active
S00915,H003,D0042,Maintenance Engineer,Non-Clinical,1,Morning,Part-Time,3.9,Active
S00916,H003,D0042,Procurement Officer,Non-Clinical,20,Night,Full-Time,4.9,Active
S00917,H003,D0042,Procurement Officer,Non-Clinical,11,Evening,Full-Time,3.8,Active
S00918,H003,D0042,Administrator,Non-Clinical,10,Morning,Part-Time,4.0,Active
S00919,H003,D0042,Administrator,Non-Clinical,15,Evening,Full-Time,3.6,Active
S00920,H003,D0042,Procurement Officer,Non-Clinical,7,Evening,Full-Time,4.9,Active
S00921,H003,D0042,Nurse,Clinical,18,Night,Full-Time,4.3,Active
S00922,H003,D0042,Nurse,Clinical,7,Night,Part-Time,4.7,Active
S00923,H003,D0043,Administrator,Non-Clinical,14,Night,Full-Time,4.5,Active
S00924,H003,D0043,Nurse,Clinical,1,Evening,Part-Time,3.1,Active
S00925,H003,D0043,Doctor,Clinical,2,Morning,Part-Time,4.1,Active
S00926,H003,D0043,Administrator,Non-Clinical,8,Evening,Part-Time,3.8,Active
S00927,H003,D0043,Procurement Officer,Non-Clinical,13,Evening,Part-Time,3.0,Active
S00928,H003,D0043,Procurement Officer,Non-Clinical,4,Night,Full-Time,4.3,Active
S00929,H003,D0043,Administrator,Non-Clinical,3,Night,Full-Time,4.4,Active
S00930,H003,D0043,Doctor,Clinical,12,Night,Full-Time,3.6,Active
S00931,H003,D0043,Procurement Officer,Non-Clinical,10,Night,Full-Time,3.6,Active
S00932,H003,D0043,Pharmacist,Clinical Support,13,Evening,Full-Time,3.9,Active
S00933,H003,D0043,Administrator,Non-Clinical,8,Morning,Part-Time,4.6,Active
S00934,H003,D0043,Maintenance Engineer,Non-Clinical,18,Evening,Full-Time,3.6,Active
S00935,H003,D0043,Maintenance Engineer,Non-Clinical,12,Morning,Full-Time,3.2,Active
S00936,H003,D0043,Doctor,Clinical,19,Night,Part-Time,4.1,Active
S00937,H003,D0043,Doctor,Clinical,10,Morning,Part-Time,3.4,Active
S00938,H003,D0043,Procurement Officer,Non-Clinical,17,Morning,Full-Time,3.4,Active
S00939,H003,D0043,Administrator,Non-Clinical,9,Morning,Full-Time,3.4,Active
S00940,H003,D0043,Maintenance Engineer,Non-Clinical,19,Morning,Part-Time,4.3,Active
S00941,H003,D0044,Technician,Clinical Support,3,Evening,Full-Time,3.4,Active
S00942,H003,D0044,Administrator,Non-Clinical,16,Evening,Part-Time,3.3,Active
S00943,H003,D0044,Procurement Officer,Non-Clinical,8,Morning,Part-Time,4.2,Active
S00944,H003,D0044,Nurse,Clinical,11,Evening,Part-Time,3.7,Active
S00945,H003,D0044,Procurement Officer,Non-Clinical,10,Night,Full-Time,4.1,Active
S00946,H003,D0044,Technician,Clinical Support,11,Evening,Full-Time,3.0,Active
S00947,H003,D0044,Nurse,Clinical,8,Night,Part-Time,3.6,Active
S00948,H003,D0044,Technician,Clinical Support,5,Night,Part-Time,4.8,Active
S00949,H003,D0044,Pharmacist,Clinical Support,15,Evening,Part-Time,4.0,Active
S00950,H003,D0044,Doctor,Clinical,6,Night,Full-Time,4.7,Active
S00951,H003,D0044,Maintenance Engineer,Non-Clinical,5,Night,Full-Time,3.5,Active
S00952,H003,D0044,Procurement Officer,Non-Clinical,3,Night,Full-Time,4.8,Active
S00953,H003,D0044,Maintenance Engineer,Non-Clinical,17,Night,Full-Time,4.6,Active
S00954,H003,D0044,Administrator,Non-Clinical,13,Night,Full-Time,4.8,Active
S00955,H003,D0045,Technician,Clinical Support,18,Night,Part-Time,4.3,Active
S00956,H003,D0045,Nurse,Clinical,12,Evening,Full-Time,4.8,Active
S00957,H003,D0045,Administrator,Non-Clinical,10,Morning,Part-Time,4.0,Active
S00958,H003,D0045,Doctor,Clinical,13,Evening,Full-Time,4.3,Active
S00959,H003,D0045,Maintenance Engineer,Non-Clinical,20,Night,Full-Time,4.5,Active
S00960,H003,D0045,Nurse,Clinical,15,Morning,Full-Time,4.1,Active
S00961,H003,D0045,Administrator,Non-Clinical,5,Night,Part-Time,4.9,Active
S00962,H003,D0045,Doctor,Clinical,8,Evening,Full-Time,3.1,Active
S00963,H003,D0045,Technician,Clinical Support,8,Morning,Full-Time,4.0,Active
S00964,H003,D0045,Maintenance Engineer,Non-Clinical,12,Evening,Part-Time,4.8,Active
S00965,H003,D0045,Doctor,Clinical,2,Night,Part-Time,3.2,Active
S00966,H003,D0045,Administrator,Non-Clinical,9,Night,Part-Time,4.2,Active
S00967,H003,D0045,Administrator,Non-Clinical,6,Evening,Part-Time,3.7,Active
S00968,H003,D0045,Procurement Officer,Non-Clinical,3,Night,Part-Time,3.8,Active
S00969,H003,D0045,Nurse,Clinical,17,Evening,Part-Time,4.6,Active
S00970,H003,D0045,Technician,Clinical Support,16,Evening,Full-Time,4.0,Active
S00971,H003,D0045,Nurse,Clinical,15,Morning,Full-Time,3.2,Active
S00972,H003,D0045,Procurement Officer,Non-Clinical,9,Morning,Full-Time,3.4,Active
S00973,H003,D0045,Technician,Clinical Support,20,Night,Full-Time,4.3,Active
S00974,H003,D0045,Pharmacist,Clinical Support,11,Night,Full-Time,4.0,Active
S00975,H003,D0045,Pharmacist,Clinical Support,16,Morning,Full-Time,4.3,Active
S00976,H003,D0045,Pharmacist,Clinical Support,1,Morning,Full-Time,3.3,Active
S00977,H003,D0045,Administrator,Non-Clinical,6,Morning,Full-Time,4.8,Active
S00978,H003,D0045,Nurse,Clinical,2,Morning,Part-Time,4.8,Active
S00979,H003,D0045,Administrator,Non-Clinical,13,Night,Full-Time,4.8,Active
S00980,H003,D0045,Procurement Officer,Non-Clinical,10,Morning,Full-Time,3.9,Active
S00981,H003,D0045,Pharmacist,Clinical Support,16,Morning,Full-Time,4.7,Active
S00982,H003,D0045,Administrator,Non-Clinical,5,Night,Full-Time,4.2,Active
S00983,H003,D0045,Administrator,Non-Clinical,9,Morning,Part-Time,4.8,Active
S00984,H003,D0046,Doctor,Clinical,8,Evening,Part-Time,3.3,Active
S00985,H003,D0046,Doctor,Clinical,7,Night,Part-Time,4.7,Active
S00986,H003,D0046,Administrator,Non-Clinical,4,Morning,Part-Time,4.8,Active
S00987,H003,D0046,Administrator,Non-Clinical,2,Night,Full-Time,3.2,Active
S00988,H003,D0046,Procurement Officer,Non-Clinical,5,Night,Full-Time,4.8,Active
S00989,H003,D0046,Maintenance Engineer,Non-Clinical,14,Night,Part-Time,3.7,Active
S00990,H003,D0046,Doctor,Clinical,17,Evening,Full-Time,4.9,Active
S00991,H003,D0046,Pharmacist,Clinical Support,13,Evening,Full-Time,3.9,Active
S00992,H003,D0046,Technician,Clinical Support,16,Morning,Full-Time,3.6,Active
S00993,H003,D0046,Administrator,Non-Clinical,14,Evening,Full-Time,3.0,Active
S00994,H003,D0046,Procurement Officer,Non-Clinical,1,Night,Full-Time,4.0,Active
S00995,H003,D0046,Pharmacist,Clinical Support,7,Night,Part-Time,3.8,Active
S00996,H003,D0046,Doctor,Clinical,5,Evening,Part-Time,3.5,Active
S00997,H003,D0046,Administrator,Non-Clinical,14,Night,Part-Time,4.2,Active
S00998,H003,D0046,Procurement Officer,Non-Clinical,13,Morning,Part-Time,4.1,Active
S00999,H003,D0046,Administrator,Non-Clinical,16,Morning,Part-Time,4.1,Active
S01000,H003,D0046,Pharmacist,Clinical Support,9,Evening,Part-Time,4.5,Active
S01001,H003,D0046,Pharmacist,Clinical Support,5,Night,Full-Time,4.5,Active
S01002,H003,D0046,Pharmacist,Clinical Support,6,Morning,Full-Time,4.0,Active
S01003,H003,D0046,Maintenance Engineer,Non-Clinical,11,Night,Full-Time,3.3,Active
S01004,H003,D0046,Procurement Officer,Non-Clinical,1,Morning,Full-Time,3.9,Active
S01005,H003,D0046,Administrator,Non-Clinical,14,Morning,Full-Time,3.5,Active
S01006,H003,D0046,Technician,Clinical Support,3,Night,Full-Time,4.4,Active
S01007,H003,D0046,Pharmacist,Clinical Support,20,Night,Part-Time,4.4,Active
S01008,H003,D0046,Administrator,Non-Clinical,2,Morning,Part-Time,3.9,Active
S01009,H003,D0046,Nurse,Clinical,17,Evening,Full-Time,3.1,Active
S01010,H003,D0046,Administrator,Non-Clinical,17,Night,Full-Time,4.2,Active
S01011,H003,D0046,Procurement Officer,Non-Clinical,2,Evening,Full-Time,4.3,Active
S01012,H003,D0046,Nurse,Clinical,3,Evening,Part-Time,3.7,Active
S01013,H003,D0046,Pharmacist,Clinical Support,13,Night,Full-Time,4.0,Active
S01014,H003,D0047,Doctor,Clinical,18,Evening,Part-Time,3.7,Active
S01015,H003,D0047,Maintenance Engineer,Non-Clinical,9,Morning,Full-Time,3.9,Active
S01016,H003,D0047,Pharmacist,Clinical Support,19,Morning,Part-Time,3.4,Active
S01017,H003,D0047,Administrator,Non-Clinical,4,Night,Full-Time,4.0,Active
S01018,H003,D0047,Technician,Clinical Support,4,Night,Part-Time,4.8,Active
S01019,H003,D0047,Maintenance Engineer,Non-Clinical,19,Evening,Part-Time,4.9,Active
S01020,H003,D0047,Administrator,Non-Clinical,16,Morning,Part-Time,4.9,Active
S01021,H003,D0047,Pharmacist,Clinical Support,15,Night,Full-Time,4.0,Active
S01022,H003,D0047,Technician,Clinical Support,3,Evening,Full-Time,4.4,Active
S01023,H003,D0047,Nurse,Clinical,11,Evening,Part-Time,4.0,Active
S01024,H003,D0047,Doctor,Clinical,9,Morning,Part-Time,3.2,Active
S01025,H003,D0047,Procurement Officer,Non-Clinical,11,Morning,Full-Time,4.0,Active
S01026,H003,D0047,Technician,Clinical Support,7,Night,Part-Time,3.4,Active
S01027,H003,D0047,Procurement Officer,Non-Clinical,7,Evening,Full-Time,3.5,Active
S01028,H003,D0048,Maintenance Engineer,Non-Clinical,9,Morning,Full-Time,3.4,Active
S01029,H003,D0048,Nurse,Clinical,20,Evening,Full-Time,4.6,Active
S01030,H003,D0048,Doctor,Clinical,3,Night,Part-Time,4.2,Active
S01031,H003,D0048,Maintenance Engineer,Non-Clinical,18,Morning,Part-Time,3.7,Active
S01032,H003,D0048,Technician,Clinical Support,16,Night,Part-Time,4.0,Active
S01033,H003,D0048,Maintenance Engineer,Non-Clinical,17,Evening,Part-Time,3.4,Active
S01034,H003,D0048,Administrator,Non-Clinical,5,Morning,Part-Time,4.0,Active
S01035,H003,D0048,Administrator,Non-Clinical,2,Night,Part-Time,3.8,Active
S01036,H003,D0048,Procurement Officer,Non-Clinical,6,Evening,Full-Time,4.4,Active
S01037,H003,D0048,Pharmacist,Clinical Support,11,Night,Full-Time,3.0,Active
S01038,H003,D0048,Nurse,Clinical,13,Night,Full-Time,3.7,Active
S01039,H003,D0048,Administrator,Non-Clinical,9,Morning,Part-Time,3.5,Active
S01040,H003,D0048,Pharmacist,Clinical Support,20,Evening,Part-Time,3.4,Active
S01041,H003,D0048,Pharmacist,Clinical Support,7,Evening,Part-Time,3.7,Active
S01042,H003,D0048,Pharmacist,Clinical Support,9,Evening,Full-Time,4.1,Active
S01043,H003,D0048,Administrator,Non-Clinical,8,Morning,Part-Time,4.6,Active
S01044,H003,D0048,Administrator,Non-Clinical,14,Evening,Full-Time,3.3,Active
S01045,H003,D0048,Procurement Officer,Non-Clinical,5,Evening,Full-Time,3.4,Active
S01046,H003,D0048,Pharmacist,Clinical Support,5,Night,Part-Time,4.6,Active
S01047,H003,D0049,Technician,Clinical Support,18,Night,Full-Time,3.8,Active
S01048,H003,D0049,Procurement Officer,Non-Clinical,6,Morning,Full-Time,4.6,Active
S01049,H003,D0049,Pharmacist,Clinical Support,4,Evening,Part-Time,3.5,Active
S01050,H003,D0049,Technician,Clinical Support,18,Night,Part-Time,3.7,Active
S01051,H003,D0049,Pharmacist,Clinical Support,4,Evening,Full-Time,4.2,Active
S01052,H003,D0049,Procurement Officer,Non-Clinical,18,Morning,Part-Time,3.7,Active
S01053,H003,D0049,Procurement Officer,Non-Clinical,17,Evening,Part-Time,4.8,Active
S01054,H003,D0049,Pharmacist,Clinical Support,20,Evening,Part-Time,4.3,Active
S01055,H003,D0049,Nurse,Clinical,6,Night,Part-Time,3.8,Active
S01056,H003,D0049,Administrator,Non-Clinical,19,Evening,Full-Time,3.2,Active
S01057,H003,D0049,Technician,Clinical Support,8,Evening,Part-Time,4.3,Active
S01058,H003,D0049,Procurement Officer,Non-Clinical,9,Night,Part-Time,3.5,Active
S01059,H003,D0049,Pharmacist,Clinical Support,12,Night,Part-Time,3.8,Active
S01060,H003,D0049,Nurse,Clinical,1,Morning,Full-Time,4.3,Active
S01061,H003,D0049,Procurement Officer,Non-Clinical,3,Morning,Full-Time,3.8,Active
S01062,H003,D0049,Doctor,Clinical,3,Evening,Full-Time,3.1,Active
S01063,H003,D0049,Pharmacist,Clinical Support,17,Morning,Full-Time,3.5,Active
S01064,H003,D0049,Nurse,Clinical,3,Night,Part-Time,3.6,Active
S01065,H003,D0049,Nurse,Clinical,10,Evening,Full-Time,3.3,Active
S01066,H003,D0049,Maintenance Engineer,Non-Clinical,6,Morning,Full-Time,4.3,Active
S01067,H003,D0049,Maintenance Engineer,Non-Clinical,11,Evening,Part-Time,4.9,Active
S01068,H003,D0050,Technician,Clinical Support,18,Evening,Full-Time,4.9,Active
S01069,H003,D0050,Procurement Officer,Non-Clinical,18,Morning,Part-Time,4.3,Active
S01070,H003,D0050,Procurement Officer,Non-Clinical,19,Evening,Part-Time,4.8,Active
S01071,H003,D0050,Pharmacist,Clinical Support,18,Morning,Full-Time,3.9,Active
S01072,H003,D0050,Technician,Clinical Support,14,Evening,Full-Time,3.6,Active
S01073,H003,D0050,Doctor,Clinical,17,Morning,Part-Time,3.6,Active
S01074,H003,D0050,Administrator,Non-Clinical,1,Night,Part-Time,4.9,Active
S01075,H003,D0050,Pharmacist,Clinical Support,10,Morning,Part-Time,4.6,Active
S01076,H003,D0050,Administrator,Non-Clinical,8,Morning,Part-Time,3.4,Active
S01077,H003,D0050,Administrator,Non-Clinical,14,Evening,Full-Time,3.3,Active
S01078,H003,D0050,Procurement Officer,Non-Clinical,13,Evening,Full-Time,3.5,Active
S01079,H003,D0050,Pharmacist,Clinical Support,8,Night,Part-Time,3.6,Active
S01080,H003,D0050,Procurement Officer,Non-Clinical,18,Evening,Part-Time,3.4,Active
S01081,H003,D0050,Doctor,Clinical,6,Morning,Part-Time,3.2,Active
S01082,H003,D0050,Pharmacist,Clinical Support,20,Evening,Part-Time,4.4,Active
S01083,H003,D0050,Pharmacist,Clinical Support,7,Evening,Full-Time,3.3,Active
S01084,H003,D0050,Administrator,Non-Clinical,1,Morning,Full-Time,3.6,Active
S01085,H003,D0050,Nurse,Clinical,15,Night,Full-Time,3.5,Active
S01086,H003,D0050,Nurse,Clinical,1,Evening,Full-Time,3.7,Active
S01087,H003,D0050,Technician,Clinical Support,16,Evening,Part-Time,4.4,Active
S01088,H003,D0050,Doctor,Clinical,11,Morning,Full-Time,3.1,Active
S01089,H003,D0050,Maintenance Engineer,Non-Clinical,13,Morning,Part-Time,3.4,Active
S01090,H003,D0050,Maintenance Engineer,Non-Clinical,9,Evening,Full-Time,3.2,Active
S01091,H003,D0050,Maintenance Engineer,Non-Clinical,8,Evening,Part-Time,3.5,Active
S01092,H003,D0050,Doctor,Clinical,7,Evening,Full-Time,4.0,Active
S01093,H003,D0050,Nurse,Clinical,16,Evening,Part-Time,4.9,Active
S01094,H003,D0050,Nurse,Clinical,2,Night,Full-Time,3.5,Active
S01095,H003,D0050,Procurement Officer,Non-Clinical,10,Morning,Part-Time,4.8,Active
S01096,H003,D0050,Maintenance Engineer,Non-Clinical,7,Morning,Full-Time,4.3,Active
S01097,H003,D0051,Doctor,Clinical,6,Evening,Full-Time,3.8,Active
S01098,H003,D0051,Nurse,Clinical,1,Morning,Part-Time,4.4,Active
S01099,H003,D0051,Nurse,Clinical,12,Morning,Full-Time,3.3,Active
S01100,H003,D0051,Doctor,Clinical,20,Evening,Full-Time,3.1,Active
S01101,H003,D0051,Procurement Officer,Non-Clinical,5,Night,Full-Time,3.3,Active
S01102,H003,D0051,Nurse,Clinical,11,Night,Part-Time,4.6,Active
S01103,H003,D0051,Pharmacist,Clinical Support,7,Morning,Part-Time,3.7,Active
S01104,H003,D0051,Nurse,Clinical,9,Morning,Part-Time,4.4,Active
S01105,H003,D0051,Administrator,Non-Clinical,10,Night,Part-Time,3.4,Active
S01106,H003,D0051,Nurse,Clinical,18,Evening,Part-Time,4.5,Active
S01107,H003,D0051,Technician,Clinical Support,20,Night,Full-Time,3.1,Active
S01108,H003,D0051,Nurse,Clinical,15,Evening,Part-Time,4.1,Active
S01109,H003,D0051,Pharmacist,Clinical Support,1,Night,Part-Time,4.5,Active
S01110,H003,D0051,Doctor,Clinical,20,Evening,Full-Time,3.6,Active
S01111,H003,D0051,Doctor,Clinical,18,Evening,Full-Time,4.0,Active
S01112,H003,D0051,Pharmacist,Clinical Support,18,Morning,Part-Time,3.6,Active
S01113,H003,D0051,Procurement Officer,Non-Clinical,11,Morning,Full-Time,4.0,Active
S01114,H003,D0051,Doctor,Clinical,2,Morning,Full-Time,4.7,Active
S01115,H003,D0051,Nurse,Clinical,4,Evening,Full-Time,3.2,Active
S01116,H003,D0051,Administrator,Non-Clinical,13,Night,Part-Time,4.1,Active
S01117,H003,D0051,Procurement Officer,Non-Clinical,19,Evening,Full-Time,3.7,Active
S01118,H003,D0051,Administrator,Non-Clinical,3,Morning,Full-Time,4.3,Active
S01119,H003,D0052,Pharmacist,Clinical Support,2,Evening,Part-Time,4.6,Active
S01120,H003,D0052,Maintenance Engineer,Non-Clinical,2,Night,Part-Time,4.1,Active
S01121,H003,D0052,Procurement Officer,Non-Clinical,3,Evening,Full-Time,4.9,Active
S01122,H003,D0052,Administrator,Non-Clinical,4,Morning,Full-Time,4.1,Active
S01123,H003,D0052,Nurse,Clinical,7,Night,Full-Time,4.1,Active
S01124,H003,D0052,Nurse,Clinical,18,Night,Part-Time,4.5,Active
S01125,H003,D0052,Maintenance Engineer,Non-Clinical,19,Evening,Part-Time,4.4,Active
S01126,H003,D0052,Pharmacist,Clinical Support,4,Morning,Full-Time,4.1,Active
S01127,H003,D0052,Administrator,Non-Clinical,11,Night,Full-Time,4.1,Active
S01128,H003,D0052,Administrator,Non-Clinical,15,Evening,Part-Time,4.1,Active
S01129,H003,D0052,Technician,Clinical Support,12,Evening,Part-Time,4.7,Active
S01130,H003,D0052,Technician,Clinical Support,20,Morning,Full-Time,3.8,Active
S01131,H003,D0052,Administrator,Non-Clinical,9,Evening,Part-Time,3.9,Active
S01132,H003,D0052,Pharmacist,Clinical Support,1,Night,Full-Time,5.0,Active
S01133,H003,D0053,Administrator,Non-Clinical,5,Evening,Full-Time,3.6,Active
S01134,H003,D0053,Nurse,Clinical,7,Evening,Full-Time,4.5,Active
S01135,H003,D0053,Procurement Officer,Non-Clinical,9,Night,Full-Time,3.2,Active
S01136,H003,D0053,Pharmacist,Clinical Support,12,Morning,Full-Time,3.5,Active
S01137,H003,D0053,Administrator,Non-Clinical,8,Morning,Part-Time,4.6,Active
S01138,H003,D0053,Doctor,Clinical,19,Evening,Full-Time,4.5,Active
S01139,H003,D0053,Procurement Officer,Non-Clinical,11,Evening,Full-Time,4.0,Active
S01140,H003,D0053,Procurement Officer,Non-Clinical,19,Morning,Part-Time,3.1,Active
S01141,H003,D0053,Maintenance Engineer,Non-Clinical,19,Evening,Full-Time,4.6,Active
S01142,H003,D0053,Maintenance Engineer,Non-Clinical,11,Evening,Part-Time,3.8,Active
S01143,H003,D0053,Maintenance Engineer,Non-Clinical,4,Morning,Full-Time,4.3,Active
S01144,H003,D0053,Procurement Officer,Non-Clinical,13,Morning,Part-Time,4.0,Active
S01145,H003,D0054,Administrator,Non-Clinical,19,Morning,Part-Time,4.0,Active
S01146,H003,D0054,Nurse,Clinical,5,Morning,Part-Time,4.9,Active
S01147,H003,D0054,Maintenance Engineer,Non-Clinical,20,Night,Full-Time,3.4,Active
S01148,H003,D0054,Technician,Clinical Support,13,Morning,Full-Time,3.7,Active
S01149,H003,D0054,Pharmacist,Clinical Support,19,Night,Full-Time,4.1,Active
S01150,H003,D0054,Technician,Clinical Support,3,Evening,Part-Time,4.5,Active
S01151,H003,D0054,Nurse,Clinical,5,Evening,Full-Time,4.0,Active
S01152,H003,D0054,Procurement Officer,Non-Clinical,19,Morning,Full-Time,3.5,Active
S01153,H003,D0054,Technician,Clinical Support,14,Evening,Full-Time,3.2,Active
S01154,H003,D0054,Pharmacist,Clinical Support,14,Evening,Part-Time,3.4,Active
S01155,H003,D0054,Technician,Clinical Support,20,Night,Full-Time,4.5,Active
S01156,H003,D0054,Nurse,Clinical,12,Night,Part-Time,4.2,Active
S01157,H003,D0054,Pharmacist,Clinical Support,2,Morning,Full-Time,4.4,Active
S01158,H003,D0054,Nurse,Clinical,3,Morning,Full-Time,3.5,Active
S01159,H003,D0054,Administrator,Non-Clinical,5,Evening,Full-Time,3.7,Active
S01160,H003,D0054,Maintenance Engineer,Non-Clinical,4,Evening,Part-Time,3.9,Active
S01161,H003,D0054,Technician,Clinical Support,7,Night,Full-Time,3.4,Active
S01162,H003,D0054,Administrator,Non-Clinical,9,Night,Part-Time,4.2,Active
S01163,H003,D0054,Nurse,Clinical,1,Evening,Full-Time,3.5,Active
S01164,H003,D0054,Doctor,Clinical,10,Morning,Part-Time,3.1,Active
S01165,H003,D0054,Procurement Officer,Non-Clinical,1,Morning,Part-Time,4.3,Active
S01166,H003,D0054,Procurement Officer,Non-Clinical,12,Morning,Full-Time,3.6,Active
S01167,H003,D0055,Nurse,Clinical,13,Night,Full-Time,4.8,Active
S01168,H003,D0055,Pharmacist,Clinical Support,20,Night,Full-Time,3.4,Active
S01169,H003,D0055,Administrator,Non-Clinical,15,Night,Full-Time,3.1,Active
S01170,H003,D0055,Administrator,Non-Clinical,10,Evening,Part-Time,3.8,Active
S01171,H003,D0055,Nurse,Clinical,1,Evening,Part-Time,3.7,Active
S01172,H003,D0055,Technician,Clinical Support,8,Night,Part-Time,4.6,Active
S01173,H003,D0055,Procurement Officer,Non-Clinical,9,Evening,Full-Time,4.9,Active
S01174,H003,D0055,Technician,Clinical Support,8,Morning,Part-Time,4.8,Active
S01175,H003,D0055,Procurement Officer,Non-Clinical,5,Morning,Part-Time,4.0,Active
S01176,H003,D0055,Procurement Officer,Non-Clinical,20,Night,Full-Time,3.8,Active
S01177,H003,D0055,Administrator,Non-Clinical,5,Evening,Part-Time,4.8,Active
S01178,H003,D0055,Technician,Clinical Support,15,Night,Full-Time,3.4,Active
S01179,H003,D0055,Nurse,Clinical,19,Night,Full-Time,4.7,Active
S01180,H003,D0055,Technician,Clinical Support,17,Morning,Part-Time,5.0,Active
S01181,H003,D0055,Maintenance Engineer,Non-Clinical,5,Night,Full-Time,3.6,Active
S01182,H003,D0055,Administrator,Non-Clinical,18,Night,Full-Time,3.4,Active
S01183,H003,D0055,Maintenance Engineer,Non-Clinical,5,Night,Full-Time,4.5,Active
S01184,H003,D0055,Pharmacist,Clinical Support,14,Evening,Part-Time,4.5,Active
S01185,H003,D0055,Maintenance Engineer,Non-Clinical,9,Morning,Full-Time,3.2,Active
S01186,H003,D0055,Nurse,Clinical,1,Night,Part-Time,4.2,Active
S01187,H003,D0055,Administrator,Non-Clinical,8,Night,Full-Time,3.5,Active
S01188,H003,D0055,Doctor,Clinical,12,Morning,Part-Time,3.3,Active
S01189,H003,D0055,Maintenance Engineer,Non-Clinical,20,Evening,Part-Time,3.4,Active
S01190,H003,D0055,Pharmacist,Clinical Support,16,Evening,Full-Time,3.3,Active
S01191,H003,D0056,Doctor,Clinical,14,Morning,Part-Time,4.9,Active
S01192,H003,D0056,Nurse,Clinical,7,Morning,Full-Time,3.4,Active
S01193,H003,D0056,Pharmacist,Clinical Support,20,Evening,Part-Time,4.7,Active
S01194,H003,D0056,Nurse,Clinical,14,Evening,Full-Time,4.2,Active
S01195,H003,D0056,Maintenance Engineer,Non-Clinical,13,Night,Part-Time,3.8,Active
S01196,H003,D0056,Procurement Officer,Non-Clinical,19,Night,Full-Time,4.0,Active
S01197,H003,D0056,Pharmacist,Clinical Support,15,Morning,Full-Time,4.0,Active
S01198,H003,D0056,Pharmacist,Clinical Support,2,Night,Part-Time,4.0,Active
S01199,H003,D0056,Procurement Officer,Non-Clinical,2,Morning,Part-Time,3.9,Active
S01200,H003,D0056,Technician,Clinical Support,10,Evening,Full-Time,3.8,Active
S01201,H003,D0056,Administrator,Non-Clinical,2,Night,Full-Time,3.9,Active
S01202,H003,D0056,Procurement Officer,Non-Clinical,15,Morning,Full-Time,3.4,Active
S01203,H003,D0056,Administrator,Non-Clinical,18,Morning,Part-Time,3.8,Active
S01204,H003,D0056,Pharmacist,Clinical Support,1,Morning,Part-Time,4.2,Active
S01205,H003,D0056,Procurement Officer,Non-Clinical,7,Evening,Full-Time,3.5,Active
S01206,H003,D0056,Procurement Officer,Non-Clinical,6,Night,Full-Time,3.2,Active
S01207,H003,D0056,Procurement Officer,Non-Clinical,15,Night,Part-Time,3.2,Active
S01208,H003,D0056,Procurement Officer,Non-Clinical,13,Night,Full-Time,3.8,Active
S01209,H003,D0056,Pharmacist,Clinical Support,2,Morning,Part-Time,4.1,Active
S01210,H003,D0057,Nurse,Clinical,5,Morning,Full-Time,3.8,Active
S01211,H003,D0057,Technician,Clinical Support,15,Evening,Full-Time,3.2,Active
S01212,H003,D0057,Nurse,Clinical,7,Morning,Part-Time,3.0,Active
S01213,H003,D0057,Pharmacist,Clinical Support,16,Night,Full-Time,4.2,Active
S01214,H003,D0057,Pharmacist,Clinical Support,8,Morning,Part-Time,3.9,Active
S01215,H003,D0057,Pharmacist,Clinical Support,3,Night,Full-Time,3.5,Active
S01216,H003,D0057,Administrator,Non-Clinical,9,Night,Full-Time,3.1,Active
S01217,H003,D0057,Nurse,Clinical,2,Night,Part-Time,3.1,Active
S01218,H003,D0057,Maintenance Engineer,Non-Clinical,2,Night,Part-Time,3.7,Active
S01219,H003,D0057,Doctor,Clinical,2,Morning,Part-Time,5.0,Active
S01220,H003,D0057,Nurse,Clinical,10,Night,Full-Time,4.9,Active
S01221,H003,D0057,Procurement Officer,Non-Clinical,19,Evening,Full-Time,3.2,Active
S01222,H003,D0057,Technician,Clinical Support,11,Evening,Part-Time,4.6,Active
S01223,H003,D0057,Maintenance Engineer,Non-Clinical,14,Night,Full-Time,3.6,Active
S01224,H003,D0057,Nurse,Clinical,4,Night,Part-Time,3.7,Active
S01225,H003,D0057,Pharmacist,Clinical Support,17,Morning,Full-Time,4.2,Active
S01226,H003,D0058,Administrator,Non-Clinical,17,Morning,Part-Time,4.4,Active
S01227,H003,D0058,Administrator,Non-Clinical,10,Evening,Part-Time,3.5,Active
S01228,H003,D0058,Administrator,Non-Clinical,20,Evening,Full-Time,4.2,Active
S01229,H003,D0058,Pharmacist,Clinical Support,17,Night,Part-Time,4.0,Active
S01230,H003,D0058,Nurse,Clinical,20,Morning,Part-Time,5.0,Active
S01231,H003,D0058,Doctor,Clinical,4,Morning,Part-Time,4.3,Active
S01232,H003,D0058,Doctor,Clinical,7,Night,Part-Time,3.8,Active
S01233,H003,D0058,Technician,Clinical Support,12,Night,Full-Time,3.0,Active
S01234,H003,D0058,Nurse,Clinical,10,Evening,Full-Time,3.6,Active
S01235,H003,D0058,Administrator,Non-Clinical,18,Evening,Full-Time,3.2,Active
S01236,H003,D0058,Technician,Clinical Support,11,Evening,Full-Time,4.7,Active
S01237,H003,D0058,Nurse,Clinical,11,Evening,Part-Time,4.8,Active
S01238,H003,D0058,Maintenance Engineer,Non-Clinical,2,Night,Full-Time,4.0,Active
S01239,H003,D0058,Procurement Officer,Non-Clinical,15,Night,Part-Time,3.9,Active
S01240,H003,D0058,Maintenance Engineer,Non-Clinical,14,Night,Full-Time,4.7,Active
S01241,H003,D0059,Administrator,Non-Clinical,11,Night,Full-Time,3.4,Active
S01242,H003,D0059,Procurement Officer,Non-Clinical,11,Evening,Full-Time,4.9,Active
S01243,H003,D0059,Technician,Clinical Support,1,Evening,Part-Time,4.3,Active
S01244,H003,D0059,Maintenance Engineer,Non-Clinical,6,Night,Part-Time,3.4,Active
S01245,H003,D0059,Doctor,Clinical,10,Night,Part-Time,4.4,Active
S01246,H003,D0059,Technician,Clinical Support,14,Morning,Part-Time,4.8,Active
S01247,H003,D0059,Technician,Clinical Support,15,Evening,Full-Time,4.1,Active
S01248,H003,D0059,Nurse,Clinical,4,Evening,Full-Time,4.6,Active
S01249,H003,D0059,Doctor,Clinical,15,Night,Full-Time,4.6,Active
S01250,H003,D0059,Administrator,Non-Clinical,5,Morning,Part-Time,4.8,Active
S01251,H003,D0059,Procurement Officer,Non-Clinical,17,Evening,Part-Time,3.3,Active
S01252,H003,D0059,Maintenance Engineer,Non-Clinical,4,Night,Full-Time,3.4,Active
S01253,H003,D0059,Doctor,Clinical,15,Evening,Full-Time,3.0,Active
S01254,H003,D0059,Doctor,Clinical,20,Morning,Part-Time,3.9,Active
S01255,H003,D0059,Doctor,Clinical,4,Night,Part-Time,3.0,Active
S01256,H003,D0059,Maintenance Engineer,Non-Clinical,10,Night,Full-Time,3.6,Active
S01257,H003,D0059,Nurse,Clinical,10,Evening,Part-Time,4.5,Active
S01258,H003,D0059,Procurement Officer,Non-Clinical,4,Evening,Full-Time,3.3,Active
S01259,H003,D0059,Doctor,Clinical,1,Night,Full-Time,3.4,Active
S01260,H003,D0059,Technician,Clinical Support,18,Evening,Part-Time,3.3,Active
S01261,H003,D0059,Procurement Officer,Non-Clinical,10,Night,Full-Time,3.3,Active
S01262,H003,D0060,Administrator,Non-Clinical,11,Night,Part-Time,3.1,Active
S01263,H003,D0060,Doctor,Clinical,16,Night,Full-Time,3.2,Active
S01264,H003,D0060,Doctor,Clinical,3,Evening,Part-Time,3.4,Active
S01265,H003,D0060,Administrator,Non-Clinical,19,Night,Part-Time,4.2,Active
S01266,H003,D0060,Technician,Clinical Support,11,Morning,Full-Time,4.9,Active
S01267,H003,D0060,Maintenance Engineer,Non-Clinical,15,Night,Full-Time,3.2,Active
S01268,H003,D0060,Maintenance Engineer,Non-Clinical,15,Morning,Part-Time,3.6,Active
S01269,H003,D0060,Procurement Officer,Non-Clinical,15,Evening,Full-Time,4.9,Active
S01270,H003,D0060,Nurse,Clinical,20,Evening,Part-Time,3.8,Active
S01271,H003,D0060,Procurement Officer,Non-Clinical,11,Evening,Part-Time,4.0,Active
S01272,H003,D0060,Doctor,Clinical,16,Morning,Part-Time,4.0,Active
S01273,H003,D0060,Maintenance Engineer,Non-Clinical,6,Evening,Part-Time,4.2,Active
S01274,H003,D0060,Nurse,Clinical,17,Morning,Part-Time,4.6,Active
S01275,H003,D0060,Maintenance Engineer,Non-Clinical,4,Evening,Full-Time,4.6,Active
S01276,H003,D0060,Administrator,Non-Clinical,15,Evening,Part-Time,3.5,Active
S01277,H003,D0060,Nurse,Clinical,18,Morning,Part-Time,3.8,Active
S01278,H003,D0060,Technician,Clinical Support,7,Night,Part-Time,4.6,Active
S01279,H003,D0060,Pharmacist,Clinical Support,19,Evening,Full-Time,3.3,Active
S01280,H003,D0060,Procurement Officer,Non-Clinical,3,Night,Part-Time,3.2,Active
S01281,H003,D0060,Administrator,Non-Clinical,15,Evening,Full-Time,4.6,Active
S01282,H003,D0060,Nurse,Clinical,10,Evening,Full-Time,4.2,Active
S01283,H004,D0061,Technician,Clinical Support,16,Night,Full-Time,3.2,Active
S01284,H004,D0061,Maintenance Engineer,Non-Clinical,5,Night,Full-Time,4.5,Active
S01285,H004,D0061,Procurement Officer,Non-Clinical,5,Evening,Part-Time,3.8,Active
S01286,H004,D0061,Administrator,Non-Clinical,15,Morning,Full-Time,4.4,Active
S01287,H004,D0061,Technician,Clinical Support,10,Night,Part-Time,4.8,Active
S01288,H004,D0061,Pharmacist,Clinical Support,12,Morning,Full-Time,4.2,Active
S01289,H004,D0061,Administrator,Non-Clinical,13,Morning,Part-Time,3.1,Active
S01290,H004,D0061,Administrator,Non-Clinical,2,Morning,Part-Time,3.2,Active
S01291,H004,D0061,Technician,Clinical Support,1,Morning,Part-Time,4.4,Active
S01292,H004,D0061,Pharmacist,Clinical Support,11,Night,Part-Time,3.8,Active
S01293,H004,D0061,Pharmacist,Clinical Support,18,Morning,Full-Time,3.9,Active
S01294,H004,D0061,Nurse,Clinical,18,Evening,Part-Time,4.7,Active
S01295,H004,D0061,Nurse,Clinical,10,Night,Full-Time,3.3,Active
S01296,H004,D0061,Doctor,Clinical,1,Morning,Part-Time,4.3,Active
S01297,H004,D0061,Nurse,Clinical,3,Morning,Part-Time,4.7,Active
S01298,H004,D0061,Maintenance Engineer,Non-Clinical,20,Evening,Full-Time,3.9,Active
S01299,H004,D0061,Pharmacist,Clinical Support,18,Evening,Part-Time,3.7,Active
S01300,H004,D0061,Nurse,Clinical,14,Night,Full-Time,4.2,Active
S01301,H004,D0061,Maintenance Engineer,Non-Clinical,8,Night,Part-Time,3.8,Active
S01302,H004,D0061,Administrator,Non-Clinical,19,Evening,Full-Time,5.0,Active
S01303,H004,D0061,Administrator,Non-Clinical,16,Night,Part-Time,3.2,Active
S01304,H004,D0061,Pharmacist,Clinical Support,3,Morning,Part-Time,3.9,Active
S01305,H004,D0061,Doctor,Clinical,17,Night,Full-Time,3.5,Active
S01306,H004,D0061,Procurement Officer,Non-Clinical,3,Night,Part-Time,4.2,Active
S01307,H004,D0062,Administrator,Non-Clinical,1,Evening,Part-Time,4.0,Active
S01308,H004,D0062,Pharmacist,Clinical Support,19,Night,Part-Time,3.8,Active
S01309,H004,D0062,Maintenance Engineer,Non-Clinical,10,Evening,Full-Time,3.1,Active
S01310,H004,D0062,Administrator,Non-Clinical,10,Night,Part-Time,3.1,Active
S01311,H004,D0062,Pharmacist,Clinical Support,19,Morning,Full-Time,4.3,Active
S01312,H004,D0062,Technician,Clinical Support,20,Morning,Part-Time,4.0,Active
S01313,H004,D0062,Nurse,Clinical,17,Morning,Part-Time,3.5,Active
S01314,H004,D0062,Administrator,Non-Clinical,9,Evening,Part-Time,3.0,Active
S01315,H004,D0062,Doctor,Clinical,20,Morning,Full-Time,4.3,Active
S01316,H004,D0062,Technician,Clinical Support,6,Evening,Full-Time,4.0,Active
S01317,H004,D0062,Maintenance Engineer,Non-Clinical,17,Morning,Part-Time,5.0,Active
S01318,H004,D0062,Nurse,Clinical,20,Morning,Part-Time,4.5,Active
S01319,H004,D0062,Pharmacist,Clinical Support,13,Morning,Part-Time,4.5,Active
S01320,H004,D0062,Nurse,Clinical,7,Night,Part-Time,3.1,Active
S01321,H004,D0062,Technician,Clinical Support,4,Morning,Full-Time,3.9,Active
S01322,H004,D0062,Pharmacist,Clinical Support,10,Evening,Full-Time,3.8,Active
S01323,H004,D0062,Procurement Officer,Non-Clinical,13,Evening,Part-Time,3.3,Active
S01324,H004,D0062,Maintenance Engineer,Non-Clinical,14,Morning,Part-Time,4.9,Active
S01325,H004,D0062,Pharmacist,Clinical Support,13,Night,Part-Time,4.9,Active
S01326,H004,D0062,Procurement Officer,Non-Clinical,2,Morning,Part-Time,4.9,Active
S01327,H004,D0062,Pharmacist,Clinical Support,20,Night,Part-Time,3.7,Active
S01328,H004,D0062,Technician,Clinical Support,4,Evening,Part-Time,3.9,Active
S01329,H004,D0063,Procurement Officer,Non-Clinical,19,Morning,Part-Time,4.4,Active
S01330,H004,D0063,Nurse,Clinical,11,Night,Full-Time,4.3,Active
S01331,H004,D0063,Maintenance Engineer,Non-Clinical,3,Morning,Part-Time,3.2,Active
S01332,H004,D0063,Doctor,Clinical,15,Evening,Full-Time,4.5,Active
S01333,H004,D0063,Technician,Clinical Support,7,Morning,Full-Time,4.2,Active
S01334,H004,D0063,Doctor,Clinical,20,Night,Full-Time,4.9,Active
S01335,H004,D0063,Procurement Officer,Non-Clinical,4,Night,Full-Time,3.2,Active
S01336,H004,D0063,Administrator,Non-Clinical,5,Evening,Full-Time,4.8,Active
S01337,H004,D0063,Procurement Officer,Non-Clinical,6,Evening,Part-Time,3.9,Active
S01338,H004,D0063,Doctor,Clinical,15,Evening,Part-Time,4.4,Active
S01339,H004,D0063,Procurement Officer,Non-Clinical,11,Evening,Full-Time,4.6,Active
S01340,H004,D0063,Technician,Clinical Support,2,Evening,Part-Time,3.7,Active
S01341,H004,D0063,Doctor,Clinical,9,Evening,Full-Time,3.9,Active
S01342,H004,D0063,Pharmacist,Clinical Support,7,Night,Part-Time,3.4,Active
S01343,H004,D0063,Pharmacist,Clinical Support,4,Morning,Part-Time,3.4,Active
S01344,H004,D0063,Procurement Officer,Non-Clinical,4,Evening,Part-Time,3.2,Active
S01345,H004,D0063,Doctor,Clinical,3,Night,Part-Time,4.6,Active
S01346,H004,D0063,Doctor,Clinical,16,Morning,Full-Time,4.9,Active
S01347,H004,D0063,Procurement Officer,Non-Clinical,13,Evening,Full-Time,4.4,Active
S01348,H004,D0064,Administrator,Non-Clinical,1,Night,Part-Time,4.0,Active
S01349,H004,D0064,Pharmacist,Clinical Support,3,Night,Full-Time,3.0,Active
S01350,H004,D0064,Procurement Officer,Non-Clinical,16,Morning,Part-Time,3.7,Active
S01351,H004,D0064,Technician,Clinical Support,13,Morning,Full-Time,3.7,Active
S01352,H004,D0064,Maintenance Engineer,Non-Clinical,11,Morning,Part-Time,4.5,Active
S01353,H004,D0064,Technician,Clinical Support,7,Morning,Full-Time,4.9,Active
S01354,H004,D0064,Procurement Officer,Non-Clinical,7,Evening,Part-Time,4.8,Active
S01355,H004,D0064,Procurement Officer,Non-Clinical,12,Evening,Full-Time,4.8,Active
S01356,H004,D0064,Pharmacist,Clinical Support,7,Morning,Full-Time,3.4,Active
S01357,H004,D0064,Procurement Officer,Non-Clinical,19,Morning,Part-Time,3.8,Active
S01358,H004,D0064,Maintenance Engineer,Non-Clinical,18,Night,Part-Time,4.0,Active
S01359,H004,D0064,Maintenance Engineer,Non-Clinical,15,Morning,Full-Time,3.7,Active
S01360,H004,D0064,Technician,Clinical Support,2,Evening,Full-Time,3.4,Active
S01361,H004,D0064,Procurement Officer,Non-Clinical,17,Evening,Full-Time,4.5,Active
S01362,H004,D0064,Nurse,Clinical,3,Morning,Full-Time,4.0,Active
S01363,H004,D0064,Doctor,Clinical,16,Night,Full-Time,3.5,Active
S01364,H004,D0064,Procurement Officer,Non-Clinical,5,Morning,Full-Time,4.3,Active
S01365,H004,D0064,Technician,Clinical Support,4,Evening,Full-Time,4.7,Active
S01366,H004,D0064,Doctor,Clinical,4,Morning,Part-Time,4.2,Active
S01367,H004,D0064,Administrator,Non-Clinical,8,Morning,Full-Time,3.9,Active
S01368,H004,D0064,Maintenance Engineer,Non-Clinical,13,Evening,Full-Time,5.0,Active
S01369,H004,D0064,Administrator,Non-Clinical,18,Morning,Part-Time,4.7,Active
S01370,H004,D0064,Maintenance Engineer,Non-Clinical,7,Morning,Full-Time,3.7,Active
S01371,H004,D0064,Doctor,Clinical,9,Morning,Part-Time,3.3,Active
S01372,H004,D0065,Administrator,Non-Clinical,6,Evening,Full-Time,4.9,Active
S01373,H004,D0065,Doctor,Clinical,5,Morning,Part-Time,4.6,Active
S01374,H004,D0065,Doctor,Clinical,16,Morning,Full-Time,3.0,Active
S01375,H004,D0065,Doctor,Clinical,19,Evening,Part-Time,4.4,Active
S01376,H004,D0065,Maintenance Engineer,Non-Clinical,16,Night,Full-Time,3.4,Active
S01377,H004,D0065,Procurement Officer,Non-Clinical,9,Night,Part-Time,3.8,Active
S01378,H004,D0065,Nurse,Clinical,20,Night,Full-Time,4.2,Active
S01379,H004,D0065,Procurement Officer,Non-Clinical,16,Night,Full-Time,4.3,Active
S01380,H004,D0065,Maintenance Engineer,Non-Clinical,10,Evening,Part-Time,3.0,Active
S01381,H004,D0065,Nurse,Clinical,7,Morning,Full-Time,4.2,Active
S01382,H004,D0065,Maintenance Engineer,Non-Clinical,18,Night,Full-Time,3.9,Active
S01383,H004,D0065,Procurement Officer,Non-Clinical,7,Evening,Full-Time,3.4,Active
S01384,H004,D0065,Maintenance Engineer,Non-Clinical,5,Night,Part-Time,4.0,Active
S01385,H004,D0065,Nurse,Clinical,2,Morning,Part-Time,3.6,Active
S01386,H004,D0065,Pharmacist,Clinical Support,9,Evening,Part-Time,3.1,Active
S01387,H004,D0065,Procurement Officer,Non-Clinical,2,Night,Full-Time,3.3,Active
S01388,H004,D0065,Doctor,Clinical,16,Night,Full-Time,3.1,Active
S01389,H004,D0065,Nurse,Clinical,15,Night,Part-Time,3.8,Active
S01390,H004,D0065,Procurement Officer,Non-Clinical,11,Morning,Full-Time,3.7,Active
S01391,H004,D0065,Doctor,Clinical,8,Night,Part-Time,4.7,Active
S01392,H004,D0065,Pharmacist,Clinical Support,8,Morning,Part-Time,4.2,Active
S01393,H004,D0065,Doctor,Clinical,14,Morning,Full-Time,4.9,Active
S01394,H004,D0065,Pharmacist,Clinical Support,6,Evening,Part-Time,3.3,Active
S01395,H004,D0066,Procurement Officer,Non-Clinical,12,Evening,Full-Time,3.7,Active
S01396,H004,D0066,Doctor,Clinical,19,Morning,Part-Time,3.3,Active
S01397,H004,D0066,Maintenance Engineer,Non-Clinical,15,Evening,Part-Time,3.3,Active
S01398,H004,D0066,Technician,Clinical Support,8,Evening,Full-Time,4.6,Active
S01399,H004,D0066,Procurement Officer,Non-Clinical,20,Morning,Full-Time,3.2,Active
S01400,H004,D0066,Maintenance Engineer,Non-Clinical,17,Evening,Full-Time,4.2,Active
S01401,H004,D0066,Maintenance Engineer,Non-Clinical,15,Evening,Full-Time,4.5,Active
S01402,H004,D0066,Procurement Officer,Non-Clinical,8,Morning,Part-Time,3.9,Active
S01403,H004,D0066,Nurse,Clinical,19,Morning,Full-Time,3.8,Active
S01404,H004,D0066,Doctor,Clinical,2,Evening,Full-Time,3.9,Active
S01405,H004,D0066,Pharmacist,Clinical Support,16,Night,Full-Time,3.9,Active
S01406,H004,D0066,Nurse,Clinical,3,Night,Full-Time,4.4,Active
S01407,H004,D0066,Pharmacist,Clinical Support,7,Morning,Part-Time,3.6,Active
S01408,H004,D0066,Procurement Officer,Non-Clinical,3,Morning,Part-Time,4.3,Active
S01409,H004,D0066,Nurse,Clinical,15,Night,Full-Time,5.0,Active
S01410,H004,D0066,Pharmacist,Clinical Support,5,Night,Part-Time,3.4,Active
S01411,H004,D0066,Maintenance Engineer,Non-Clinical,12,Night,Part-Time,4.4,Active
S01412,H004,D0066,Doctor,Clinical,3,Evening,Part-Time,4.1,Active
S01413,H004,D0067,Pharmacist,Clinical Support,9,Night,Full-Time,4.6,Active
S01414,H004,D0067,Doctor,Clinical,20,Evening,Full-Time,4.0,Active
S01415,H004,D0067,Procurement Officer,Non-Clinical,12,Morning,Full-Time,3.8,Active
S01416,H004,D0067,Pharmacist,Clinical Support,20,Morning,Part-Time,3.7,Active
S01417,H004,D0067,Procurement Officer,Non-Clinical,18,Night,Full-Time,4.1,Active
S01418,H004,D0067,Maintenance Engineer,Non-Clinical,7,Morning,Part-Time,3.5,Active
S01419,H004,D0067,Doctor,Clinical,16,Night,Full-Time,4.5,Active
S01420,H004,D0067,Maintenance Engineer,Non-Clinical,8,Evening,Part-Time,4.8,Active
S01421,H004,D0067,Administrator,Non-Clinical,14,Evening,Full-Time,3.1,Active
S01422,H004,D0067,Technician,Clinical Support,15,Evening,Full-Time,3.9,Active
S01423,H004,D0067,Administrator,Non-Clinical,18,Evening,Part-Time,4.2,Active
S01424,H004,D0067,Maintenance Engineer,Non-Clinical,3,Morning,Part-Time,3.2,Active
S01425,H004,D0067,Pharmacist,Clinical Support,6,Evening,Full-Time,3.2,Active
S01426,H004,D0067,Technician,Clinical Support,4,Night,Full-Time,4.0,Active
S01427,H004,D0067,Maintenance Engineer,Non-Clinical,7,Night,Full-Time,3.6,Active
S01428,H004,D0067,Procurement Officer,Non-Clinical,18,Morning,Part-Time,3.7,Active
S01429,H004,D0067,Pharmacist,Clinical Support,1,Evening,Full-Time,3.1,Active
S01430,H004,D0067,Maintenance Engineer,Non-Clinical,8,Night,Part-Time,3.8,Active
S01431,H004,D0067,Technician,Clinical Support,11,Evening,Part-Time,3.9,Active
S01432,H004,D0067,Administrator,Non-Clinical,5,Evening,Full-Time,4.6,Active
S01433,H004,D0067,Nurse,Clinical,16,Evening,Part-Time,4.5,Active
S01434,H004,D0068,Nurse,Clinical,12,Evening,Part-Time,4.9,Active
S01435,H004,D0068,Administrator,Non-Clinical,6,Night,Part-Time,3.4,Active
S01436,H004,D0068,Nurse,Clinical,5,Morning,Full-Time,3.2,Active
S01437,H004,D0068,Technician,Clinical Support,19,Morning,Part-Time,3.5,Active
S01438,H004,D0068,Nurse,Clinical,7,Night,Full-Time,4.3,Active
S01439,H004,D0068,Technician,Clinical Support,5,Evening,Part-Time,4.1,Active
S01440,H004,D0068,Nurse,Clinical,18,Evening,Full-Time,4.8,Active
S01441,H004,D0068,Pharmacist,Clinical Support,16,Morning,Part-Time,4.9,Active
S01442,H004,D0068,Nurse,Clinical,1,Night,Part-Time,4.3,Active
S01443,H004,D0068,Technician,Clinical Support,16,Evening,Full-Time,4.6,Active
S01444,H004,D0068,Procurement Officer,Non-Clinical,15,Evening,Full-Time,4.5,Active
S01445,H004,D0068,Doctor,Clinical,5,Night,Full-Time,3.6,Active
S01446,H004,D0068,Pharmacist,Clinical Support,20,Morning,Part-Time,3.7,Active
S01447,H004,D0069,Doctor,Clinical,20,Night,Full-Time,4.2,Active
S01448,H004,D0069,Nurse,Clinical,9,Morning,Full-Time,3.2,Active
S01449,H004,D0069,Maintenance Engineer,Non-Clinical,15,Night,Full-Time,5.0,Active
S01450,H004,D0069,Pharmacist,Clinical Support,7,Evening,Part-Time,4.2,Active
S01451,H004,D0069,Administrator,Non-Clinical,2,Night,Part-Time,3.8,Active
S01452,H004,D0069,Procurement Officer,Non-Clinical,14,Evening,Part-Time,3.7,Active
S01453,H004,D0069,Technician,Clinical Support,12,Evening,Part-Time,5.0,Active
S01454,H004,D0069,Maintenance Engineer,Non-Clinical,18,Morning,Full-Time,4.5,Active
S01455,H004,D0069,Pharmacist,Clinical Support,14,Evening,Part-Time,3.3,Active
S01456,H004,D0069,Procurement Officer,Non-Clinical,14,Night,Part-Time,3.3,Active
S01457,H004,D0069,Administrator,Non-Clinical,20,Morning,Full-Time,3.4,Active
S01458,H004,D0069,Pharmacist,Clinical Support,17,Evening,Full-Time,4.9,Active
S01459,H004,D0069,Administrator,Non-Clinical,13,Morning,Full-Time,3.8,Active
S01460,H004,D0069,Technician,Clinical Support,14,Morning,Part-Time,4.4,Active
S01461,H004,D0069,Maintenance Engineer,Non-Clinical,5,Morning,Full-Time,4.7,Active
S01462,H004,D0069,Technician,Clinical Support,18,Evening,Full-Time,4.6,Active
S01463,H004,D0069,Technician,Clinical Support,19,Evening,Part-Time,4.1,Active
S01464,H004,D0069,Pharmacist,Clinical Support,8,Morning,Full-Time,3.3,Active
S01465,H004,D0069,Technician,Clinical Support,16,Morning,Part-Time,3.8,Active
S01466,H004,D0069,Pharmacist,Clinical Support,8,Morning,Full-Time,4.5,Active
S01467,H004,D0069,Pharmacist,Clinical Support,3,Night,Part-Time,4.2,Active
S01468,H004,D0069,Administrator,Non-Clinical,14,Evening,Part-Time,4.9,Active
S01469,H004,D0070,Technician,Clinical Support,17,Night,Full-Time,4.7,Active
S01470,H004,D0070,Nurse,Clinical,19,Morning,Full-Time,3.6,Active
S01471,H004,D0070,Procurement Officer,Non-Clinical,5,Evening,Full-Time,3.1,Active
S01472,H004,D0070,Technician,Clinical Support,14,Night,Part-Time,3.1,Active
S01473,H004,D0070,Technician,Clinical Support,17,Night,Full-Time,4.0,Active
S01474,H004,D0070,Maintenance Engineer,Non-Clinical,6,Morning,Full-Time,4.1,Active
S01475,H004,D0070,Maintenance Engineer,Non-Clinical,11,Night,Part-Time,3.5,Active
S01476,H004,D0070,Procurement Officer,Non-Clinical,12,Morning,Part-Time,4.6,Active
S01477,H004,D0070,Doctor,Clinical,5,Night,Part-Time,3.7,Active
S01478,H004,D0070,Pharmacist,Clinical Support,14,Evening,Full-Time,3.2,Active
S01479,H004,D0070,Nurse,Clinical,17,Morning,Full-Time,4.6,Active
S01480,H004,D0070,Administrator,Non-Clinical,20,Night,Full-Time,3.8,Active
S01481,H004,D0070,Doctor,Clinical,4,Morning,Full-Time,4.0,Active
S01482,H004,D0070,Technician,Clinical Support,12,Morning,Part-Time,4.8,Active
S01483,H004,D0070,Administrator,Non-Clinical,17,Evening,Full-Time,4.4,Active
S01484,H004,D0071,Procurement Officer,Non-Clinical,4,Morning,Full-Time,4.7,Active
S01485,H004,D0071,Nurse,Clinical,8,Evening,Full-Time,3.4,Active
S01486,H004,D0071,Doctor,Clinical,14,Night,Full-Time,3.2,Active
S01487,H004,D0071,Maintenance Engineer,Non-Clinical,16,Evening,Full-Time,3.4,Active
S01488,H004,D0071,Doctor,Clinical,17,Night,Full-Time,3.9,Active
S01489,H004,D0071,Technician,Clinical Support,2,Morning,Part-Time,4.3,Active
S01490,H004,D0071,Maintenance Engineer,Non-Clinical,4,Morning,Full-Time,4.2,Active
S01491,H004,D0071,Nurse,Clinical,6,Night,Part-Time,3.1,Active
S01492,H004,D0071,Nurse,Clinical,9,Night,Part-Time,3.7,Active
S01493,H004,D0071,Maintenance Engineer,Non-Clinical,17,Night,Full-Time,4.0,Active
S01494,H004,D0071,Doctor,Clinical,4,Night,Full-Time,4.1,Active
S01495,H004,D0071,Procurement Officer,Non-Clinical,7,Evening,Full-Time,4.8,Active
S01496,H004,D0072,Doctor,Clinical,4,Morning,Part-Time,3.7,Active
S01497,H004,D0072,Administrator,Non-Clinical,6,Evening,Full-Time,3.4,Active
S01498,H004,D0072,Technician,Clinical Support,13,Evening,Full-Time,4.0,Active
S01499,H004,D0072,Pharmacist,Clinical Support,4,Evening,Full-Time,3.9,Active
S01500,H004,D0072,Administrator,Non-Clinical,5,Evening,Part-Time,4.4,Active
S01501,H004,D0072,Administrator,Non-Clinical,2,Morning,Part-Time,4.0,Active
S01502,H004,D0072,Pharmacist,Clinical Support,10,Evening,Part-Time,4.4,Active
S01503,H004,D0072,Maintenance Engineer,Non-Clinical,15,Morning,Part-Time,3.6,Active
S01504,H004,D0072,Maintenance Engineer,Non-Clinical,14,Morning,Full-Time,4.8,Active
S01505,H004,D0072,Maintenance Engineer,Non-Clinical,16,Night,Part-Time,3.4,Active
S01506,H004,D0072,Procurement Officer,Non-Clinical,16,Night,Full-Time,3.8,Active
S01507,H004,D0072,Administrator,Non-Clinical,3,Morning,Full-Time,3.8,Active
S01508,H004,D0072,Procurement Officer,Non-Clinical,19,Morning,Full-Time,3.1,Active
S01509,H004,D0072,Nurse,Clinical,11,Morning,Part-Time,3.2,Active
S01510,H004,D0072,Maintenance Engineer,Non-Clinical,14,Night,Part-Time,3.6,Active
S01511,H004,D0072,Procurement Officer,Non-Clinical,19,Night,Part-Time,4.5,Active
S01512,H004,D0072,Maintenance Engineer,Non-Clinical,13,Evening,Part-Time,4.3,Active
S01513,H004,D0072,Pharmacist,Clinical Support,16,Night,Part-Time,3.3,Active
S01514,H004,D0072,Pharmacist,Clinical Support,4,Morning,Part-Time,4.0,Active
S01515,H004,D0072,Nurse,Clinical,5,Morning,Full-Time,4.5,Active
S01516,H004,D0072,Maintenance Engineer,Non-Clinical,3,Evening,Full-Time,4.9,Active
S01517,H004,D0072,Pharmacist,Clinical Support,20,Night,Part-Time,3.3,Active
S01518,H004,D0072,Administrator,Non-Clinical,20,Morning,Full-Time,4.3,Active
S01519,H004,D0072,Administrator,Non-Clinical,16,Evening,Full-Time,3.6,Active
S01520,H004,D0072,Pharmacist,Clinical Support,16,Night,Part-Time,4.1,Active
S01521,H004,D0072,Maintenance Engineer,Non-Clinical,18,Night,Full-Time,4.9,Active
S01522,H004,D0072,Doctor,Clinical,14,Morning,Part-Time,3.9,Active
S01523,H004,D0072,Maintenance Engineer,Non-Clinical,13,Evening,Part-Time,3.1,Active
S01524,H004,D0072,Nurse,Clinical,18,Night,Part-Time,4.8,Active
S01525,H004,D0073,Pharmacist,Clinical Support,14,Morning,Part-Time,4.4,Active
S01526,H004,D0073,Pharmacist,Clinical Support,4,Night,Part-Time,4.3,Active
S01527,H004,D0073,Procurement Officer,Non-Clinical,18,Night,Part-Time,4.0,Active
S01528,H004,D0073,Maintenance Engineer,Non-Clinical,6,Night,Full-Time,3.8,Active
S01529,H004,D0073,Pharmacist,Clinical Support,19,Evening,Part-Time,4.5,Active
S01530,H004,D0073,Technician,Clinical Support,11,Morning,Full-Time,4.2,Active
S01531,H004,D0073,Nurse,Clinical,12,Evening,Full-Time,4.5,Active
S01532,H004,D0073,Procurement Officer,Non-Clinical,11,Evening,Full-Time,3.9,Active
S01533,H004,D0073,Technician,Clinical Support,14,Evening,Full-Time,4.3,Active
S01534,H004,D0073,Nurse,Clinical,8,Night,Part-Time,4.2,Active
S01535,H004,D0073,Procurement Officer,Non-Clinical,3,Evening,Full-Time,3.7,Active
S01536,H004,D0073,Doctor,Clinical,18,Evening,Full-Time,3.9,Active
S01537,H004,D0073,Maintenance Engineer,Non-Clinical,14,Night,Part-Time,3.5,Active
S01538,H004,D0073,Procurement Officer,Non-Clinical,16,Night,Full-Time,5.0,Active
S01539,H004,D0073,Pharmacist,Clinical Support,19,Evening,Part-Time,4.1,Active
S01540,H004,D0073,Maintenance Engineer,Non-Clinical,16,Morning,Full-Time,3.7,Active
S01541,H004,D0073,Administrator,Non-Clinical,11,Morning,Part-Time,3.7,Active
S01542,H004,D0074,Nurse,Clinical,16,Night,Full-Time,4.7,Active
S01543,H004,D0074,Administrator,Non-Clinical,7,Evening,Part-Time,3.1,Active
S01544,H004,D0074,Administrator,Non-Clinical,13,Morning,Full-Time,4.4,Active
S01545,H004,D0074,Administrator,Non-Clinical,4,Night,Part-Time,3.5,Active
S01546,H004,D0074,Administrator,Non-Clinical,17,Evening,Part-Time,3.4,Active
S01547,H004,D0074,Maintenance Engineer,Non-Clinical,3,Night,Part-Time,4.0,Active
S01548,H004,D0074,Technician,Clinical Support,14,Night,Part-Time,3.4,Active
S01549,H004,D0074,Pharmacist,Clinical Support,9,Night,Part-Time,4.3,Active
S01550,H004,D0074,Administrator,Non-Clinical,6,Morning,Full-Time,4.2,Active
S01551,H004,D0074,Nurse,Clinical,15,Evening,Part-Time,4.9,Active
S01552,H004,D0074,Procurement Officer,Non-Clinical,2,Night,Full-Time,3.7,Active
S01553,H004,D0074,Nurse,Clinical,8,Morning,Part-Time,4.7,Active
S01554,H004,D0074,Pharmacist,Clinical Support,11,Morning,Full-Time,4.7,Active
S01555,H004,D0074,Technician,Clinical Support,10,Night,Full-Time,3.5,Active
S01556,H004,D0074,Administrator,Non-Clinical,8,Evening,Full-Time,3.2,Active
S01557,H004,D0074,Nurse,Clinical,1,Morning,Part-Time,3.9,Active
S01558,H004,D0074,Administrator,Non-Clinical,14,Evening,Full-Time,3.4,Active
S01559,H004,D0074,Technician,Clinical Support,5,Morning,Part-Time,4.6,Active
S01560,H004,D0074,Technician,Clinical Support,18,Morning,Full-Time,4.9,Active
S01561,H004,D0074,Pharmacist,Clinical Support,1,Morning,Full-Time,3.6,Active
S01562,H004,D0074,Technician,Clinical Support,3,Evening,Part-Time,4.3,Active
S01563,H004,D0074,Doctor,Clinical,13,Night,Full-Time,3.5,Active
S01564,H004,D0074,Administrator,Non-Clinical,17,Morning,Part-Time,4.0,Active
S01565,H004,D0074,Doctor,Clinical,8,Night,Full-Time,4.5,Active
S01566,H004,D0074,Technician,Clinical Support,11,Night,Part-Time,4.6,Active
S01567,H004,D0075,Pharmacist,Clinical Support,7,Morning,Full-Time,3.4,Active
S01568,H004,D0075,Technician,Clinical Support,15,Evening,Part-Time,4.7,Active
S01569,H004,D0075,Doctor,Clinical,16,Night,Part-Time,4.4,Active
S01570,H004,D0075,Doctor,Clinical,11,Night,Part-Time,3.9,Active
S01571,H004,D0075,Nurse,Clinical,9,Morning,Part-Time,4.0,Active
S01572,H004,D0075,Technician,Clinical Support,10,Morning,Full-Time,4.7,Active
S01573,H004,D0075,Procurement Officer,Non-Clinical,2,Night,Full-Time,3.5,Active
S01574,H004,D0075,Pharmacist,Clinical Support,10,Night,Part-Time,4.8,Active
S01575,H004,D0075,Procurement Officer,Non-Clinical,4,Night,Full-Time,4.7,Active
S01576,H004,D0075,Pharmacist,Clinical Support,1,Evening,Part-Time,3.6,Active
S01577,H004,D0075,Maintenance Engineer,Non-Clinical,8,Evening,Full-Time,4.7,Active
S01578,H004,D0075,Nurse,Clinical,15,Night,Part-Time,4.8,Active
S01579,H004,D0075,Maintenance Engineer,Non-Clinical,14,Morning,Part-Time,4.7,Active
S01580,H004,D0075,Maintenance Engineer,Non-Clinical,16,Evening,Part-Time,4.9,Active
S01581,H004,D0075,Technician,Clinical Support,14,Morning,Full-Time,4.4,Active
S01582,H004,D0075,Administrator,Non-Clinical,3,Evening,Part-Time,4.2,Active
S01583,H004,D0075,Maintenance Engineer,Non-Clinical,18,Night,Part-Time,3.9,Active
S01584,H004,D0075,Doctor,Clinical,2,Night,Full-Time,4.3,Active
S01585,H004,D0075,Maintenance Engineer,Non-Clinical,5,Morning,Part-Time,3.4,Active
S01586,H004,D0076,Technician,Clinical Support,19,Morning,Full-Time,3.3,Active
S01587,H004,D0076,Administrator,Non-Clinical,5,Night,Part-Time,4.6,Active
S01588,H004,D0076,Technician,Clinical Support,15,Evening,Full-Time,3.5,Active
S01589,H004,D0076,Procurement Officer,Non-Clinical,19,Evening,Part-Time,3.4,Active
S01590,H004,D0076,Pharmacist,Clinical Support,12,Morning,Part-Time,4.8,Active
S01591,H004,D0076,Maintenance Engineer,Non-Clinical,19,Morning,Full-Time,4.9,Active
S01592,H004,D0076,Administrator,Non-Clinical,20,Night,Full-Time,4.8,Active
S01593,H004,D0076,Pharmacist,Clinical Support,7,Evening,Full-Time,3.1,Active
S01594,H004,D0076,Administrator,Non-Clinical,14,Night,Part-Time,3.3,Active
S01595,H004,D0076,Technician,Clinical Support,6,Night,Full-Time,3.0,Active
S01596,H004,D0076,Administrator,Non-Clinical,14,Evening,Part-Time,3.2,Active
S01597,H004,D0076,Procurement Officer,Non-Clinical,7,Morning,Part-Time,3.6,Active
S01598,H004,D0076,Pharmacist,Clinical Support,13,Morning,Part-Time,4.7,Active
S01599,H004,D0076,Administrator,Non-Clinical,7,Evening,Full-Time,3.8,Active
S01600,H004,D0076,Pharmacist,Clinical Support,5,Morning,Part-Time,5.0,Active
S01601,H004,D0076,Nurse,Clinical,20,Evening,Full-Time,3.7,Active
S01602,H004,D0076,Procurement Officer,Non-Clinical,15,Morning,Full-Time,3.9,Active
S01603,H004,D0076,Maintenance Engineer,Non-Clinical,11,Night,Part-Time,4.4,Active
S01604,H004,D0076,Procurement Officer,Non-Clinical,13,Night,Part-Time,4.5,Active
S01605,H004,D0076,Technician,Clinical Support,3,Morning,Full-Time,3.1,Active
S01606,H004,D0076,Nurse,Clinical,16,Evening,Full-Time,3.0,Active
S01607,H004,D0077,Administrator,Non-Clinical,13,Evening,Part-Time,4.3,Active
S01608,H004,D0077,Nurse,Clinical,18,Morning,Full-Time,3.5,Active
S01609,H004,D0077,Administrator,Non-Clinical,16,Evening,Part-Time,3.3,Active
S01610,H004,D0077,Technician,Clinical Support,17,Evening,Full-Time,3.5,Active
S01611,H004,D0077,Technician,Clinical Support,2,Morning,Part-Time,4.7,Active
S01612,H004,D0077,Maintenance Engineer,Non-Clinical,9,Night,Part-Time,4.9,Active
S01613,H004,D0077,Technician,Clinical Support,9,Night,Part-Time,4.0,Active
S01614,H004,D0077,Pharmacist,Clinical Support,6,Evening,Part-Time,4.5,Active
S01615,H004,D0077,Nurse,Clinical,18,Night,Part-Time,3.1,Active
S01616,H004,D0077,Nurse,Clinical,2,Morning,Full-Time,3.1,Active
S01617,H004,D0077,Technician,Clinical Support,6,Night,Part-Time,3.9,Active
S01618,H004,D0077,Pharmacist,Clinical Support,2,Evening,Part-Time,5.0,Active
S01619,H004,D0077,Administrator,Non-Clinical,16,Evening,Part-Time,3.2,Active
S01620,H004,D0077,Procurement Officer,Non-Clinical,5,Morning,Part-Time,3.2,Active
S01621,H004,D0077,Maintenance Engineer,Non-Clinical,10,Morning,Full-Time,4.5,Active
S01622,H004,D0077,Maintenance Engineer,Non-Clinical,9,Night,Full-Time,4.2,Active
S01623,H004,D0077,Doctor,Clinical,17,Night,Full-Time,3.8,Active
S01624,H004,D0077,Doctor,Clinical,8,Evening,Full-Time,4.8,Active
S01625,H004,D0077,Doctor,Clinical,10,Night,Full-Time,3.8,Active
S01626,H004,D0077,Administrator,Non-Clinical,4,Evening,Full-Time,3.1,Active
S01627,H004,D0077,Pharmacist,Clinical Support,16,Evening,Part-Time,4.2,Active
S01628,H004,D0077,Doctor,Clinical,11,Morning,Part-Time,3.6,Active
S01629,H004,D0077,Procurement Officer,Non-Clinical,19,Morning,Full-Time,4.7,Active
S01630,H004,D0077,Maintenance Engineer,Non-Clinical,10,Evening,Full-Time,4.5,Active
S01631,H004,D0077,Administrator,Non-Clinical,20,Evening,Full-Time,3.8,Active
S01632,H004,D0077,Nurse,Clinical,8,Evening,Full-Time,3.0,Active
S01633,H004,D0077,Nurse,Clinical,6,Evening,Part-Time,3.6,Active
S01634,H004,D0077,Maintenance Engineer,Non-Clinical,5,Morning,Part-Time,4.0,Active
S01635,H004,D0078,Procurement Officer,Non-Clinical,10,Night,Full-Time,3.7,Active
S01636,H004,D0078,Doctor,Clinical,12,Night,Full-Time,4.0,Active
S01637,H004,D0078,Pharmacist,Clinical Support,16,Evening,Part-Time,3.2,Active
S01638,H004,D0078,Pharmacist,Clinical Support,12,Night,Full-Time,3.9,Active
S01639,H004,D0078,Pharmacist,Clinical Support,3,Morning,Part-Time,4.9,Active
S01640,H004,D0078,Procurement Officer,Non-Clinical,8,Night,Full-Time,4.9,Active
S01641,H004,D0078,Administrator,Non-Clinical,17,Morning,Part-Time,3.9,Active
S01642,H004,D0078,Doctor,Clinical,16,Evening,Full-Time,5.0,Active
S01643,H004,D0078,Procurement Officer,Non-Clinical,10,Morning,Part-Time,3.6,Active
S01644,H004,D0078,Doctor,Clinical,18,Morning,Full-Time,4.0,Active
S01645,H004,D0078,Administrator,Non-Clinical,14,Evening,Full-Time,3.9,Active
S01646,H004,D0078,Procurement Officer,Non-Clinical,19,Evening,Part-Time,3.5,Active
S01647,H004,D0078,Doctor,Clinical,17,Morning,Full-Time,4.5,Active
S01648,H004,D0078,Pharmacist,Clinical Support,6,Morning,Part-Time,3.1,Active
S01649,H004,D0078,Pharmacist,Clinical Support,10,Evening,Part-Time,4.5,Active
S01650,H004,D0078,Pharmacist,Clinical Support,20,Evening,Part-Time,4.9,Active
S01651,H004,D0078,Maintenance Engineer,Non-Clinical,6,Morning,Full-Time,3.2,Active
S01652,H004,D0078,Administrator,Non-Clinical,9,Night,Full-Time,3.9,Active
S01653,H004,D0078,Doctor,Clinical,1,Evening,Full-Time,3.0,Active
S01654,H004,D0078,Procurement Officer,Non-Clinical,16,Evening,Part-Time,4.7,Active
S01655,H004,D0078,Procurement Officer,Non-Clinical,20,Night,Part-Time,3.6,Active
S01656,H004,D0078,Maintenance Engineer,Non-Clinical,20,Evening,Part-Time,4.6,Active
S01657,H004,D0078,Doctor,Clinical,5,Morning,Full-Time,3.4,Active
S01658,H004,D0078,Maintenance Engineer,Non-Clinical,1,Night,Full-Time,4.7,Active
S01659,H004,D0078,Nurse,Clinical,16,Night,Full-Time,4.3,Active
S01660,H004,D0079,Maintenance Engineer,Non-Clinical,18,Morning,Full-Time,3.6,Active
S01661,H004,D0079,Pharmacist,Clinical Support,5,Evening,Part-Time,3.0,Active
S01662,H004,D0079,Nurse,Clinical,5,Night,Part-Time,4.9,Active
S01663,H004,D0079,Pharmacist,Clinical Support,1,Evening,Full-Time,3.4,Active
S01664,H004,D0079,Administrator,Non-Clinical,13,Morning,Part-Time,3.0,Active
S01665,H004,D0079,Procurement Officer,Non-Clinical,14,Evening,Part-Time,4.5,Active
S01666,H004,D0079,Administrator,Non-Clinical,18,Evening,Full-Time,4.0,Active
S01667,H004,D0079,Pharmacist,Clinical Support,17,Night,Part-Time,3.5,Active
S01668,H004,D0079,Doctor,Clinical,17,Morning,Part-Time,4.2,Active
S01669,H004,D0079,Administrator,Non-Clinical,3,Evening,Part-Time,4.8,Active
S01670,H004,D0079,Doctor,Clinical,16,Night,Part-Time,3.9,Active
S01671,H004,D0079,Pharmacist,Clinical Support,1,Morning,Part-Time,4.5,Active
S01672,H004,D0079,Pharmacist,Clinical Support,12,Evening,Full-Time,4.0,Active
S01673,H004,D0079,Administrator,Non-Clinical,11,Night,Part-Time,3.3,Active
S01674,H004,D0079,Technician,Clinical Support,13,Evening,Part-Time,4.6,Active
S01675,H004,D0079,Maintenance Engineer,Non-Clinical,6,Night,Full-Time,3.6,Active
S01676,H004,D0079,Procurement Officer,Non-Clinical,3,Night,Part-Time,3.3,Active
S01677,H004,D0079,Nurse,Clinical,6,Night,Part-Time,3.2,Active
S01678,H004,D0079,Pharmacist,Clinical Support,16,Evening,Full-Time,3.4,Active
S01679,H004,D0079,Doctor,Clinical,1,Evening,Part-Time,3.7,Active
S01680,H004,D0079,Nurse,Clinical,6,Night,Full-Time,4.6,Active
S01681,H004,D0079,Technician,Clinical Support,14,Morning,Full-Time,3.2,Active
S01682,H004,D0079,Nurse,Clinical,16,Evening,Part-Time,4.6,Active
S01683,H004,D0079,Maintenance Engineer,Non-Clinical,2,Night,Part-Time,4.8,Active
S01684,H004,D0079,Maintenance Engineer,Non-Clinical,17,Night,Full-Time,4.4,Active
S01685,H004,D0080,Maintenance Engineer,Non-Clinical,15,Morning,Full-Time,4.6,Active
S01686,H004,D0080,Administrator,Non-Clinical,4,Night,Full-Time,4.0,Active
S01687,H004,D0080,Nurse,Clinical,4,Morning,Part-Time,3.3,Active
S01688,H004,D0080,Technician,Clinical Support,15,Night,Part-Time,4.5,Active
S01689,H004,D0080,Doctor,Clinical,5,Night,Part-Time,3.7,Active
S01690,H004,D0080,Nurse,Clinical,4,Morning,Part-Time,4.9,Active
S01691,H004,D0080,Maintenance Engineer,Non-Clinical,1,Morning,Part-Time,3.7,Active
S01692,H004,D0080,Administrator,Non-Clinical,6,Morning,Part-Time,3.7,Active
S01693,H004,D0080,Maintenance Engineer,Non-Clinical,14,Evening,Full-Time,3.3,Active
S01694,H004,D0080,Maintenance Engineer,Non-Clinical,17,Evening,Full-Time,3.3,Active
S01695,H004,D0080,Pharmacist,Clinical Support,14,Evening,Part-Time,4.9,Active
S01696,H004,D0080,Administrator,Non-Clinical,12,Morning,Part-Time,3.3,Active
S01697,H004,D0080,Doctor,Clinical,17,Morning,Full-Time,3.7,Active
S01698,H004,D0080,Pharmacist,Clinical Support,6,Evening,Full-Time,3.8,Active
S01699,H004,D0080,Doctor,Clinical,5,Night,Full-Time,5.0,Active
S01700,H004,D0080,Procurement Officer,Non-Clinical,17,Evening,Part-Time,3.8,Active
S01701,H004,D0080,Procurement Officer,Non-Clinical,18,Evening,Part-Time,4.8,Active
S01702,H004,D0080,Doctor,Clinical,9,Night,Full-Time,4.4,Active
S01703,H004,D0080,Pharmacist,Clinical Support,7,Night,Part-Time,4.4,Active
S01704,H004,D0080,Maintenance Engineer,Non-Clinical,13,Morning,Part-Time,3.2,Active
S01705,H004,D0080,Administrator,Non-Clinical,11,Evening,Full-Time,4.0,Active
S01706,H004,D0080,Administrator,Non-Clinical,10,Morning,Full-Time,4.0,Active
S01707,H004,D0080,Technician,Clinical Support,17,Evening,Full-Time,3.0,Active
S01708,H004,D0080,Maintenance Engineer,Non-Clinical,18,Night,Part-Time,3.5,Active
S01709,H004,D0080,Maintenance Engineer,Non-Clinical,10,Night,Part-Time,5.0,Active
S01710,H004,D0080,Doctor,Clinical,2,Evening,Part-Time,4.3,Active
S01711,H005,D0081,Doctor,Clinical,2,Night,Full-Time,3.9,Active
S01712,H005,D0081,Administrator,Non-Clinical,1,Evening,Part-Time,5.0,Active
S01713,H005,D0081,Maintenance Engineer,Non-Clinical,19,Night,Full-Time,3.7,Active
S01714,H005,D0081,Technician,Clinical Support,19,Night,Full-Time,4.4,Active
S01715,H005,D0081,Administrator,Non-Clinical,8,Morning,Part-Time,4.0,Active
S01716,H005,D0081,Nurse,Clinical,12,Evening,Full-Time,3.3,Active
S01717,H005,D0081,Pharmacist,Clinical Support,14,Morning,Full-Time,3.1,Active
S01718,H005,D0081,Nurse,Clinical,16,Morning,Part-Time,3.2,Active
S01719,H005,D0081,Procurement Officer,Non-Clinical,17,Evening,Part-Time,4.7,Active
S01720,H005,D0081,Administrator,Non-Clinical,16,Night,Part-Time,5.0,Active
S01721,H005,D0081,Procurement Officer,Non-Clinical,16,Night,Part-Time,4.6,Active
S01722,H005,D0081,Nurse,Clinical,17,Morning,Part-Time,4.4,Active
S01723,H005,D0081,Nurse,Clinical,17,Night,Full-Time,4.4,Active
S01724,H005,D0081,Pharmacist,Clinical Support,16,Morning,Full-Time,4.9,Active
S01725,H005,D0081,Technician,Clinical Support,4,Night,Part-Time,3.2,Active
S01726,H005,D0081,Technician,Clinical Support,19,Evening,Full-Time,4.0,Active
S01727,H005,D0081,Doctor,Clinical,12,Evening,Part-Time,3.6,Active
S01728,H005,D0081,Pharmacist,Clinical Support,1,Morning,Full-Time,4.6,Active
S01729,H005,D0081,Pharmacist,Clinical Support,2,Evening,Part-Time,3.4,Active
S01730,H005,D0081,Maintenance Engineer,Non-Clinical,16,Morning,Full-Time,4.1,Active
S01731,H005,D0081,Doctor,Clinical,2,Evening,Part-Time,4.1,Active
S01732,H005,D0081,Administrator,Non-Clinical,15,Evening,Part-Time,4.0,Active
S01733,H005,D0081,Procurement Officer,Non-Clinical,20,Morning,Full-Time,4.0,Active
S01734,H005,D0082,Maintenance Engineer,Non-Clinical,15,Night,Part-Time,3.3,Active
S01735,H005,D0082,Procurement Officer,Non-Clinical,11,Morning,Part-Time,3.8,Active
S01736,H005,D0082,Pharmacist,Clinical Support,11,Night,Full-Time,4.9,Active
S01737,H005,D0082,Pharmacist,Clinical Support,9,Night,Full-Time,4.7,Active
S01738,H005,D0082,Procurement Officer,Non-Clinical,1,Night,Part-Time,4.1,Active
S01739,H005,D0082,Doctor,Clinical,18,Morning,Full-Time,4.9,Active
S01740,H005,D0082,Administrator,Non-Clinical,19,Morning,Full-Time,4.5,Active
S01741,H005,D0082,Administrator,Non-Clinical,1,Morning,Full-Time,4.9,Active
S01742,H005,D0082,Technician,Clinical Support,7,Morning,Part-Time,3.2,Active
S01743,H005,D0082,Administrator,Non-Clinical,20,Evening,Part-Time,4.2,Active
S01744,H005,D0082,Pharmacist,Clinical Support,1,Evening,Part-Time,3.4,Active
S01745,H005,D0082,Doctor,Clinical,17,Evening,Part-Time,3.5,Active
S01746,H005,D0082,Doctor,Clinical,4,Night,Full-Time,3.6,Active
S01747,H005,D0082,Nurse,Clinical,9,Morning,Full-Time,3.6,Active
S01748,H005,D0082,Pharmacist,Clinical Support,6,Morning,Part-Time,3.4,Active
S01749,H005,D0082,Procurement Officer,Non-Clinical,2,Evening,Part-Time,3.2,Active
S01750,H005,D0082,Nurse,Clinical,14,Evening,Part-Time,3.8,Active
S01751,H005,D0082,Maintenance Engineer,Non-Clinical,4,Morning,Full-Time,3.5,Active
S01752,H005,D0082,Administrator,Non-Clinical,19,Morning,Part-Time,4.0,Active
S01753,H005,D0082,Administrator,Non-Clinical,13,Morning,Part-Time,3.1,Active
S01754,H005,D0082,Pharmacist,Clinical Support,18,Evening,Full-Time,4.0,Active
S01755,H005,D0082,Pharmacist,Clinical Support,8,Morning,Part-Time,4.1,Active
S01756,H005,D0082,Administrator,Non-Clinical,4,Morning,Full-Time,3.6,Active
S01757,H005,D0082,Pharmacist,Clinical Support,15,Morning,Full-Time,4.6,Active
S01758,H005,D0082,Nurse,Clinical,12,Night,Full-Time,4.6,Active
S01759,H005,D0082,Administrator,Non-Clinical,14,Night,Part-Time,3.1,Active
S01760,H005,D0083,Maintenance Engineer,Non-Clinical,20,Evening,Full-Time,3.0,Active
S01761,H005,D0083,Pharmacist,Clinical Support,9,Night,Part-Time,4.7,Active
S01762,H005,D0083,Pharmacist,Clinical Support,12,Night,Full-Time,4.2,Active
S01763,H005,D0083,Administrator,Non-Clinical,10,Morning,Full-Time,4.5,Active
S01764,H005,D0083,Administrator,Non-Clinical,3,Evening,Full-Time,3.8,Active
S01765,H005,D0083,Doctor,Clinical,5,Night,Part-Time,4.8,Active
S01766,H005,D0083,Nurse,Clinical,20,Night,Part-Time,4.8,Active
S01767,H005,D0083,Technician,Clinical Support,9,Night,Part-Time,3.5,Active
S01768,H005,D0083,Procurement Officer,Non-Clinical,11,Evening,Full-Time,3.9,Active
S01769,H005,D0083,Administrator,Non-Clinical,11,Morning,Full-Time,4.3,Active
S01770,H005,D0083,Doctor,Clinical,20,Evening,Full-Time,4.8,Active
S01771,H005,D0083,Procurement Officer,Non-Clinical,6,Evening,Part-Time,4.5,Active
S01772,H005,D0083,Administrator,Non-Clinical,3,Night,Full-Time,4.1,Active
S01773,H005,D0083,Maintenance Engineer,Non-Clinical,15,Night,Full-Time,3.7,Active
S01774,H005,D0083,Maintenance Engineer,Non-Clinical,13,Night,Part-Time,3.8,Active
S01775,H005,D0083,Maintenance Engineer,Non-Clinical,1,Morning,Part-Time,3.7,Active
S01776,H005,D0083,Nurse,Clinical,15,Morning,Full-Time,4.5,Active
S01777,H005,D0083,Maintenance Engineer,Non-Clinical,9,Night,Part-Time,3.4,Active
S01778,H005,D0083,Maintenance Engineer,Non-Clinical,20,Night,Part-Time,4.6,Active
S01779,H005,D0083,Nurse,Clinical,8,Evening,Part-Time,3.1,Active
S01780,H005,D0083,Pharmacist,Clinical Support,20,Morning,Full-Time,3.4,Active
S01781,H005,D0083,Maintenance Engineer,Non-Clinical,13,Morning,Part-Time,4.1,Active
S01782,H005,D0083,Pharmacist,Clinical Support,6,Night,Full-Time,4.3,Active
S01783,H005,D0083,Administrator,Non-Clinical,20,Night,Full-Time,3.1,Active
S01784,H005,D0083,Nurse,Clinical,3,Morning,Part-Time,4.9,Active
S01785,H005,D0083,Maintenance Engineer,Non-Clinical,8,Night,Part-Time,3.4,Active
S01786,H005,D0084,Procurement Officer,Non-Clinical,18,Night,Part-Time,4.4,Active
S01787,H005,D0084,Pharmacist,Clinical Support,1,Evening,Full-Time,4.7,Active
S01788,H005,D0084,Technician,Clinical Support,14,Evening,Part-Time,3.2,Active
S01789,H005,D0084,Administrator,Non-Clinical,15,Evening,Part-Time,4.0,Active
S01790,H005,D0084,Doctor,Clinical,8,Morning,Part-Time,4.8,Active
S01791,H005,D0084,Administrator,Non-Clinical,15,Evening,Full-Time,3.8,Active
S01792,H005,D0084,Technician,Clinical Support,3,Night,Full-Time,5.0,Active
S01793,H005,D0084,Nurse,Clinical,14,Morning,Full-Time,3.4,Active
S01794,H005,D0084,Technician,Clinical Support,10,Morning,Full-Time,3.1,Active
S01795,H005,D0084,Pharmacist,Clinical Support,1,Night,Part-Time,4.7,Active
S01796,H005,D0084,Nurse,Clinical,4,Evening,Full-Time,4.9,Active
S01797,H005,D0084,Maintenance Engineer,Non-Clinical,2,Evening,Full-Time,4.9,Active
S01798,H005,D0085,Maintenance Engineer,Non-Clinical,4,Night,Part-Time,4.2,Active
S01799,H005,D0085,Doctor,Clinical,2,Morning,Part-Time,3.6,Active
S01800,H005,D0085,Maintenance Engineer,Non-Clinical,3,Morning,Full-Time,4.8,Active
S01801,H005,D0085,Pharmacist,Clinical Support,2,Evening,Part-Time,3.1,Active
S01802,H005,D0085,Procurement Officer,Non-Clinical,2,Night,Full-Time,3.6,Active
S01803,H005,D0085,Pharmacist,Clinical Support,13,Morning,Part-Time,3.5,Active
S01804,H005,D0085,Administrator,Non-Clinical,20,Morning,Part-Time,3.8,Active
S01805,H005,D0085,Maintenance Engineer,Non-Clinical,14,Night,Full-Time,3.7,Active
S01806,H005,D0085,Procurement Officer,Non-Clinical,1,Evening,Part-Time,4.2,Active
S01807,H005,D0085,Doctor,Clinical,4,Morning,Full-Time,4.2,Active
S01808,H005,D0085,Maintenance Engineer,Non-Clinical,7,Night,Full-Time,4.3,Active
S01809,H005,D0085,Technician,Clinical Support,12,Evening,Part-Time,4.4,Active
S01810,H005,D0085,Pharmacist,Clinical Support,6,Morning,Full-Time,4.6,Active
S01811,H005,D0085,Doctor,Clinical,5,Evening,Part-Time,4.0,Active
S01812,H005,D0085,Procurement Officer,Non-Clinical,12,Evening,Full-Time,3.3,Active
S01813,H005,D0085,Technician,Clinical Support,20,Evening,Part-Time,3.7,Active
S01814,H005,D0085,Doctor,Clinical,17,Night,Full-Time,3.1,Active
S01815,H005,D0085,Administrator,Non-Clinical,18,Morning,Part-Time,3.7,Active
S01816,H005,D0085,Nurse,Clinical,7,Morning,Part-Time,3.4,Active
S01817,H005,D0085,Pharmacist,Clinical Support,15,Night,Part-Time,4.7,Active
S01818,H005,D0085,Administrator,Non-Clinical,11,Night,Part-Time,3.8,Active
S01819,H005,D0085,Nurse,Clinical,4,Evening,Full-Time,4.0,Active
S01820,H005,D0085,Doctor,Clinical,8,Night,Full-Time,3.9,Active
S01821,H005,D0085,Nurse,Clinical,8,Evening,Part-Time,4.6,Active
S01822,H005,D0085,Pharmacist,Clinical Support,7,Evening,Full-Time,4.7,Active
S01823,H005,D0085,Doctor,Clinical,12,Morning,Full-Time,3.7,Active
S01824,H005,D0086,Doctor,Clinical,5,Evening,Part-Time,3.4,Active
S01825,H005,D0086,Administrator,Non-Clinical,12,Morning,Full-Time,3.4,Active
S01826,H005,D0086,Technician,Clinical Support,6,Morning,Part-Time,4.4,Active
S01827,H005,D0086,Technician,Clinical Support,18,Morning,Full-Time,3.4,Active
S01828,H005,D0086,Nurse,Clinical,9,Morning,Full-Time,4.7,Active
S01829,H005,D0086,Nurse,Clinical,13,Night,Full-Time,3.7,Active
S01830,H005,D0086,Nurse,Clinical,10,Evening,Full-Time,3.7,Active
S01831,H005,D0086,Technician,Clinical Support,6,Night,Part-Time,4.8,Active
S01832,H005,D0086,Doctor,Clinical,4,Morning,Full-Time,4.6,Active
S01833,H005,D0086,Nurse,Clinical,18,Evening,Part-Time,3.6,Active
S01834,H005,D0086,Pharmacist,Clinical Support,8,Morning,Full-Time,4.7,Active
S01835,H005,D0086,Technician,Clinical Support,5,Evening,Full-Time,3.1,Active
S01836,H005,D0086,Maintenance Engineer,Non-Clinical,9,Morning,Part-Time,3.4,Active
S01837,H005,D0086,Doctor,Clinical,16,Night,Full-Time,3.3,Active
S01838,H005,D0086,Pharmacist,Clinical Support,17,Evening,Part-Time,4.0,Active
S01839,H005,D0086,Nurse,Clinical,11,Night,Part-Time,4.1,Active
S01840,H005,D0086,Pharmacist,Clinical Support,16,Evening,Part-Time,4.2,Active
S01841,H005,D0086,Procurement Officer,Non-Clinical,19,Night,Full-Time,3.4,Active
S01842,H005,D0086,Nurse,Clinical,15,Morning,Part-Time,3.4,Active
S01843,H005,D0086,Pharmacist,Clinical Support,13,Night,Full-Time,4.9,Active
S01844,H005,D0086,Technician,Clinical Support,9,Night,Full-Time,3.3,Active
S01845,H005,D0086,Doctor,Clinical,10,Evening,Part-Time,3.5,Active
S01846,H005,D0086,Doctor,Clinical,15,Night,Part-Time,3.9,Active
S01847,H005,D0086,Pharmacist,Clinical Support,14,Evening,Part-Time,4.6,Active
S01848,H005,D0086,Technician,Clinical Support,9,Evening,Full-Time,3.4,Active
S01849,H005,D0086,Nurse,Clinical,9,Night,Full-Time,3.7,Active
S01850,H005,D0086,Doctor,Clinical,10,Night,Full-Time,4.6,Active
S01851,H005,D0086,Nurse,Clinical,4,Morning,Full-Time,3.7,Active
S01852,H005,D0086,Administrator,Non-Clinical,7,Evening,Full-Time,4.4,Active
S01853,H005,D0087,Technician,Clinical Support,9,Morning,Full-Time,5.0,Active
S01854,H005,D0087,Maintenance Engineer,Non-Clinical,18,Evening,Full-Time,4.5,Active
S01855,H005,D0087,Technician,Clinical Support,12,Evening,Part-Time,4.6,Active
S01856,H005,D0087,Maintenance Engineer,Non-Clinical,1,Evening,Full-Time,4.7,Active
S01857,H005,D0087,Nurse,Clinical,8,Night,Full-Time,3.9,Active
S01858,H005,D0087,Administrator,Non-Clinical,19,Night,Part-Time,4.4,Active
S01859,H005,D0087,Pharmacist,Clinical Support,11,Morning,Part-Time,4.7,Active
S01860,H005,D0087,Pharmacist,Clinical Support,14,Morning,Part-Time,3.9,Active
S01861,H005,D0087,Administrator,Non-Clinical,1,Evening,Full-Time,4.2,Active
S01862,H005,D0087,Nurse,Clinical,10,Night,Full-Time,4.0,Active
S01863,H005,D0087,Procurement Officer,Non-Clinical,12,Evening,Full-Time,3.8,Active
S01864,H005,D0087,Procurement Officer,Non-Clinical,13,Night,Part-Time,3.7,Active
S01865,H005,D0087,Doctor,Clinical,19,Morning,Full-Time,3.3,Active
S01866,H005,D0087,Technician,Clinical Support,19,Night,Part-Time,5.0,Active
S01867,H005,D0087,Nurse,Clinical,13,Morning,Part-Time,3.4,Active
S01868,H005,D0087,Doctor,Clinical,11,Night,Part-Time,4.3,Active
S01869,H005,D0087,Technician,Clinical Support,3,Morning,Full-Time,4.3,Active
S01870,H005,D0087,Nurse,Clinical,2,Night,Part-Time,3.1,Active
S01871,H005,D0087,Nurse,Clinical,3,Evening,Part-Time,3.4,Active
S01872,H005,D0087,Technician,Clinical Support,17,Morning,Part-Time,3.1,Active
S01873,H005,D0088,Doctor,Clinical,6,Evening,Part-Time,3.8,Active
S01874,H005,D0088,Doctor,Clinical,5,Night,Part-Time,4.0,Active
S01875,H005,D0088,Doctor,Clinical,13,Morning,Full-Time,4.7,Active
S01876,H005,D0088,Technician,Clinical Support,14,Night,Part-Time,3.3,Active
S01877,H005,D0088,Administrator,Non-Clinical,10,Night,Full-Time,4.0,Active
S01878,H005,D0088,Procurement Officer,Non-Clinical,15,Evening,Full-Time,3.0,Active
S01879,H005,D0088,Nurse,Clinical,15,Morning,Part-Time,4.2,Active
S01880,H005,D0088,Nurse,Clinical,17,Evening,Part-Time,3.9,Active
S01881,H005,D0088,Administrator,Non-Clinical,2,Night,Full-Time,3.6,Active
S01882,H005,D0088,Pharmacist,Clinical Support,12,Night,Part-Time,3.8,Active
S01883,H005,D0088,Maintenance Engineer,Non-Clinical,6,Evening,Full-Time,3.4,Active
S01884,H005,D0088,Administrator,Non-Clinical,14,Evening,Part-Time,4.8,Active
S01885,H005,D0088,Nurse,Clinical,19,Morning,Part-Time,4.4,Active
S01886,H005,D0088,Doctor,Clinical,8,Morning,Part-Time,4.8,Active
S01887,H005,D0088,Administrator,Non-Clinical,10,Night,Full-Time,4.4,Active
S01888,H005,D0088,Procurement Officer,Non-Clinical,7,Evening,Part-Time,5.0,Active
S01889,H005,D0088,Administrator,Non-Clinical,4,Evening,Full-Time,4.5,Active
S01890,H005,D0088,Administrator,Non-Clinical,11,Evening,Part-Time,3.3,Active
S01891,H005,D0088,Nurse,Clinical,17,Morning,Part-Time,3.1,Active
S01892,H005,D0088,Procurement Officer,Non-Clinical,15,Evening,Part-Time,4.5,Active
S01893,H005,D0088,Maintenance Engineer,Non-Clinical,7,Evening,Full-Time,3.0,Active
S01894,H005,D0088,Doctor,Clinical,5,Evening,Part-Time,4.0,Active
S01895,H005,D0088,Doctor,Clinical,3,Night,Full-Time,4.4,Active
S01896,H005,D0088,Pharmacist,Clinical Support,5,Evening,Part-Time,4.7,Active
S01897,H005,D0088,Nurse,Clinical,1,Night,Full-Time,3.4,Active
S01898,H005,D0088,Doctor,Clinical,18,Night,Part-Time,3.3,Active
S01899,H005,D0088,Procurement Officer,Non-Clinical,1,Night,Part-Time,3.3,Active
S01900,H005,D0088,Technician,Clinical Support,6,Morning,Full-Time,4.8,Active
S01901,H005,D0089,Nurse,Clinical,15,Night,Full-Time,4.7,Active
S01902,H005,D0089,Maintenance Engineer,Non-Clinical,17,Night,Full-Time,3.8,Active
S01903,H005,D0089,Technician,Clinical Support,15,Morning,Full-Time,3.1,Active
S01904,H005,D0089,Pharmacist,Clinical Support,7,Morning,Part-Time,4.8,Active
S01905,H005,D0089,Nurse,Clinical,3,Morning,Part-Time,3.1,Active
S01906,H005,D0089,Doctor,Clinical,11,Morning,Full-Time,3.4,Active
S01907,H005,D0089,Doctor,Clinical,6,Night,Full-Time,3.1,Active
S01908,H005,D0089,Administrator,Non-Clinical,4,Evening,Part-Time,4.1,Active
S01909,H005,D0089,Nurse,Clinical,20,Morning,Part-Time,4.9,Active
S01910,H005,D0089,Doctor,Clinical,8,Morning,Full-Time,3.7,Active
S01911,H005,D0089,Nurse,Clinical,1,Evening,Part-Time,3.0,Active
S01912,H005,D0089,Nurse,Clinical,15,Morning,Full-Time,4.3,Active
S01913,H005,D0089,Technician,Clinical Support,20,Evening,Full-Time,3.1,Active
S01914,H005,D0089,Nurse,Clinical,14,Evening,Part-Time,5.0,Active
S01915,H005,D0089,Doctor,Clinical,18,Night,Full-Time,3.5,Active
S01916,H005,D0089,Doctor,Clinical,20,Evening,Part-Time,4.4,Active
S01917,H005,D0089,Maintenance Engineer,Non-Clinical,5,Evening,Full-Time,4.3,Active
S01918,H005,D0089,Procurement Officer,Non-Clinical,11,Night,Part-Time,3.1,Active
S01919,H005,D0089,Doctor,Clinical,20,Night,Part-Time,3.8,Active
S01920,H005,D0089,Procurement Officer,Non-Clinical,8,Night,Full-Time,3.5,Active
S01921,H005,D0089,Administrator,Non-Clinical,4,Evening,Full-Time,4.5,Active
S01922,H005,D0089,Maintenance Engineer,Non-Clinical,8,Night,Full-Time,3.1,Active
S01923,H005,D0089,Technician,Clinical Support,16,Evening,Full-Time,3.3,Active
S01924,H005,D0089,Nurse,Clinical,2,Morning,Part-Time,4.5,Active
S01925,H005,D0089,Technician,Clinical Support,5,Evening,Part-Time,4.3,Active
S01926,H005,D0089,Maintenance Engineer,Non-Clinical,2,Night,Part-Time,4.3,Active
S01927,H005,D0089,Technician,Clinical Support,1,Morning,Part-Time,3.7,Active
S01928,H005,D0089,Nurse,Clinical,18,Morning,Full-Time,4.6,Active
S01929,H005,D0089,Procurement Officer,Non-Clinical,8,Night,Part-Time,4.0,Active
S01930,H005,D0090,Pharmacist,Clinical Support,1,Morning,Part-Time,3.1,Active
S01931,H005,D0090,Nurse,Clinical,2,Night,Full-Time,4.9,Active
S01932,H005,D0090,Nurse,Clinical,3,Morning,Full-Time,3.5,Active
S01933,H005,D0090,Doctor,Clinical,14,Night,Part-Time,3.6,Active
S01934,H005,D0090,Procurement Officer,Non-Clinical,7,Morning,Part-Time,3.4,Active
S01935,H005,D0090,Nurse,Clinical,10,Evening,Part-Time,4.9,Active
S01936,H005,D0090,Nurse,Clinical,9,Evening,Full-Time,4.9,Active
S01937,H005,D0090,Technician,Clinical Support,13,Evening,Full-Time,3.9,Active
S01938,H005,D0090,Pharmacist,Clinical Support,17,Night,Part-Time,4.5,Active
S01939,H005,D0090,Maintenance Engineer,Non-Clinical,16,Morning,Part-Time,3.9,Active
S01940,H005,D0090,Doctor,Clinical,10,Night,Full-Time,4.1,Active
S01941,H005,D0090,Nurse,Clinical,9,Evening,Part-Time,3.6,Active
S01942,H005,D0090,Technician,Clinical Support,13,Night,Part-Time,3.1,Active
S01943,H005,D0090,Nurse,Clinical,16,Morning,Full-Time,4.8,Active
S01944,H005,D0090,Doctor,Clinical,1,Night,Part-Time,4.0,Active
S01945,H005,D0090,Pharmacist,Clinical Support,13,Night,Part-Time,3.8,Active
S01946,H005,D0090,Technician,Clinical Support,19,Morning,Part-Time,4.8,Active
S01947,H005,D0091,Pharmacist,Clinical Support,19,Morning,Full-Time,4.5,Active
S01948,H005,D0091,Technician,Clinical Support,12,Night,Part-Time,4.3,Active
S01949,H005,D0091,Technician,Clinical Support,2,Night,Part-Time,4.9,Active
S01950,H005,D0091,Procurement Officer,Non-Clinical,8,Morning,Part-Time,3.1,Active
S01951,H005,D0091,Maintenance Engineer,Non-Clinical,12,Night,Full-Time,4.4,Active
S01952,H005,D0091,Procurement Officer,Non-Clinical,5,Evening,Part-Time,4.9,Active
S01953,H005,D0091,Nurse,Clinical,9,Morning,Full-Time,3.0,Active
S01954,H005,D0091,Maintenance Engineer,Non-Clinical,3,Night,Part-Time,3.8,Active
S01955,H005,D0091,Administrator,Non-Clinical,3,Night,Full-Time,4.8,Active
S01956,H005,D0091,Nurse,Clinical,14,Evening,Part-Time,4.0,Active
S01957,H005,D0091,Administrator,Non-Clinical,13,Night,Part-Time,4.5,Active
S01958,H005,D0091,Maintenance Engineer,Non-Clinical,3,Morning,Part-Time,4.6,Active
S01959,H005,D0091,Technician,Clinical Support,7,Night,Part-Time,4.4,Active
S01960,H005,D0091,Doctor,Clinical,6,Evening,Full-Time,3.2,Active
S01961,H005,D0091,Maintenance Engineer,Non-Clinical,14,Night,Part-Time,4.3,Active
S01962,H005,D0092,Nurse,Clinical,6,Evening,Full-Time,4.4,Active
S01963,H005,D0092,Nurse,Clinical,16,Morning,Full-Time,3.9,Active
S01964,H005,D0092,Maintenance Engineer,Non-Clinical,7,Morning,Full-Time,3.1,Active
S01965,H005,D0092,Nurse,Clinical,7,Evening,Part-Time,3.9,Active
S01966,H005,D0092,Administrator,Non-Clinical,4,Night,Full-Time,3.2,Active
S01967,H005,D0092,Doctor,Clinical,13,Morning,Part-Time,3.1,Active
S01968,H005,D0092,Doctor,Clinical,19,Morning,Part-Time,4.0,Active
S01969,H005,D0092,Maintenance Engineer,Non-Clinical,4,Morning,Full-Time,3.5,Active
S01970,H005,D0092,Doctor,Clinical,19,Morning,Full-Time,3.4,Active
S01971,H005,D0092,Maintenance Engineer,Non-Clinical,1,Evening,Part-Time,4.9,Active
S01972,H005,D0092,Pharmacist,Clinical Support,11,Night,Part-Time,3.7,Active
S01973,H005,D0092,Procurement Officer,Non-Clinical,11,Evening,Full-Time,4.9,Active
S01974,H005,D0092,Procurement Officer,Non-Clinical,13,Evening,Full-Time,5.0,Active
S01975,H005,D0092,Maintenance Engineer,Non-Clinical,11,Morning,Full-Time,3.9,Active
S01976,H005,D0092,Procurement Officer,Non-Clinical,13,Night,Full-Time,3.1,Active
S01977,H005,D0092,Doctor,Clinical,17,Evening,Full-Time,3.7,Active
S01978,H005,D0092,Administrator,Non-Clinical,16,Night,Part-Time,4.3,Active
S01979,H005,D0092,Doctor,Clinical,11,Morning,Part-Time,4.7,Active
S01980,H005,D0092,Maintenance Engineer,Non-Clinical,11,Night,Part-Time,3.5,Active
S01981,H005,D0092,Pharmacist,Clinical Support,13,Night,Full-Time,3.7,Active
S01982,H005,D0092,Pharmacist,Clinical Support,4,Night,Part-Time,3.6,Active
S01983,H005,D0092,Nurse,Clinical,5,Night,Full-Time,3.3,Active
S01984,H005,D0092,Maintenance Engineer,Non-Clinical,3,Evening,Part-Time,3.3,Active
S01985,H005,D0092,Pharmacist,Clinical Support,4,Evening,Full-Time,3.5,Active
S01986,H005,D0092,Nurse,Clinical,3,Morning,Part-Time,5.0,Active
S01987,H005,D0093,Nurse,Clinical,11,Evening,Part-Time,3.4,Active
S01988,H005,D0093,Technician,Clinical Support,16,Night,Full-Time,4.3,Active
S01989,H005,D0093,Administrator,Non-Clinical,16,Morning,Part-Time,4.7,Active
S01990,H005,D0093,Administrator,Non-Clinical,20,Morning,Part-Time,3.8,Active
S01991,H005,D0093,Procurement Officer,Non-Clinical,13,Night,Part-Time,4.6,Active
S01992,H005,D0093,Nurse,Clinical,9,Morning,Part-Time,3.2,Active
S01993,H005,D0093,Doctor,Clinical,11,Night,Full-Time,4.5,Active
S01994,H005,D0093,Doctor,Clinical,19,Evening,Full-Time,4.7,Active
S01995,H005,D0093,Pharmacist,Clinical Support,19,Night,Full-Time,3.6,Active
S01996,H005,D0093,Administrator,Non-Clinical,18,Morning,Part-Time,5.0,Active
S01997,H005,D0093,Technician,Clinical Support,12,Night,Full-Time,4.0,Active
S01998,H005,D0093,Administrator,Non-Clinical,19,Morning,Full-Time,3.8,Active
S01999,H005,D0094,Maintenance Engineer,Non-Clinical,15,Evening,Full-Time,4.6,Active
S02000,H005,D0094,Technician,Clinical Support,8,Evening,Part-Time,3.3,Active
S02001,H005,D0094,Technician,Clinical Support,5,Night,Full-Time,4.2,Active
S02002,H005,D0094,Technician,Clinical Support,17,Night,Full-Time,3.5,Active
S02003,H005,D0094,Maintenance Engineer,Non-Clinical,19,Evening,Full-Time,4.0,Active
S02004,H005,D0094,Procurement Officer,Non-Clinical,13,Morning,Part-Time,3.3,Active
S02005,H005,D0094,Procurement Officer,Non-Clinical,7,Night,Full-Time,4.4,Active
S02006,H005,D0094,Doctor,Clinical,6,Evening,Part-Time,3.6,Active
S02007,H005,D0094,Maintenance Engineer,Non-Clinical,6,Morning,Part-Time,3.7,Active
S02008,H005,D0094,Procurement Officer,Non-Clinical,16,Evening,Part-Time,3.8,Active
S02009,H005,D0094,Administrator,Non-Clinical,10,Evening,Full-Time,4.4,Active
S02010,H005,D0094,Administrator,Non-Clinical,13,Morning,Full-Time,3.6,Active
S02011,H005,D0094,Maintenance Engineer,Non-Clinical,19,Morning,Part-Time,3.9,Active
S02012,H005,D0094,Nurse,Clinical,19,Morning,Part-Time,4.4,Active
S02013,H005,D0094,Technician,Clinical Support,5,Morning,Full-Time,4.6,Active
S02014,H005,D0094,Nurse,Clinical,1,Evening,Full-Time,4.4,Active
S02015,H005,D0094,Maintenance Engineer,Non-Clinical,5,Evening,Part-Time,4.4,Active
S02016,H005,D0094,Nurse,Clinical,2,Morning,Part-Time,4.9,Active
S02017,H005,D0094,Nurse,Clinical,2,Morning,Part-Time,4.2,Active
S02018,H005,D0094,Nurse,Clinical,13,Morning,Full-Time,3.2,Active
S02019,H005,D0094,Pharmacist,Clinical Support,16,Evening,Full-Time,4.3,Active
S02020,H005,D0094,Pharmacist,Clinical Support,3,Evening,Part-Time,3.6,Active
S02021,H005,D0094,Procurement Officer,Non-Clinical,15,Evening,Full-Time,3.2,Active
S02022,H005,D0094,Doctor,Clinical,4,Evening,Full-Time,3.0,Active
S02023,H005,D0094,Administrator,Non-Clinical,19,Evening,Part-Time,4.4,Active
S02024,H005,D0094,Doctor,Clinical,19,Morning,Part-Time,4.0,Active
S02025,H005,D0094,Procurement Officer,Non-Clinical,14,Evening,Full-Time,3.2,Active
S02026,H005,D0094,Doctor,Clinical,18,Morning,Part-Time,4.6,Active
S02027,H005,D0094,Doctor,Clinical,13,Night,Part-Time,3.1,Active
S02028,H005,D0095,Administrator,Non-Clinical,4,Morning,Full-Time,3.4,Active
S02029,H005,D0095,Administrator,Non-Clinical,6,Morning,Part-Time,4.6,Active
S02030,H005,D0095,Doctor,Clinical,2,Morning,Full-Time,4.3,Active
S02031,H005,D0095,Doctor,Clinical,18,Evening,Full-Time,3.2,Active
S02032,H005,D0095,Doctor,Clinical,17,Evening,Part-Time,4.9,Active
S02033,H005,D0095,Nurse,Clinical,14,Night,Full-Time,3.5,Active
S02034,H005,D0095,Doctor,Clinical,17,Evening,Part-Time,3.3,Active
S02035,H005,D0095,Pharmacist,Clinical Support,11,Night,Part-Time,4.2,Active
S02036,H005,D0095,Administrator,Non-Clinical,7,Night,Full-Time,4.3,Active
S02037,H005,D0095,Doctor,Clinical,8,Morning,Full-Time,3.3,Active
S02038,H005,D0095,Maintenance Engineer,Non-Clinical,7,Morning,Full-Time,4.2,Active
S02039,H005,D0095,Technician,Clinical Support,5,Night,Part-Time,3.1,Active
S02040,H005,D0095,Technician,Clinical Support,9,Evening,Full-Time,3.8,Active
S02041,H005,D0095,Doctor,Clinical,9,Night,Part-Time,4.9,Active
S02042,H005,D0095,Nurse,Clinical,18,Morning,Full-Time,4.3,Active
S02043,H005,D0095,Technician,Clinical Support,7,Night,Part-Time,4.1,Active
S02044,H005,D0095,Procurement Officer,Non-Clinical,17,Night,Full-Time,3.8,Active
S02045,H005,D0095,Nurse,Clinical,11,Evening,Part-Time,3.1,Active
S02046,H005,D0095,Administrator,Non-Clinical,8,Morning,Part-Time,3.2,Active
S02047,H005,D0095,Doctor,Clinical,18,Evening,Full-Time,3.7,Active
S02048,H005,D0095,Doctor,Clinical,12,Evening,Part-Time,3.3,Active
S02049,H005,D0095,Maintenance Engineer,Non-Clinical,8,Evening,Full-Time,3.2,Active
S02050,H005,D0095,Nurse,Clinical,13,Morning,Full-Time,3.4,Active
S02051,H005,D0095,Procurement Officer,Non-Clinical,10,Night,Part-Time,3.2,Active
S02052,H005,D0095,Technician,Clinical Support,19,Evening,Part-Time,4.2,Active
S02053,H005,D0095,Doctor,Clinical,6,Evening,Part-Time,3.4,Active
S02054,H005,D0095,Maintenance Engineer,Non-Clinical,18,Night,Part-Time,4.0,Active
S02055,H005,D0095,Nurse,Clinical,9,Morning,Full-Time,4.3,Active
S02056,H005,D0095,Nurse,Clinical,13,Night,Part-Time,3.1,Active
S02057,H005,D0095,Procurement Officer,Non-Clinical,12,Night,Full-Time,4.4,Active
S02058,H005,D0096,Procurement Officer,Non-Clinical,15,Morning,Part-Time,5.0,Active
S02059,H005,D0096,Maintenance Engineer,Non-Clinical,15,Night,Part-Time,3.6,Active
S02060,H005,D0096,Pharmacist,Clinical Support,17,Night,Full-Time,3.6,Active
S02061,H005,D0096,Maintenance Engineer,Non-Clinical,3,Evening,Part-Time,4.5,Active
S02062,H005,D0096,Maintenance Engineer,Non-Clinical,3,Night,Full-Time,3.2,Active
S02063,H005,D0096,Nurse,Clinical,3,Morning,Full-Time,3.2,Active
S02064,H005,D0096,Technician,Clinical Support,18,Evening,Full-Time,4.9,Active
S02065,H005,D0096,Pharmacist,Clinical Support,17,Night,Full-Time,4.0,Active
S02066,H005,D0096,Administrator,Non-Clinical,18,Night,Full-Time,3.8,Active
S02067,H005,D0096,Administrator,Non-Clinical,7,Night,Full-Time,4.4,Active
S02068,H005,D0096,Procurement Officer,Non-Clinical,18,Night,Part-Time,3.5,Active
S02069,H005,D0096,Procurement Officer,Non-Clinical,17,Night,Full-Time,4.2,Active
S02070,H005,D0096,Nurse,Clinical,17,Morning,Full-Time,3.2,Active
S02071,H005,D0096,Maintenance Engineer,Non-Clinical,5,Night,Part-Time,4.9,Active
S02072,H005,D0096,Pharmacist,Clinical Support,16,Evening,Full-Time,3.7,Active
S02073,H005,D0096,Doctor,Clinical,11,Night,Full-Time,4.7,Active
S02074,H005,D0096,Maintenance Engineer,Non-Clinical,4,Evening,Part-Time,4.0,Active
S02075,H005,D0096,Technician,Clinical Support,7,Morning,Part-Time,3.4,Active
S02076,H005,D0096,Technician,Clinical Support,17,Morning,Part-Time,4.8,Active
S02077,H005,D0096,Maintenance Engineer,Non-Clinical,16,Morning,Part-Time,3.0,Active
S02078,H005,D0096,Pharmacist,Clinical Support,11,Evening,Part-Time,3.2,Active
S02079,H005,D0096,Technician,Clinical Support,6,Evening,Part-Time,3.0,Active
S02080,H005,D0096,Pharmacist,Clinical Support,16,Morning,Full-Time,4.1,Active
S02081,H005,D0096,Nurse,Clinical,14,Morning,Part-Time,3.0,Active
S02082,H005,D0096,Maintenance Engineer,Non-Clinical,9,Morning,Part-Time,3.8,Active
S02083,H005,D0097,Technician,Clinical Support,14,Morning,Part-Time,3.2,Active
S02084,H005,D0097,Pharmacist,Clinical Support,15,Morning,Full-Time,3.7,Active
S02085,H005,D0097,Pharmacist,Clinical Support,1,Evening,Full-Time,3.2,Active
S02086,H005,D0097,Technician,Clinical Support,2,Morning,Part-Time,3.8,Active
S02087,H005,D0097,Technician,Clinical Support,2,Morning,Full-Time,4.9,Active
S02088,H005,D0097,Procurement Officer,Non-Clinical,9,Morning,Part-Time,4.0,Active
S02089,H005,D0097,Pharmacist,Clinical Support,5,Evening,Part-Time,4.0,Active
S02090,H005,D0097,Procurement Officer,Non-Clinical,13,Morning,Full-Time,4.9,Active
S02091,H005,D0097,Maintenance Engineer,Non-Clinical,1,Morning,Full-Time,3.7,Active
S02092,H005,D0097,Doctor,Clinical,8,Morning,Part-Time,3.9,Active
S02093,H005,D0097,Administrator,Non-Clinical,1,Evening,Part-Time,3.6,Active
S02094,H005,D0097,Pharmacist,Clinical Support,3,Evening,Full-Time,4.2,Active
S02095,H005,D0097,Procurement Officer,Non-Clinical,17,Morning,Full-Time,3.6,Active
S02096,H005,D0097,Doctor,Clinical,9,Night,Full-Time,4.3,Active
S02097,H005,D0097,Pharmacist,Clinical Support,7,Evening,Full-Time,4.4,Active
S02098,H005,D0097,Administrator,Non-Clinical,20,Morning,Full-Time,5.0,Active
S02099,H005,D0097,Administrator,Non-Clinical,5,Morning,Full-Time,3.3,Active
S02100,H005,D0097,Doctor,Clinical,9,Morning,Full-Time,3.9,Active
S02101,H005,D0097,Administrator,Non-Clinical,7,Morning,Full-Time,3.8,Active
S02102,H005,D0097,Administrator,Non-Clinical,10,Night,Full-Time,3.4,Active
S02103,H005,D0097,Pharmacist,Clinical Support,16,Morning,Part-Time,4.3,Active
S02104,H005,D0098,Doctor,Clinical,9,Evening,Part-Time,4.9,Active
S02105,H005,D0098,Procurement Officer,Non-Clinical,14,Morning,Part-Time,4.8,Active
S02106,H005,D0098,Nurse,Clinical,2,Morning,Full-Time,4.3,Active
S02107,H005,D0098,Technician,Clinical Support,7,Evening,Part-Time,3.6,Active
S02108,H005,D0098,Administrator,Non-Clinical,4,Evening,Full-Time,3.5,Active
S02109,H005,D0098,Pharmacist,Clinical Support,12,Evening,Part-Time,3.2,Active
S02110,H005,D0098,Procurement Officer,Non-Clinical,1,Night,Full-Time,3.7,Active
S02111,H005,D0098,Procurement Officer,Non-Clinical,12,Night,Part-Time,3.5,Active
S02112,H005,D0098,Technician,Clinical Support,7,Night,Part-Time,3.2,Active
S02113,H005,D0098,Doctor,Clinical,5,Night,Full-Time,3.1,Active
S02114,H005,D0098,Procurement Officer,Non-Clinical,7,Morning,Part-Time,4.9,Active
S02115,H005,D0098,Doctor,Clinical,18,Night,Part-Time,3.6,Active
S02116,H005,D0098,Pharmacist,Clinical Support,7,Night,Full-Time,3.1,Active
S02117,H005,D0098,Nurse,Clinical,14,Night,Part-Time,4.8,Active
S02118,H005,D0098,Maintenance Engineer,Non-Clinical,18,Evening,Part-Time,3.9,Active
S02119,H005,D0098,Procurement Officer,Non-Clinical,4,Evening,Full-Time,4.0,Active
S02120,H005,D0098,Administrator,Non-Clinical,17,Morning,Full-Time,4.2,Active
S02121,H005,D0098,Procurement Officer,Non-Clinical,5,Evening,Full-Time,4.9,Active
S02122,H005,D0098,Doctor,Clinical,7,Night,Part-Time,4.0,Active
S02123,H005,D0098,Administrator,Non-Clinical,17,Morning,Full-Time,3.9,Active
S02124,H005,D0098,Administrator,Non-Clinical,13,Night,Part-Time,3.8,Active
S02125,H005,D0099,Nurse,Clinical,6,Morning,Full-Time,4.1,Active
S02126,H005,D0099,Administrator,Non-Clinical,1,Night,Part-Time,4.0,Active
S02127,H005,D0099,Procurement Officer,Non-Clinical,17,Evening,Part-Time,4.7,Active
S02128,H005,D0099,Technician,Clinical Support,9,Night,Full-Time,3.3,Active
S02129,H005,D0099,Doctor,Clinical,18,Morning,Part-Time,3.1,Active
S02130,H005,D0099,Nurse,Clinical,9,Morning,Part-Time,4.7,Active
S02131,H005,D0099,Doctor,Clinical,8,Morning,Full-Time,3.0,Active
S02132,H005,D0099,Technician,Clinical Support,20,Evening,Part-Time,3.2,Active
S02133,H005,D0099,Procurement Officer,Non-Clinical,18,Evening,Full-Time,3.8,Active
S02134,H005,D0099,Administrator,Non-Clinical,10,Evening,Full-Time,4.3,Active
S02135,H005,D0099,Doctor,Clinical,12,Morning,Part-Time,3.4,Active
S02136,H005,D0099,Doctor,Clinical,18,Night,Full-Time,4.4,Active
S02137,H005,D0099,Procurement Officer,Non-Clinical,13,Night,Part-Time,4.7,Active
S02138,H005,D0099,Procurement Officer,Non-Clinical,20,Night,Full-Time,4.6,Active
S02139,H005,D0099,Nurse,Clinical,11,Evening,Full-Time,4.2,Active
S02140,H005,D0099,Maintenance Engineer,Non-Clinical,13,Morning,Part-Time,3.5,Active
S02141,H005,D0099,Procurement Officer,Non-Clinical,14,Evening,Full-Time,4.8,Active
S02142,H005,D0099,Doctor,Clinical,16,Morning,Part-Time,3.4,Active
S02143,H005,D0099,Maintenance Engineer,Non-Clinical,6,Morning,Part-Time,4.9,Active
S02144,H005,D0099,Nurse,Clinical,10,Morning,Part-Time,3.3,Active
S02145,H005,D0100,Maintenance Engineer,Non-Clinical,13,Night,Full-Time,3.1,Active
S02146,H005,D0100,Doctor,Clinical,14,Morning,Part-Time,4.8,Active
S02147,H005,D0100,Pharmacist,Clinical Support,4,Night,Full-Time,4.5,Active
S02148,H005,D0100,Maintenance Engineer,Non-Clinical,1,Night,Full-Time,3.8,Active
S02149,H005,D0100,Doctor,Clinical,4,Morning,Full-Time,3.3,Active
S02150,H005,D0100,Maintenance Engineer,Non-Clinical,3,Evening,Full-Time,4.9,Active
S02151,H005,D0100,Administrator,Non-Clinical,1,Morning,Full-Time,4.1,Active
S02152,H005,D0100,Maintenance Engineer,Non-Clinical,11,Night,Full-Time,3.4,Active
S02153,H005,D0100,Pharmacist,Clinical Support,19,Evening,Full-Time,3.6,Active
S02154,H005,D0100,Pharmacist,Clinical Support,5,Morning,Full-Time,4.1,Active
S02155,H005,D0100,Technician,Clinical Support,18,Morning,Full-Time,4.6,Active
S02156,H005,D0100,Doctor,Clinical,18,Evening,Full-Time,4.0,Active
S02157,H005,D0100,Maintenance Engineer,Non-Clinical,14,Morning,Full-Time,4.8,Active
S02158,H005,D0100,Doctor,Clinical,8,Evening,Part-Time,3.3,Active
S02159,H005,D0100,Procurement Officer,Non-Clinical,10,Morning,Part-Time,4.4,Active
S02160,H005,D0100,Procurement Officer,Non-Clinical,4,Evening,Full-Time,5.0,Active
S02161,H005,D0100,Nurse,Clinical,4,Evening,Part-Time,3.2,Active
