Financial_ID,PO_ID,Vendor_ID,Hospital_ID,Department_ID,Cost_Center,Invoice_Number,Invoice_Date,Payment_Due_Date,Payment_Date,Transaction_Date,Expense_Category,Expense_Type,Budget_Amount,Actual_Amount,Variance,Variance_Percentage,Payment_Method,Payment_Status,Fiscal_Year,Fiscal_Quarter,Budget_Status
FIN000001,PO000001,V003,H004,D0070,CC1010,INV-2023-000001,2023-08-20,2023-09-19,,2023-08-20,Equipment,OPEX,16040.83,15605.66,-435.17,-2.71,ACH,Pending,FY2023,Q3,Within Budget
FIN000002,PO000002,V008,H003,D0059,CC1019,INV-2025-000002,2025-06-03,2025-08-02,2025-08-02,2025-06-03,Medical Supplies,OPEX,22336961.82,21328258.01,-1008703.81,-4.52,ACH,Paid,FY2025,Q2,Within Budget
FIN000003,PO000003,V010,H003,D0052,CC1012,INV-2025-000003,2025-05-24,2025-07-08,2025-07-03,2025-05-24,Administration,CAPEX,1870.94,1976.63,105.69,5.65,ACH,Paid,FY2025,Q2,Over Budget
FIN000004,PO000004,V003,H003,D0049,CC1009,INV-2025-000004,2025-05-25,2025-06-24,2025-06-29,2025-05-23,Equipment,CAPEX,8488.63,8575.74,87.11,1.03,Wire Transfer,Overdue,FY2025,Q2,Over Budget
FIN000005,PO000005,V010,H002,D0039,CC1019,INV-2023-000005,2023-07-28,2023-09-11,2023-09-16,2023-07-27,Medical Supplies,OPEX,2628.81,2751.03,122.22,4.65,Cheque,Partially Paid,FY2023,Q3,Over Budget
FIN000006,PO000006,V001,H005,D0086,CC1006,INV-2025-000006,2025-08-06,2025-09-05,2025-09-05,2025-08-04,Laboratory,OPEX,112973.59,122885.1,9911.51,8.77,Cheque,Paid,FY2025,Q3,Over Budget
FIN000007,PO000007,V011,H004,D0071,CC1011,INV-2023-000007,2023-06-07,2023-08-06,2023-08-30,2023-06-05,Pharmacy,OPEX,19251.14,21022.03,1770.89,9.2,Bank Transfer,Overdue,FY2023,Q2,Over Budget
FIN000008,PO000008,V010,H003,D0055,CC1015,INV-2025-000008,2025-03-06,2025-04-20,,2025-03-05,Medical Supplies,OPEX,15309.75,16839.35,1529.6,9.99,Bank Transfer,Pending,FY2025,Q1,Over Budget
FIN000009,PO000009,V010,H003,D0053,CC1013,INV-2025-000009,2025-01-15,2025-03-01,2025-02-27,2025-01-12,Equipment,CAPEX,3023.03,3097.29,74.26,2.46,Wire Transfer,Paid,FY2025,Q1,Over Budget
FIN000010,PO000010,V012,H005,D0084,CC1004,INV-2026-000010,2026-01-17,2026-03-18,,2026-01-15,Medical Supplies,OPEX,15793.85,16768.05,974.2,6.17,UPI,Pending,FY2026,Q1,Over Budget
FIN000011,PO000011,V004,H004,D0080,CC1020,INV-2023-000011,2023-05-03,2023-06-17,2023-06-15,2023-05-02,Administration,OPEX,10610.75,10145.81,-464.94,-4.38,Wire Transfer,Paid,FY2023,Q2,Within Budget
FIN000012,PO000012,V008,H003,D0060,CC1020,INV-2024-000012,2024-10-29,2024-12-28,2024-12-28,2024-10-29,Pharmacy,CAPEX,5453287.92,5103349.3,-349938.62,-6.42,Wire Transfer,Paid,FY2024,Q4,Within Budget
FIN000013,PO000013,V002,H001,D0017,CC1017,INV-2024-000013,2024-07-08,2024-08-22,2024-08-19,2024-07-06,Laboratory,CAPEX,285338.45,312447.07,27108.62,9.5,ACH,Paid,FY2024,Q3,Over Budget
FIN000014,PO000014,V001,H003,D0058,CC1018,INV-2025-000014,2025-04-08,2025-05-08,,2025-04-07,Administration,CAPEX,40809.05,42822.75,2013.7,4.93,UPI,Pending,FY2025,Q2,Over Budget
FIN000015,PO000015,V006,H005,D0091,CC1011,INV-2023-000015,2023-09-03,2023-11-02,2023-11-01,2023-08-31,Administration,CAPEX,24767786.34,25127441.3,359654.96,1.45,Bank Transfer,Paid,FY2023,Q3,Over Budget
FIN000016,PO000016,V008,H003,D0051,CC1011,INV-2025-000016,2025-03-19,2025-05-18,2025-05-17,2025-03-19,Laboratory,OPEX,8873763.43,8441905.66,-431857.77,-4.87,Cheque,Paid,FY2025,Q1,Within Budget
FIN000017,PO000017,V012,H001,D0014,CC1014,INV-2024-000017,2024-07-22,2024-09-20,2024-09-16,2024-07-19,Medical Supplies,OPEX,17370.55,17791.79,421.24,2.43,UPI,Paid,FY2024,Q3,Over Budget
FIN000018,PO000018,V007,H002,D0022,CC1002,INV-2024-000018,2024-07-20,2024-09-18,2024-09-15,2024-07-18,Equipment,CAPEX,28726512.35,27354009.6,-1372502.75,-4.78,Bank Transfer,Paid,FY2024,Q3,Within Budget
FIN000019,PO000019,V012,H003,D0056,CC1016,INV-2025-000019,2025-02-22,2025-04-23,2025-04-25,2025-02-20,Administration,OPEX,31731.59,29091.18,-2640.41,-8.32,Wire Transfer,Partially Paid,FY2025,Q1,Within Budget
FIN000020,PO000020,V010,H001,D0016,CC1016,INV-2025-000020,2025-01-30,2025-03-16,2025-03-15,2025-01-29,Administration,OPEX,3895.36,3646.2,-249.16,-6.4,UPI,Paid,FY2025,Q1,Within Budget
FIN000021,PO000021,V002,H005,D0094,CC1014,INV-2025-000021,2025-10-01,2025-11-15,2025-11-13,2025-10-01,Pharmacy,OPEX,120245.3,124628.33,4383.03,3.65,Bank Transfer,Paid,FY2025,Q4,Over Budget
FIN000022,PO000022,V006,H005,D0095,CC1015,INV-2026-000022,2026-01-07,2026-03-08,2026-03-05,2026-01-07,Medical Supplies,OPEX,13812635.7,14567612.13,754976.43,5.47,ACH,Paid,FY2026,Q1,Over Budget
FIN000023,PO000023,V001,H004,D0066,CC1006,INV-2025-000023,2025-04-08,2025-05-08,2025-05-04,2025-04-07,Laboratory,OPEX,119911.48,116198.91,-3712.57,-3.1,UPI,Paid,FY2025,Q2,Within Budget
FIN000024,PO000024,V011,H003,D0045,CC1005,INV-2023-000024,2023-05-31,2023-07-30,,2023-05-30,Laboratory,CAPEX,35212.15,33501.78,-1710.37,-4.86,Cheque,Pending,FY2023,Q2,Within Budget
FIN000025,PO000025,V006,H001,D0018,CC1018,INV-2023-000025,2023-06-14,2023-08-13,2023-08-12,2023-06-11,Medical Supplies,CAPEX,3518415.01,3258024.51,-260390.5,-7.4,Bank Transfer,Paid,FY2023,Q2,Within Budget
FIN000026,PO000026,V011,H001,D0009,CC1009,INV-2025-000026,2025-12-05,2026-02-03,2026-02-03,2025-12-04,Medical Supplies,OPEX,28390.37,27897.65,-492.72,-1.74,ACH,Paid,FY2025,Q4,Within Budget
FIN000027,PO000027,V010,H004,D0065,CC1005,INV-2024-000027,2024-05-31,2024-07-15,2024-07-22,2024-05-31,Administration,OPEX,5766.64,6312.83,546.19,9.47,Wire Transfer,Overdue,FY2024,Q2,Over Budget
FIN000028,PO000028,V003,H005,D0085,CC1005,INV-2025-000028,2025-05-27,2025-06-26,2025-06-21,2025-05-26,Administration,CAPEX,18247.28,17650.76,-596.52,-3.27,ACH,Paid,FY2025,Q2,Within Budget
FIN000029,PO000029,V002,H005,D0088,CC1008,INV-2025-000029,2025-04-20,2025-06-04,2025-06-04,2025-04-17,Laboratory,CAPEX,34847.73,32970.9,-1876.83,-5.39,Cheque,Paid,FY2025,Q2,Within Budget
FIN000030,PO000030,V011,H004,D0071,CC1011,INV-2025-000030,2025-05-29,2025-07-28,,2025-05-29,Medical Supplies,OPEX,7934.67,8078.3,143.63,1.81,Cheque,Pending,FY2025,Q2,Over Budget
FIN000031,PO000031,V009,H003,D0055,CC1015,INV-2023-000031,2023-07-30,2023-09-13,2023-09-12,2023-07-30,Administration,CAPEX,115773.61,110720.05,-5053.56,-4.37,ACH,Paid,FY2023,Q3,Within Budget
FIN000032,PO000032,V010,H003,D0049,CC1009,INV-2025-000032,2025-05-03,2025-06-17,2025-06-17,2025-05-01,Laboratory,OPEX,7404.86,7522.39,117.53,1.59,Bank Transfer,Paid,FY2025,Q2,Over Budget
FIN000033,PO000033,V002,H001,D0004,CC1004,INV-2025-000033,2025-02-23,2025-04-09,2025-04-12,2025-02-23,Equipment,CAPEX,276836.8,268661.7,-8175.1,-2.95,Cheque,Partially Paid,FY2025,Q1,Within Budget
FIN000034,PO000034,V008,H005,D0096,CC1016,INV-2025-000034,2025-06-15,2025-08-14,2025-08-16,2025-06-12,Laboratory,OPEX,17207881.21,17272277.73,64396.52,0.37,Cheque,Partially Paid,FY2025,Q2,Over Budget
FIN000035,PO000035,V012,H003,D0043,CC1003,INV-2024-000035,2024-10-21,2024-12-20,2024-12-15,2024-10-18,Administration,CAPEX,8126.95,8527.39,400.44,4.93,ACH,Paid,FY2024,Q4,Over Budget
FIN000036,PO000036,V002,H002,D0035,CC1015,INV-2025-000036,2025-11-16,2025-12-31,2026-01-09,2025-11-15,Administration,OPEX,93171.49,99332.11,6160.62,6.61,Wire Transfer,Partially Paid,FY2025,Q4,Over Budget
FIN000037,PO000037,V002,H005,D0088,CC1008,INV-2023-000037,2023-09-17,2023-11-01,2023-10-28,2023-09-14,Equipment,OPEX,71085.49,77993.1,6907.61,9.72,UPI,Paid,FY2023,Q3,Over Budget
FIN000038,PO000038,V004,H002,D0025,CC1005,INV-2024-000038,2024-03-04,2024-04-18,2024-04-18,2024-03-03,Equipment,CAPEX,3418.56,3731.96,313.4,9.17,Bank Transfer,Paid,FY2024,Q1,Over Budget
FIN000039,PO000039,V007,H005,D0082,CC1002,INV-2024-000039,2024-11-03,2025-01-02,2025-01-02,2024-11-02,Administration,OPEX,33091901.31,30406429.05,-2685472.26,-8.12,Cheque,Paid,FY2024,Q4,Within Budget
FIN000040,PO000040,V007,H005,D0090,CC1010,INV-2024-000040,2024-04-10,2024-06-09,2024-06-12,2024-04-08,Pharmacy,OPEX,1374750.36,1332800.94,-41949.42,-3.05,Wire Transfer,Partially Paid,FY2024,Q2,Within Budget
FIN000041,PO000041,V007,H002,D0026,CC1006,INV-2024-000041,2024-09-02,2024-11-01,2024-11-01,2024-08-31,Medical Supplies,CAPEX,24400827.79,24920236.05,519408.26,2.13,UPI,Paid,FY2024,Q3,Over Budget
FIN000042,PO000042,V007,H005,D0081,CC1001,INV-2023-000042,2023-08-26,2023-10-25,2023-10-24,2023-08-26,Administration,CAPEX,17163137.56,15607238.13,-1555899.43,-9.07,ACH,Paid,FY2023,Q3,Within Budget
FIN000043,PO000043,V008,H004,D0067,CC1007,INV-2024-000043,2024-08-23,2024-10-22,2024-11-07,2024-08-23,Pharmacy,OPEX,30272688.55,27858681.54,-2414007.01,-7.97,Cheque,Overdue,FY2024,Q3,Within Budget
FIN000044,PO000044,V010,H003,D0055,CC1015,INV-2024-000044,2024-06-12,2024-07-27,2024-07-22,2024-06-10,Administration,OPEX,2360.02,2212.35,-147.67,-6.26,UPI,Paid,FY2024,Q2,Within Budget
FIN000045,PO000045,V009,H002,D0035,CC1015,INV-2023-000045,2023-01-23,2023-03-09,2023-03-11,2023-01-23,Pharmacy,OPEX,51781.26,53945.79,2164.53,4.18,Bank Transfer,Partially Paid,FY2023,Q1,Over Budget
FIN000046,PO000046,V001,H002,D0032,CC1012,INV-2025-000046,2025-05-31,2025-06-30,2025-06-26,2025-05-30,Equipment,CAPEX,117752.52,112307.48,-5445.04,-4.62,ACH,Paid,FY2025,Q2,Within Budget
FIN000047,PO000047,V010,H004,D0067,CC1007,INV-2025-000047,2025-02-11,2025-03-28,2025-03-26,2025-02-09,Medical Supplies,OPEX,2811.13,2709.52,-101.61,-3.61,Cheque,Paid,FY2025,Q1,Within Budget
FIN000048,PO000048,V006,H002,D0024,CC1004,INV-2025-000048,2025-01-21,2025-03-22,2025-03-21,2025-01-21,Pharmacy,OPEX,1515491.63,1421835.85,-93655.78,-6.18,Cheque,Paid,FY2025,Q1,Within Budget
FIN000049,PO000049,V012,H002,D0027,CC1007,INV-2024-000049,2024-05-18,2024-07-17,2024-07-17,2024-05-15,Medical Supplies,OPEX,22787.88,22554.75,-233.13,-1.02,UPI,Paid,FY2024,Q2,Within Budget
FIN000050,PO000050,V002,H001,D0010,CC1010,INV-2024-000050,2024-06-06,2024-07-21,2024-07-20,2024-06-04,Laboratory,OPEX,162718.23,179362.02,16643.79,10.23,Bank Transfer,Paid,FY2024,Q2,Over Budget
FIN000051,PO000051,V006,H004,D0078,CC1018,INV-2024-000051,2024-04-19,2024-06-18,2024-06-29,2024-04-19,Equipment,OPEX,9714644.83,10102041.24,387396.41,3.99,Wire Transfer,Overdue,FY2024,Q2,Over Budget
FIN000052,PO000052,V001,H001,D0016,CC1016,INV-2023-000052,2023-03-01,2023-03-31,2023-04-02,2023-02-26,Equipment,OPEX,143683.95,136061.35,-7622.6,-5.31,ACH,Partially Paid,FY2023,Q1,Within Budget
FIN000053,PO000053,V006,H005,D0094,CC1014,INV-2025-000053,2025-01-11,2025-03-12,2025-03-10,2025-01-11,Laboratory,OPEX,22871240.38,21250205.81,-1621034.57,-7.09,Wire Transfer,Paid,FY2025,Q1,Within Budget
FIN000054,PO000054,V005,H005,D0081,CC1001,INV-2024-000054,2024-07-16,2024-09-14,2024-09-14,2024-07-16,Laboratory,OPEX,1650019.03,1770711.49,120692.46,7.31,ACH,Paid,FY2024,Q3,Over Budget
FIN000055,PO000055,V012,H003,D0060,CC1020,INV-2025-000055,2025-12-01,2026-01-30,2026-01-29,2025-11-28,Equipment,OPEX,15144.85,14243.02,-901.83,-5.95,ACH,Paid,FY2025,Q4,Within Budget
FIN000056,PO000056,V005,H003,D0047,CC1007,INV-2023-000056,2023-01-28,2023-03-29,2023-04-11,2023-01-26,Pharmacy,CAPEX,30642044.92,31277184.59,635139.67,2.07,UPI,Overdue,FY2023,Q1,Over Budget
FIN000057,PO000057,V007,H002,D0023,CC1003,INV-2023-000057,2023-10-10,2023-12-09,2023-12-07,2023-10-10,Equipment,CAPEX,601843.95,622878.58,21034.63,3.5,Bank Transfer,Paid,FY2023,Q4,Over Budget
FIN000058,PO000058,V004,H004,D0067,CC1007,INV-2023-000058,2023-09-28,2023-11-12,2023-11-10,2023-09-25,Laboratory,OPEX,15454.26,16767.48,1313.22,8.5,Cheque,Paid,FY2023,Q3,Over Budget
FIN000059,PO000059,V012,H002,D0024,CC1004,INV-2025-000059,2025-04-26,2025-06-25,2025-06-20,2025-04-25,Laboratory,OPEX,22767.48,21082.93,-1684.55,-7.4,UPI,Paid,FY2025,Q2,Within Budget
FIN000060,PO000060,V001,H002,D0021,CC1001,INV-2025-000060,2025-07-06,2025-08-05,2025-08-05,2025-07-05,Pharmacy,CAPEX,41876.97,38592.19,-3284.78,-7.84,Bank Transfer,Paid,FY2025,Q3,Within Budget
FIN000061,PO000061,V012,H001,D0004,CC1004,INV-2024-000061,2024-08-25,2024-10-24,2024-10-19,2024-08-23,Laboratory,CAPEX,24190.86,23172.41,-1018.45,-4.21,Cheque,Paid,FY2024,Q3,Within Budget
FIN000062,PO000062,V011,H002,D0032,CC1012,INV-2023-000062,2023-11-12,2024-01-11,2024-01-06,2023-11-11,Laboratory,OPEX,14193.68,13655.1,-538.58,-3.79,UPI,Paid,FY2023,Q4,Within Budget
FIN000063,PO000063,V011,H002,D0040,CC1020,INV-2025-000063,2025-05-17,2025-07-16,2025-07-16,2025-05-14,Pharmacy,CAPEX,18681.61,18426.93,-254.68,-1.36,ACH,Paid,FY2025,Q2,Within Budget
FIN000064,PO000064,V004,H001,D0007,CC1007,INV-2023-000064,2023-08-19,2023-10-03,2023-09-30,2023-08-17,Equipment,CAPEX,10268.35,10414.38,146.03,1.42,ACH,Paid,FY2023,Q3,Over Budget
FIN000065,PO000065,V011,H003,D0046,CC1006,INV-2024-000065,2024-06-10,2024-08-09,2024-08-04,2024-06-08,Administration,CAPEX,17834.23,17285.08,-549.15,-3.08,Bank Transfer,Paid,FY2024,Q2,Within Budget
FIN000066,PO000066,V009,H003,D0056,CC1016,INV-2025-000066,2025-11-16,2025-12-31,,2025-11-15,Equipment,OPEX,91487.57,86010.05,-5477.52,-5.99,ACH,Pending,FY2025,Q4,Within Budget
FIN000067,PO000067,V011,H005,D0091,CC1011,INV-2024-000067,2024-07-01,2024-08-30,2024-09-08,2024-06-30,Medical Supplies,CAPEX,20981.87,23187.33,2205.46,10.51,Cheque,Partially Paid,FY2024,Q2,Over Budget
FIN000068,PO000068,V010,H005,D0085,CC1005,INV-2025-000068,2025-07-03,2025-08-17,,2025-07-02,Laboratory,CAPEX,2044.56,1897.98,-146.58,-7.17,Cheque,Pending,FY2025,Q3,Within Budget
FIN000069,PO000069,V007,H003,D0053,CC1013,INV-2023-000069,2023-11-05,2024-01-04,2024-01-12,2023-11-05,Laboratory,OPEX,33098624.64,34884836.85,1786212.21,5.4,ACH,Overdue,FY2023,Q4,Over Budget
FIN000070,PO000070,V006,H002,D0030,CC1010,INV-2025-000070,2025-05-24,2025-07-23,2025-07-22,2025-05-21,Medical Supplies,CAPEX,15644906.42,14747909.49,-896996.93,-5.73,ACH,Paid,FY2025,Q2,Within Budget
FIN000071,PO000071,V004,H001,D0020,CC1020,INV-2025-000071,2025-05-22,2025-07-06,2025-07-13,2025-05-20,Administration,CAPEX,13405.64,12643.45,-762.19,-5.69,UPI,Partially Paid,FY2025,Q2,Within Budget
FIN000072,PO000072,V003,H005,D0081,CC1001,INV-2024-000072,2024-09-13,2024-10-13,,2024-09-12,Laboratory,CAPEX,10040.89,10150.69,109.8,1.09,Wire Transfer,Pending,FY2024,Q3,Over Budget
FIN000073,PO000073,V003,H005,D0083,CC1003,INV-2024-000073,2024-04-03,2024-05-03,,2024-04-01,Administration,CAPEX,7176.7,6832.64,-344.06,-4.79,ACH,Pending,FY2024,Q2,Within Budget
FIN000074,PO000074,V012,H003,D0047,CC1007,INV-2023-000074,2023-12-26,2024-02-24,,2023-12-26,Equipment,CAPEX,11375.32,11912.33,537.01,4.72,Wire Transfer,Pending,FY2023,Q4,Over Budget
FIN000075,PO000075,V006,H005,D0085,CC1005,INV-2023-000075,2023-07-13,2023-09-11,2023-09-10,2023-07-13,Laboratory,OPEX,20160399.93,20914538.15,754138.22,3.74,ACH,Paid,FY2023,Q3,Over Budget
FIN000076,PO000076,V001,H001,D0015,CC1015,INV-2024-000076,2024-11-12,2024-12-12,2024-12-09,2024-11-09,Laboratory,OPEX,74323.36,81419.41,7096.05,9.55,ACH,Paid,FY2024,Q4,Over Budget
FIN000077,PO000077,V007,H003,D0049,CC1009,INV-2025-000077,2025-06-12,2025-08-11,2025-08-20,2025-06-09,Medical Supplies,CAPEX,1555909.48,1458786.08,-97123.4,-6.24,Cheque,Partially Paid,FY2025,Q2,Within Budget
FIN000078,PO000078,V009,H004,D0073,CC1013,INV-2024-000078,2024-04-17,2024-06-01,2024-05-29,2024-04-15,Laboratory,OPEX,140954.95,156411.67,15456.72,10.97,Cheque,Paid,FY2024,Q2,Over Budget
FIN000079,PO000079,V011,H002,D0039,CC1019,INV-2023-000079,2023-11-28,2024-01-27,2024-01-24,2023-11-25,Pharmacy,CAPEX,7446.25,7888.94,442.69,5.95,ACH,Paid,FY2023,Q4,Over Budget
FIN000080,PO000080,V007,H002,D0024,CC1004,INV-2024-000080,2024-07-07,2024-09-05,2024-09-13,2024-07-06,Medical Supplies,CAPEX,1832364.47,1715534.62,-116829.85,-6.38,UPI,Partially Paid,FY2024,Q3,Within Budget
FIN000081,PO000081,V002,H004,D0065,CC1005,INV-2024-000081,2024-10-08,2024-11-22,2024-11-19,2024-10-08,Equipment,CAPEX,142850.47,141034.18,-1816.29,-1.27,ACH,Paid,FY2024,Q4,Within Budget
FIN000082,PO000082,V001,H002,D0023,CC1003,INV-2024-000082,2024-02-20,2024-03-21,2024-03-18,2024-02-17,Pharmacy,CAPEX,100212.07,110116.27,9904.2,9.88,Cheque,Paid,FY2024,Q1,Over Budget
FIN000083,PO000083,V011,H005,D0096,CC1016,INV-2023-000083,2023-04-16,2023-06-15,2023-06-15,2023-04-13,Laboratory,OPEX,12742.58,13333.92,591.34,4.64,UPI,Paid,FY2023,Q2,Over Budget
FIN000084,PO000084,V010,H003,D0044,CC1004,INV-2025-000084,2025-05-31,2025-07-15,2025-07-15,2025-05-29,Medical Supplies,OPEX,1315.7,1445.16,129.46,9.84,ACH,Paid,FY2025,Q2,Over Budget
FIN000085,PO000085,V005,H002,D0025,CC1005,INV-2025-000085,2025-07-01,2025-08-30,2025-08-29,2025-07-01,Equipment,CAPEX,26779304.11,28492497.09,1713192.98,6.4,Bank Transfer,Paid,FY2025,Q3,Over Budget
FIN000086,PO000086,V008,H004,D0079,CC1019,INV-2025-000086,2025-07-06,2025-09-04,2025-09-02,2025-07-05,Pharmacy,OPEX,17517917.41,17296625.83,-221291.58,-1.26,UPI,Paid,FY2025,Q3,Within Budget
FIN000087,PO000087,V012,H003,D0042,CC1002,INV-2025-000087,2025-07-29,2025-09-27,,2025-07-29,Equipment,CAPEX,9715.52,9511.5,-204.02,-2.1,Bank Transfer,Pending,FY2025,Q3,Within Budget
FIN000088,PO000088,V009,H003,D0047,CC1007,INV-2023-000088,2023-03-19,2023-05-03,2023-04-30,2023-03-17,Laboratory,OPEX,33390.24,32872.92,-517.32,-1.55,Bank Transfer,Paid,FY2023,Q1,Within Budget
FIN000089,PO000089,V007,H005,D0099,CC1019,INV-2024-000089,2024-12-26,2025-02-24,2025-02-22,2024-12-25,Administration,OPEX,15655380.13,15372230.22,-283149.91,-1.81,UPI,Paid,FY2024,Q4,Within Budget
FIN000090,PO000090,V008,H004,D0072,CC1012,INV-2024-000090,2024-06-06,2024-08-05,2024-07-31,2024-06-04,Pharmacy,OPEX,5980559.2,5660583.03,-319976.17,-5.35,UPI,Paid,FY2024,Q2,Within Budget
FIN000091,PO000091,V006,H003,D0047,CC1007,INV-2025-000091,2025-07-22,2025-09-20,2025-10-10,2025-07-22,Medical Supplies,CAPEX,35424622.77,34409252.16,-1015370.61,-2.87,Wire Transfer,Overdue,FY2025,Q3,Within Budget
FIN000092,PO000092,V011,H001,D0009,CC1009,INV-2025-000092,2025-02-17,2025-04-18,,2025-02-14,Laboratory,OPEX,22288.06,21699.63,-588.43,-2.64,UPI,Pending,FY2025,Q1,Within Budget
FIN000093,PO000093,V003,H002,D0029,CC1009,INV-2025-000093,2025-07-27,2025-08-26,2025-08-22,2025-07-25,Laboratory,CAPEX,14980.24,13704.43,-1275.81,-8.52,Cheque,Paid,FY2025,Q3,Within Budget
FIN000094,PO000094,V005,H001,D0013,CC1013,INV-2023-000094,2023-09-25,2023-11-24,2023-11-23,2023-09-23,Medical Supplies,CAPEX,19914169.52,18696171.53,-1217997.99,-6.12,Cheque,Paid,FY2023,Q3,Within Budget
FIN000095,PO000095,V007,H005,D0090,CC1010,INV-2023-000095,2023-08-23,2023-10-22,2023-10-17,2023-08-20,Laboratory,CAPEX,34807441.1,36686807.65,1879366.55,5.4,Bank Transfer,Paid,FY2023,Q3,Over Budget
FIN000096,PO000096,V005,H005,D0092,CC1012,INV-2026-000096,2026-01-21,2026-03-22,2026-03-21,2026-01-19,Pharmacy,CAPEX,2668442.81,2671484.83,3042.02,0.11,Wire Transfer,Paid,FY2026,Q1,Over Budget
FIN000097,PO000097,V003,H001,D0013,CC1013,INV-2025-000097,2025-10-08,2025-11-07,2025-11-03,2025-10-06,Equipment,OPEX,15099.54,15795.63,696.09,4.61,ACH,Paid,FY2025,Q4,Over Budget
FIN000098,PO000098,V006,H004,D0075,CC1015,INV-2024-000098,2024-12-19,2025-02-17,2025-02-16,2024-12-16,Laboratory,CAPEX,67062730.82,64235413.41,-2827317.41,-4.22,Cheque,Paid,FY2024,Q4,Within Budget
FIN000099,PO000099,V002,H005,D0081,CC1001,INV-2023-000099,2023-05-28,2023-07-12,2023-07-09,2023-05-28,Equipment,CAPEX,89212.69,84275.29,-4937.4,-5.53,UPI,Paid,FY2023,Q2,Within Budget
FIN000100,PO000100,V002,H004,D0074,CC1014,INV-2023-000100,2023-11-16,2023-12-31,2023-12-26,2023-11-14,Administration,CAPEX,230422.92,236621.43,6198.51,2.69,Wire Transfer,Paid,FY2023,Q4,Over Budget
FIN000101,PO000101,V006,H004,D0065,CC1005,INV-2025-000101,2025-12-30,2026-02-28,2026-02-27,2025-12-28,Medical Supplies,OPEX,33628981.95,32317816.2,-1311165.75,-3.9,Wire Transfer,Paid,FY2025,Q4,Within Budget
FIN000102,PO000102,V008,H001,D0019,CC1019,INV-2023-000102,2023-05-26,2023-07-25,2023-07-20,2023-05-25,Laboratory,CAPEX,2319944.71,2511004.68,191059.97,8.24,UPI,Paid,FY2023,Q2,Over Budget
FIN000103,PO000103,V003,H005,D0095,CC1015,INV-2024-000103,2024-05-13,2024-06-12,2024-06-15,2024-05-11,Pharmacy,OPEX,54107.74,49398.96,-4708.78,-8.7,Wire Transfer,Partially Paid,FY2024,Q2,Within Budget
FIN000104,PO000104,V007,H003,D0058,CC1018,INV-2024-000104,2024-09-11,2024-11-10,,2024-09-11,Equipment,CAPEX,435454.98,465285.2,29830.22,6.85,Bank Transfer,Pending,FY2024,Q3,Over Budget
FIN000105,PO000105,V005,H004,D0064,CC1004,INV-2024-000105,2024-05-18,2024-07-17,,2024-05-16,Equipment,CAPEX,16810737.53,15354249.03,-1456488.5,-8.66,Bank Transfer,Pending,FY2024,Q2,Within Budget
FIN000106,PO000106,V004,H004,D0062,CC1002,INV-2024-000106,2024-07-06,2024-08-20,2024-08-17,2024-07-04,Pharmacy,OPEX,9197.37,8559.32,-638.05,-6.94,Bank Transfer,Paid,FY2024,Q3,Within Budget
FIN000107,PO000107,V009,H001,D0004,CC1004,INV-2025-000107,2025-07-02,2025-08-16,2025-08-16,2025-06-29,Laboratory,CAPEX,74527.84,78409.45,3881.61,5.21,Bank Transfer,Paid,FY2025,Q2,Over Budget
FIN000108,PO000108,V011,H003,D0049,CC1009,INV-2025-000108,2025-11-10,2026-01-09,2026-01-05,2025-11-10,Pharmacy,OPEX,8035.35,7913.45,-121.9,-1.52,ACH,Paid,FY2025,Q4,Within Budget
FIN000109,PO000109,V001,H004,D0071,CC1011,INV-2024-000109,2024-06-04,2024-07-04,2024-06-30,2024-06-01,Equipment,CAPEX,210741.27,228151.43,17410.16,8.26,Cheque,Paid,FY2024,Q2,Over Budget
FIN000110,PO000110,V002,H001,D0007,CC1007,INV-2023-000110,2023-04-05,2023-05-20,2023-06-07,2023-04-03,Pharmacy,OPEX,69710.1,64444.9,-5265.2,-7.55,UPI,Overdue,FY2023,Q2,Within Budget
FIN000111,PO000111,V002,H002,D0026,CC1006,INV-2025-000111,2025-06-26,2025-08-10,2025-08-13,2025-06-26,Equipment,CAPEX,217973.7,199605.64,-18368.06,-8.43,Bank Transfer,Partially Paid,FY2025,Q2,Within Budget
FIN000112,PO000112,V012,H002,D0035,CC1015,INV-2023-000112,2023-08-20,2023-10-19,2023-10-18,2023-08-19,Medical Supplies,CAPEX,22514.97,24172.96,1657.99,7.36,Cheque,Paid,FY2023,Q3,Over Budget
FIN000113,PO000113,V004,H002,D0036,CC1016,INV-2023-000113,2023-03-31,2023-05-15,2023-05-14,2023-03-28,Pharmacy,CAPEX,7649.92,7370.76,-279.16,-3.65,Cheque,Paid,FY2023,Q1,Within Budget
FIN000114,PO000114,V011,H002,D0022,CC1002,INV-2025-000114,2025-12-03,2026-02-01,2026-02-11,2025-12-02,Administration,OPEX,18226.8,19936.65,1709.85,9.38,Cheque,Partially Paid,FY2025,Q4,Over Budget
FIN000115,PO000115,V006,H005,D0083,CC1003,INV-2025-000115,2025-07-11,2025-09-09,2025-09-07,2025-07-10,Equipment,OPEX,1635298.11,1771806.48,136508.37,8.35,Bank Transfer,Paid,FY2025,Q3,Over Budget
FIN000116,PO000116,V012,H005,D0082,CC1002,INV-2025-000116,2025-10-06,2025-12-05,2025-12-01,2025-10-04,Pharmacy,CAPEX,16932.23,18144.57,1212.34,7.16,Bank Transfer,Paid,FY2025,Q4,Over Budget
FIN000117,PO000117,V007,H001,D0016,CC1016,INV-2024-000117,2024-10-23,2024-12-22,,2024-10-21,Pharmacy,CAPEX,17252882.98,17361573.48,108690.5,0.63,Cheque,Pending,FY2024,Q4,Over Budget
FIN000118,PO000118,V002,H005,D0095,CC1015,INV-2023-000118,2023-09-08,2023-10-23,2023-11-07,2023-09-08,Administration,CAPEX,158223.38,172716.28,14492.9,9.16,Bank Transfer,Overdue,FY2023,Q3,Over Budget
FIN000119,PO000119,V004,H001,D0005,CC1005,INV-2025-000119,2025-09-26,2025-11-10,2025-11-20,2025-09-26,Pharmacy,OPEX,20808.16,22660.29,1852.13,8.9,ACH,Partially Paid,FY2025,Q3,Over Budget
FIN000120,PO000120,V003,H004,D0077,CC1017,INV-2025-000120,2025-11-14,2025-12-14,2025-12-16,2025-11-11,Administration,CAPEX,10800.19,10864.29,64.1,0.59,Cheque,Partially Paid,FY2025,Q4,Over Budget
FIN000121,PO000121,V001,H003,D0054,CC1014,INV-2025-000121,2025-11-17,2025-12-17,2025-12-15,2025-11-14,Pharmacy,OPEX,286100.91,261563.38,-24537.53,-8.58,ACH,Paid,FY2025,Q4,Within Budget
FIN000122,PO000122,V001,H002,D0032,CC1012,INV-2025-000122,2025-07-18,2025-08-17,2025-08-14,2025-07-15,Administration,OPEX,336975.09,348849.68,11874.59,3.52,Cheque,Paid,FY2025,Q3,Over Budget
FIN000123,PO000123,V005,H002,D0027,CC1007,INV-2024-000123,2024-11-14,2025-01-13,2025-01-10,2024-11-12,Administration,OPEX,8482614.44,9244228.3,761613.86,8.98,UPI,Paid,FY2024,Q4,Over Budget
FIN000124,PO000124,V009,H002,D0031,CC1011,INV-2024-000124,2024-10-30,2024-12-14,2024-12-12,2024-10-30,Administration,CAPEX,143841.29,144943.55,1102.26,0.77,Cheque,Paid,FY2024,Q4,Over Budget
FIN000125,PO000125,V002,H004,D0069,CC1009,INV-2023-000125,2023-03-28,2023-05-12,2023-05-11,2023-03-27,Pharmacy,CAPEX,101074.25,96078.36,-4995.89,-4.94,Cheque,Paid,FY2023,Q1,Within Budget
FIN000126,PO000126,V007,H004,D0072,CC1012,INV-2026-000126,2026-01-13,2026-03-14,,2026-01-12,Pharmacy,OPEX,24005135.64,25971567.22,1966431.58,8.19,UPI,Pending,FY2026,Q1,Over Budget
FIN000127,PO000127,V010,H003,D0047,CC1007,INV-2025-000127,2025-09-05,2025-10-20,2025-10-21,2025-09-04,Laboratory,OPEX,2753.2,2804.81,51.61,1.87,ACH,Partially Paid,FY2025,Q3,Over Budget
FIN000128,PO000128,V004,H005,D0085,CC1005,INV-2026-000128,2026-01-09,2026-02-23,2026-02-21,2026-01-07,Laboratory,CAPEX,5988.36,5990.31,1.95,0.03,Cheque,Paid,FY2026,Q1,Over Budget
FIN000129,PO000129,V006,H001,D0007,CC1007,INV-2023-000129,2023-06-10,2023-08-09,2023-08-05,2023-06-09,Administration,OPEX,17422229.23,18363424.88,941195.65,5.4,Bank Transfer,Paid,FY2023,Q2,Over Budget
FIN000130,PO000130,V007,H001,D0014,CC1014,INV-2023-000130,2023-08-27,2023-10-26,2023-10-22,2023-08-24,Pharmacy,OPEX,819172.71,857548.45,38375.74,4.68,Wire Transfer,Paid,FY2023,Q3,Over Budget
FIN000131,PO000131,V008,H004,D0072,CC1012,INV-2024-000131,2024-11-18,2025-01-17,2025-02-05,2024-11-15,Administration,CAPEX,3287219.39,3145031.88,-142187.51,-4.33,Wire Transfer,Overdue,FY2024,Q4,Within Budget
FIN000132,PO000132,V001,H001,D0019,CC1019,INV-2026-000132,2026-01-06,2026-02-05,2026-02-03,2026-01-03,Equipment,OPEX,215562.42,223036.83,7474.41,3.47,UPI,Paid,FY2026,Q1,Over Budget
FIN000133,PO000133,V004,H002,D0027,CC1007,INV-2025-000133,2025-10-25,2025-12-09,2025-12-04,2025-10-22,Laboratory,CAPEX,2210.11,2263.08,52.97,2.4,Cheque,Paid,FY2025,Q4,Over Budget
FIN000134,PO000134,V011,H004,D0068,CC1008,INV-2023-000134,2023-02-10,2023-04-11,2023-04-11,2023-02-09,Equipment,CAPEX,43746.05,39853.09,-3892.96,-8.9,Bank Transfer,Paid,FY2023,Q1,Within Budget
FIN000135,PO000135,V011,H004,D0077,CC1017,INV-2024-000135,2024-12-28,2025-02-26,2025-02-23,2024-12-25,Medical Supplies,OPEX,6375.63,5931.71,-443.92,-6.96,Cheque,Paid,FY2024,Q4,Within Budget
FIN000136,PO000136,V005,H005,D0088,CC1008,INV-2025-000136,2025-03-25,2025-05-24,2025-05-22,2025-03-24,Pharmacy,CAPEX,1714090.57,1595710.26,-118380.31,-6.91,Bank Transfer,Paid,FY2025,Q1,Within Budget
FIN000137,PO000137,V012,H004,D0072,CC1012,INV-2024-000137,2024-09-13,2024-11-12,2024-11-22,2024-09-10,Laboratory,OPEX,35930.22,33568.57,-2361.65,-6.57,UPI,Partially Paid,FY2024,Q3,Within Budget
FIN000138,PO000138,V006,H001,D0002,CC1002,INV-2024-000138,2024-08-30,2024-10-29,2024-10-30,2024-08-28,Laboratory,OPEX,12849025.6,14062874.58,1213848.98,9.45,Bank Transfer,Partially Paid,FY2024,Q3,Over Budget
FIN000139,PO000139,V005,H005,D0096,CC1016,INV-2023-000139,2023-08-08,2023-10-07,2023-10-07,2023-08-06,Pharmacy,OPEX,7907715.91,7997805.51,90089.6,1.14,Wire Transfer,Partially Paid,FY2023,Q3,Over Budget
FIN000140,PO000140,V009,H003,D0055,CC1015,INV-2023-000140,2023-07-21,2023-09-04,2023-08-31,2023-07-18,Laboratory,OPEX,14572.51,14997.04,424.53,2.91,ACH,Paid,FY2023,Q3,Over Budget
FIN000141,PO000141,V009,H001,D0016,CC1016,INV-2025-000141,2025-02-05,2025-03-22,2025-03-21,2025-02-02,Laboratory,OPEX,116579.02,124681.59,8102.57,6.95,ACH,Paid,FY2025,Q1,Over Budget
FIN000142,PO000142,V012,H005,D0096,CC1016,INV-2024-000142,2024-12-11,2025-02-09,2025-02-04,2024-12-09,Medical Supplies,CAPEX,23554.69,23739.14,184.45,0.78,Wire Transfer,Paid,FY2024,Q4,Over Budget
FIN000143,PO000143,V006,H004,D0073,CC1013,INV-2025-000143,2025-02-06,2025-04-07,2025-04-05,2025-02-05,Administration,CAPEX,7913424.71,7641965.46,-271459.25,-3.43,Cheque,Paid,FY2025,Q1,Within Budget
FIN000144,PO000144,V004,H004,D0078,CC1018,INV-2025-000144,2025-02-04,2025-03-21,2025-04-01,2025-02-01,Laboratory,CAPEX,10648.65,10258.2,-390.45,-3.67,Bank Transfer,Overdue,FY2025,Q1,Within Budget
FIN000145,PO000145,V003,H003,D0052,CC1012,INV-2025-000145,2025-08-28,2025-09-27,2025-09-22,2025-08-26,Pharmacy,OPEX,53773.97,56757.06,2983.09,5.55,Cheque,Paid,FY2025,Q3,Over Budget
FIN000146,PO000146,V002,H005,D0091,CC1011,INV-2024-000146,2024-09-24,2024-11-08,2024-11-15,2024-09-24,Pharmacy,OPEX,102934.02,107796.04,4862.02,4.72,UPI,Partially Paid,FY2024,Q3,Over Budget
FIN000147,PO000147,V006,H005,D0095,CC1015,INV-2025-000147,2025-10-23,2025-12-22,2025-12-18,2025-10-22,Pharmacy,OPEX,8195862.8,7729128.61,-466734.19,-5.69,Bank Transfer,Paid,FY2025,Q4,Within Budget
FIN000148,PO000148,V001,H005,D0089,CC1009,INV-2025-000148,2025-07-28,2025-08-27,2025-08-24,2025-07-28,Medical Supplies,CAPEX,247272.67,228811.95,-18460.72,-7.47,ACH,Paid,FY2025,Q3,Within Budget
FIN000149,PO000149,V003,H004,D0065,CC1005,INV-2023-000149,2023-08-03,2023-09-02,2023-08-30,2023-08-01,Equipment,OPEX,30488.53,33210.94,2722.41,8.93,ACH,Paid,FY2023,Q3,Over Budget
FIN000150,PO000150,V003,H002,D0040,CC1020,INV-2025-000150,2025-07-09,2025-08-08,2025-08-06,2025-07-07,Equipment,CAPEX,6442.87,6093.69,-349.18,-5.42,Cheque,Paid,FY2025,Q3,Within Budget
FIN000151,PO000151,V007,H003,D0046,CC1006,INV-2023-000151,2023-06-05,2023-08-04,,2023-06-03,Pharmacy,OPEX,27023904.21,24713742.29,-2310161.92,-8.55,Cheque,Pending,FY2023,Q2,Within Budget
FIN000152,PO000152,V004,H004,D0065,CC1005,INV-2024-000152,2024-03-15,2024-04-29,,2024-03-14,Equipment,CAPEX,10926.3,10000.47,-925.83,-8.47,UPI,Pending,FY2024,Q1,Within Budget
FIN000153,PO000153,V007,H004,D0077,CC1017,INV-2023-000153,2023-06-19,2023-08-18,2023-08-14,2023-06-16,Medical Supplies,CAPEX,10373479.57,10659637.43,286157.86,2.76,Wire Transfer,Paid,FY2023,Q2,Over Budget
FIN000154,PO000154,V001,H005,D0088,CC1008,INV-2024-000154,2024-07-30,2024-08-29,2024-08-24,2024-07-28,Pharmacy,OPEX,49523.38,47868.76,-1654.62,-3.34,ACH,Paid,FY2024,Q3,Within Budget
FIN000155,PO000155,V002,H003,D0054,CC1014,INV-2023-000155,2023-03-06,2023-04-20,2023-04-23,2023-03-04,Medical Supplies,CAPEX,259129.54,260616.26,1486.72,0.57,Wire Transfer,Partially Paid,FY2023,Q1,Over Budget
FIN000156,PO000156,V010,H004,D0080,CC1020,INV-2023-000156,2023-02-16,2023-04-02,2023-04-02,2023-02-16,Pharmacy,CAPEX,1692.81,1643.75,-49.06,-2.9,Bank Transfer,Paid,FY2023,Q1,Within Budget
FIN000157,PO000157,V012,H005,D0089,CC1009,INV-2023-000157,2023-06-02,2023-08-01,2023-07-30,2023-06-01,Administration,CAPEX,12251.82,13325.33,1073.51,8.76,UPI,Paid,FY2023,Q2,Over Budget
FIN000158,PO000158,V007,H002,D0033,CC1013,INV-2025-000158,2025-11-24,2026-01-23,2026-02-17,2025-11-23,Medical Supplies,CAPEX,7616064.48,7264091.62,-351972.86,-4.62,UPI,Overdue,FY2025,Q4,Within Budget
FIN000159,PO000159,V008,H001,D0011,CC1011,INV-2023-000159,2023-03-27,2023-05-26,2023-05-24,2023-03-25,Equipment,CAPEX,28766913.86,29305455.02,538541.16,1.87,Cheque,Paid,FY2023,Q1,Over Budget
FIN000160,PO000160,V002,H001,D0016,CC1016,INV-2025-000160,2025-07-08,2025-08-22,2025-08-17,2025-07-06,Pharmacy,CAPEX,290628.99,266604.94,-24024.05,-8.27,Bank Transfer,Paid,FY2025,Q3,Within Budget
FIN000161,PO000161,V011,H003,D0044,CC1004,INV-2024-000161,2024-08-05,2024-10-04,2024-10-11,2024-08-04,Medical Supplies,OPEX,5411.51,5524.05,112.54,2.08,UPI,Partially Paid,FY2024,Q3,Over Budget
FIN000162,PO000162,V012,H004,D0071,CC1011,INV-2023-000162,2023-08-07,2023-10-06,,2023-08-07,Equipment,OPEX,25503.64,23307.63,-2196.01,-8.61,UPI,Pending,FY2023,Q3,Within Budget
FIN000163,PO000163,V009,H001,D0009,CC1009,INV-2024-000163,2024-12-13,2025-01-27,2025-01-26,2024-12-12,Pharmacy,OPEX,39817.2,42311.86,2494.66,6.27,UPI,Paid,FY2024,Q4,Over Budget
FIN000164,PO000164,V005,H001,D0008,CC1008,INV-2024-000164,2024-10-26,2024-12-25,2025-01-02,2024-10-25,Pharmacy,OPEX,19297277.36,21427917.08,2130639.72,11.04,Bank Transfer,Partially Paid,FY2024,Q4,Over Budget
FIN000165,PO000165,V006,H004,D0069,CC1009,INV-2023-000165,2023-07-23,2023-09-21,2023-09-19,2023-07-23,Equipment,CAPEX,21653941.13,20978201.2,-675739.93,-3.12,Bank Transfer,Paid,FY2023,Q3,Within Budget
FIN000166,PO000166,V004,H004,D0065,CC1005,INV-2023-000166,2023-05-12,2023-06-26,2023-06-23,2023-05-12,Administration,OPEX,10000.76,10697.72,696.96,6.97,Bank Transfer,Paid,FY2023,Q2,Over Budget
FIN000167,PO000167,V008,H002,D0027,CC1007,INV-2024-000167,2024-09-07,2024-11-06,2024-11-06,2024-09-05,Laboratory,OPEX,8910843.35,8953379.13,42535.78,0.48,UPI,Paid,FY2024,Q3,Over Budget
FIN000168,PO000168,V009,H003,D0053,CC1013,INV-2025-000168,2025-09-29,2025-11-13,2025-11-13,2025-09-27,Medical Supplies,CAPEX,59211.47,65162.57,5951.1,10.05,Cheque,Paid,FY2025,Q3,Over Budget
FIN000169,PO000169,V001,H003,D0049,CC1009,INV-2024-000169,2024-08-01,2024-08-31,2024-08-28,2024-08-01,Medical Supplies,OPEX,241587.83,245203.42,3615.59,1.5,Wire Transfer,Paid,FY2024,Q3,Over Budget
FIN000170,PO000170,V010,H002,D0033,CC1013,INV-2023-000170,2023-03-15,2023-04-29,2023-04-25,2023-03-15,Administration,CAPEX,3681.11,3603.07,-78.04,-2.12,Cheque,Paid,FY2023,Q1,Within Budget
FIN000171,PO000171,V002,H004,D0071,CC1011,INV-2023-000171,2023-01-25,2023-03-11,2023-03-07,2023-01-23,Laboratory,OPEX,285194.1,259520.86,-25673.24,-9.0,Bank Transfer,Paid,FY2023,Q1,Within Budget
FIN000172,PO000172,V008,H003,D0053,CC1013,INV-2023-000172,2023-03-26,2023-05-25,2023-05-24,2023-03-25,Laboratory,CAPEX,23571622.24,22018059.91,-1553562.33,-6.59,Cheque,Paid,FY2023,Q1,Within Budget
FIN000173,PO000173,V004,H002,D0022,CC1002,INV-2025-000173,2025-02-04,2025-03-21,2025-03-19,2025-02-04,Pharmacy,CAPEX,9794.58,9997.06,202.48,2.07,ACH,Paid,FY2025,Q1,Over Budget
FIN000174,PO000174,V002,H002,D0026,CC1006,INV-2023-000174,2023-11-30,2024-01-14,2024-01-14,2023-11-27,Medical Supplies,CAPEX,216193.11,208406.18,-7786.93,-3.6,Bank Transfer,Paid,FY2023,Q4,Within Budget
FIN000175,PO000175,V010,H003,D0051,CC1011,INV-2025-000175,2025-07-14,2025-08-28,2025-09-19,2025-07-12,Medical Supplies,CAPEX,4996.86,4763.82,-233.04,-4.66,Bank Transfer,Overdue,FY2025,Q3,Within Budget
FIN000176,PO000176,V007,H002,D0038,CC1018,INV-2025-000176,2025-06-26,2025-08-25,2025-08-31,2025-06-23,Pharmacy,CAPEX,35820539.52,36471121.35,650581.83,1.82,Wire Transfer,Overdue,FY2025,Q2,Over Budget
FIN000177,PO000177,V008,H002,D0029,CC1009,INV-2023-000177,2023-04-28,2023-06-27,2023-06-24,2023-04-27,Equipment,OPEX,2548683.74,2768141.7,219457.96,8.61,Wire Transfer,Paid,FY2023,Q2,Over Budget
FIN000178,PO000178,V009,H005,D0083,CC1003,INV-2024-000178,2024-03-22,2024-05-06,2024-05-04,2024-03-20,Administration,OPEX,70259.8,65720.2,-4539.6,-6.46,Cheque,Paid,FY2024,Q1,Within Budget
FIN000179,PO000179,V010,H001,D0011,CC1011,INV-2025-000179,2025-06-14,2025-07-29,2025-07-24,2025-06-14,Pharmacy,OPEX,6490.41,6071.3,-419.11,-6.46,ACH,Paid,FY2025,Q2,Within Budget
FIN000180,PO000180,V001,H005,D0097,CC1017,INV-2023-000180,2023-06-10,2023-07-10,2023-07-15,2023-06-08,Medical Supplies,OPEX,76575.43,80212.75,3637.32,4.75,ACH,Partially Paid,FY2023,Q2,Over Budget
FIN000181,PO000181,V012,H002,D0028,CC1008,INV-2025-000181,2025-06-21,2025-08-20,2025-08-15,2025-06-18,Medical Supplies,OPEX,15871.7,15663.93,-207.77,-1.31,UPI,Paid,FY2025,Q2,Within Budget
FIN000182,PO000182,V007,H003,D0046,CC1006,INV-2024-000182,2024-01-20,2024-03-20,2024-03-19,2024-01-17,Pharmacy,CAPEX,5911537.44,6268685.94,357148.5,6.04,Wire Transfer,Paid,FY2024,Q1,Over Budget
FIN000183,PO000183,V006,H001,D0002,CC1002,INV-2025-000183,2025-07-03,2025-09-01,2025-09-10,2025-07-03,Equipment,OPEX,19501957.34,18478837.27,-1023120.07,-5.25,Bank Transfer,Overdue,FY2025,Q3,Within Budget
FIN000184,PO000184,V003,H005,D0089,CC1009,INV-2024-000184,2024-11-21,2024-12-21,2024-12-18,2024-11-18,Laboratory,CAPEX,4041.33,4234.33,193.0,4.78,ACH,Paid,FY2024,Q4,Over Budget
FIN000185,PO000185,V008,H002,D0032,CC1012,INV-2025-000185,2025-01-11,2025-03-12,2025-03-12,2025-01-11,Pharmacy,CAPEX,16447053.79,15649126.3,-797927.49,-4.85,UPI,Paid,FY2025,Q1,Within Budget
FIN000186,PO000186,V003,H001,D0008,CC1008,INV-2023-000186,2023-11-14,2023-12-14,2023-12-10,2023-11-14,Medical Supplies,OPEX,8203.06,7937.73,-265.33,-3.23,ACH,Paid,FY2023,Q4,Within Budget
FIN000187,PO000187,V009,H004,D0063,CC1003,INV-2024-000187,2024-10-22,2024-12-06,,2024-10-21,Pharmacy,CAPEX,90158.1,93886.93,3728.83,4.14,Wire Transfer,Pending,FY2024,Q4,Over Budget
FIN000188,PO000188,V005,H004,D0079,CC1019,INV-2023-000188,2023-05-23,2023-07-22,,2023-05-20,Equipment,OPEX,28082605.09,30392532.75,2309927.66,8.23,Cheque,Pending,FY2023,Q2,Over Budget
FIN000189,PO000189,V010,H003,D0058,CC1018,INV-2025-000189,2025-02-11,2025-03-28,2025-03-23,2025-02-10,Pharmacy,OPEX,1967.65,1954.91,-12.74,-0.65,Cheque,Paid,FY2025,Q1,Within Budget
FIN000190,PO000190,V008,H002,D0040,CC1020,INV-2025-000190,2025-08-25,2025-10-24,2025-10-21,2025-08-25,Medical Supplies,CAPEX,846730.26,789600.4,-57129.86,-6.75,UPI,Paid,FY2025,Q3,Within Budget
FIN000191,PO000191,V003,H005,D0087,CC1007,INV-2025-000191,2025-10-31,2025-11-30,,2025-10-28,Laboratory,CAPEX,12514.61,12694.15,179.54,1.43,Bank Transfer,Pending,FY2025,Q4,Over Budget
FIN000192,PO000192,V001,H004,D0067,CC1007,INV-2025-000192,2025-11-08,2025-12-08,2025-12-04,2025-11-06,Laboratory,CAPEX,176937.48,180363.22,3425.74,1.94,Bank Transfer,Paid,FY2025,Q4,Over Budget
FIN000193,PO000193,V011,H003,D0047,CC1007,INV-2025-000193,2025-02-02,2025-04-03,2025-03-30,2025-02-02,Laboratory,OPEX,15225.89,15421.08,195.19,1.28,Cheque,Paid,FY2025,Q1,Over Budget
FIN000194,PO000194,V010,H005,D0085,CC1005,INV-2024-000194,2024-12-01,2025-01-15,2025-01-14,2024-11-29,Medical Supplies,OPEX,3124.12,2908.58,-215.54,-6.9,UPI,Paid,FY2024,Q4,Within Budget
FIN000195,PO000195,V007,H005,D0082,CC1002,INV-2024-000195,2024-06-27,2024-08-26,2024-08-21,2024-06-25,Equipment,OPEX,16796922.85,16763556.46,-33366.39,-0.2,Bank Transfer,Paid,FY2024,Q2,Within Budget
FIN000196,PO000196,V006,H005,D0097,CC1017,INV-2024-000196,2024-10-20,2024-12-19,2024-12-18,2024-10-19,Medical Supplies,OPEX,33281591.09,35814043.52,2532452.43,7.61,Cheque,Paid,FY2024,Q4,Over Budget
FIN000197,PO000197,V005,H002,D0022,CC1002,INV-2025-000197,2025-03-09,2025-05-08,,2025-03-06,Administration,CAPEX,25176527.06,25359352.43,182825.37,0.73,Wire Transfer,Pending,FY2025,Q1,Over Budget
FIN000198,PO000198,V008,H005,D0094,CC1014,INV-2025-000198,2025-12-02,2026-01-31,2026-01-26,2025-12-02,Pharmacy,CAPEX,616675.13,662955.04,46279.91,7.5,UPI,Paid,FY2025,Q4,Over Budget
FIN000199,PO000199,V007,H003,D0042,CC1002,INV-2025-000199,2025-10-18,2025-12-17,2025-12-14,2025-10-18,Medical Supplies,OPEX,2441587.28,2679428.27,237840.99,9.74,Wire Transfer,Paid,FY2025,Q4,Over Budget
FIN000200,PO000200,V002,H002,D0027,CC1007,INV-2025-000200,2025-11-13,2025-12-28,2025-12-28,2025-11-13,Administration,CAPEX,177654.74,166602.45,-11052.29,-6.22,Cheque,Paid,FY2025,Q4,Within Budget
FIN000201,PO000201,V009,H004,D0071,CC1011,INV-2023-000201,2023-12-11,2024-01-25,2024-01-21,2023-12-11,Equipment,CAPEX,88818.12,87413.74,-1404.38,-1.58,UPI,Paid,FY2023,Q4,Within Budget
FIN000202,PO000202,V010,H001,D0008,CC1008,INV-2024-000202,2024-05-21,2024-07-05,2024-07-12,2024-05-20,Medical Supplies,CAPEX,4325.47,4346.66,21.19,0.49,Bank Transfer,Partially Paid,FY2024,Q2,Over Budget
FIN000203,PO000203,V005,H003,D0058,CC1018,INV-2024-000203,2024-10-22,2024-12-21,2024-12-16,2024-10-21,Laboratory,CAPEX,28591984.24,28565994.89,-25989.35,-0.09,UPI,Paid,FY2024,Q4,Within Budget
FIN000204,PO000204,V010,H004,D0074,CC1014,INV-2024-000204,2024-08-19,2024-10-03,2024-10-01,2024-08-18,Laboratory,CAPEX,3156.45,3142.15,-14.3,-0.45,Wire Transfer,Paid,FY2024,Q3,Within Budget
FIN000205,PO000205,V004,H002,D0029,CC1009,INV-2023-000205,2023-04-28,2023-06-12,,2023-04-28,Pharmacy,OPEX,18323.46,17690.5,-632.96,-3.45,Wire Transfer,Pending,FY2023,Q2,Within Budget
FIN000206,PO000206,V001,H005,D0096,CC1016,INV-2023-000206,2023-07-01,2023-07-31,2023-07-26,2023-06-28,Administration,OPEX,157026.92,170885.53,13858.61,8.83,Wire Transfer,Paid,FY2023,Q2,Over Budget
FIN000207,PO000207,V012,H003,D0053,CC1013,INV-2023-000207,2023-07-25,2023-09-23,2023-09-27,2023-07-24,Laboratory,OPEX,17716.71,19335.05,1618.34,9.13,UPI,Partially Paid,FY2023,Q3,Over Budget
FIN000208,PO000208,V004,H004,D0073,CC1013,INV-2025-000208,2025-03-31,2025-05-15,2025-05-12,2025-03-31,Pharmacy,OPEX,31159.6,29910.34,-1249.26,-4.01,UPI,Paid,FY2025,Q1,Within Budget
FIN000209,PO000209,V012,H005,D0086,CC1006,INV-2023-000209,2023-03-21,2023-05-20,2023-05-20,2023-03-18,Pharmacy,CAPEX,12764.48,13894.21,1129.73,8.85,ACH,Paid,FY2023,Q1,Over Budget
FIN000210,PO000210,V012,H004,D0078,CC1018,INV-2023-000210,2023-04-09,2023-06-08,2023-06-15,2023-04-07,Equipment,OPEX,13455.85,12342.17,-1113.68,-8.28,ACH,Partially Paid,FY2023,Q2,Within Budget
FIN000211,PO000211,V007,H002,D0021,CC1001,INV-2023-000211,2023-02-06,2023-04-07,2023-04-15,2023-02-04,Administration,OPEX,3394034.77,3645622.71,251587.94,7.41,Wire Transfer,Overdue,FY2023,Q1,Over Budget
FIN000212,PO000212,V005,H005,D0093,CC1013,INV-2023-000212,2023-09-09,2023-11-08,2023-11-07,2023-09-08,Equipment,OPEX,10387013.2,9659834.8,-727178.4,-7.0,UPI,Paid,FY2023,Q3,Within Budget
FIN000213,PO000213,V008,H001,D0012,CC1012,INV-2025-000213,2025-08-16,2025-10-15,,2025-08-15,Medical Supplies,CAPEX,702234.14,661356.52,-40877.62,-5.82,Wire Transfer,Pending,FY2025,Q3,Within Budget
FIN000214,PO000214,V002,H004,D0067,CC1007,INV-2023-000214,2023-11-04,2023-12-19,2023-12-28,2023-11-03,Pharmacy,CAPEX,175573.63,169591.69,-5981.94,-3.41,ACH,Partially Paid,FY2023,Q4,Within Budget
FIN000215,PO000215,V011,H004,D0078,CC1018,INV-2024-000215,2024-02-04,2024-04-04,2024-04-11,2024-02-02,Equipment,CAPEX,18069.44,17947.36,-122.08,-0.68,UPI,Partially Paid,FY2024,Q1,Within Budget
FIN000216,PO000216,V003,H004,D0076,CC1016,INV-2025-000216,2025-08-26,2025-09-25,,2025-08-23,Laboratory,CAPEX,8212.24,7486.85,-725.39,-8.83,ACH,Pending,FY2025,Q3,Within Budget
FIN000217,PO000217,V007,H001,D0009,CC1009,INV-2023-000217,2023-06-17,2023-08-16,2023-08-22,2023-06-16,Laboratory,CAPEX,35858945.44,33721721.8,-2137223.64,-5.96,UPI,Overdue,FY2023,Q2,Within Budget
FIN000218,PO000218,V012,H004,D0063,CC1003,INV-2023-000218,2023-10-15,2023-12-14,2023-12-13,2023-10-15,Pharmacy,CAPEX,12775.98,11754.96,-1021.02,-7.99,UPI,Paid,FY2023,Q4,Within Budget
FIN000219,PO000219,V008,H004,D0072,CC1012,INV-2025-000219,2025-10-02,2025-12-01,2025-11-30,2025-09-29,Laboratory,CAPEX,27647526.43,29745483.37,2097956.94,7.59,Bank Transfer,Paid,FY2025,Q3,Over Budget
FIN000220,PO000220,V002,H003,D0048,CC1008,INV-2024-000220,2024-09-06,2024-10-21,2024-10-20,2024-09-03,Laboratory,OPEX,191539.39,194855.96,3316.57,1.73,Wire Transfer,Paid,FY2024,Q3,Over Budget
FIN000221,PO000221,V009,H004,D0080,CC1020,INV-2025-000221,2025-12-09,2026-01-23,2026-02-02,2025-12-07,Pharmacy,OPEX,42924.8,45427.5,2502.7,5.83,ACH,Partially Paid,FY2025,Q4,Over Budget
FIN000222,PO000222,V008,H004,D0080,CC1020,INV-2025-000222,2025-01-24,2025-03-25,,2025-01-21,Equipment,CAPEX,2582366.46,2845079.26,262712.8,10.17,Cheque,Pending,FY2025,Q1,Over Budget
FIN000223,PO000223,V001,H001,D0007,CC1007,INV-2025-000223,2025-04-11,2025-05-11,2025-05-10,2025-04-11,Equipment,CAPEX,159675.68,156075.08,-3600.6,-2.25,Bank Transfer,Paid,FY2025,Q2,Within Budget
FIN000224,PO000224,V011,H005,D0097,CC1017,INV-2025-000224,2025-02-09,2025-04-10,2025-04-10,2025-02-08,Equipment,CAPEX,26394.64,25013.06,-1381.58,-5.23,UPI,Paid,FY2025,Q1,Within Budget
FIN000225,PO000225,V009,H002,D0030,CC1010,INV-2024-000225,2024-09-08,2024-10-23,2024-11-12,2024-09-08,Administration,OPEX,107808.4,108741.1,932.7,0.87,UPI,Overdue,FY2024,Q3,Over Budget
FIN000226,PO000226,V003,H005,D0090,CC1010,INV-2025-000226,2025-07-12,2025-08-11,2025-08-11,2025-07-11,Administration,CAPEX,30261.67,29814.17,-447.5,-1.48,ACH,Paid,FY2025,Q3,Within Budget
FIN000227,PO000227,V010,H005,D0089,CC1009,INV-2025-000227,2025-01-11,2025-02-25,,2025-01-10,Medical Supplies,CAPEX,3258.54,3213.13,-45.41,-1.39,Bank Transfer,Pending,FY2025,Q1,Within Budget
FIN000228,PO000228,V003,H001,D0002,CC1002,INV-2025-000228,2025-04-19,2025-05-19,2025-05-16,2025-04-19,Medical Supplies,CAPEX,10386.02,9522.51,-863.51,-8.31,Wire Transfer,Paid,FY2025,Q2,Within Budget
FIN000229,PO000229,V009,H003,D0053,CC1013,INV-2023-000229,2023-09-27,2023-11-11,2023-11-11,2023-09-27,Pharmacy,OPEX,50294.13,52900.54,2606.41,5.18,Bank Transfer,Paid,FY2023,Q3,Over Budget
FIN000230,PO000230,V004,H002,D0023,CC1003,INV-2023-000230,2023-11-24,2024-01-08,2024-01-06,2023-11-22,Administration,CAPEX,11888.24,11275.95,-612.29,-5.15,ACH,Paid,FY2023,Q4,Within Budget
FIN000231,PO000231,V010,H002,D0034,CC1014,INV-2026-000231,2026-01-09,2026-02-23,2026-03-02,2026-01-06,Equipment,OPEX,17572.1,16482.96,-1089.14,-6.2,Bank Transfer,Partially Paid,FY2026,Q1,Within Budget
FIN000232,PO000232,V001,H001,D0016,CC1016,INV-2023-000232,2023-03-05,2023-04-04,2023-04-03,2023-03-02,Medical Supplies,OPEX,102321.27,98083.19,-4238.08,-4.14,Bank Transfer,Paid,FY2023,Q1,Within Budget
FIN000233,PO000233,V002,H001,D0005,CC1005,INV-2024-000233,2024-07-04,2024-08-18,2024-08-14,2024-07-02,Laboratory,CAPEX,205603.37,213476.56,7873.19,3.83,Bank Transfer,Paid,FY2024,Q3,Over Budget
FIN000234,PO000234,V006,H001,D0011,CC1011,INV-2023-000234,2023-09-28,2023-11-27,2023-11-27,2023-09-27,Pharmacy,CAPEX,4804393.24,4572746.22,-231647.02,-4.82,Bank Transfer,Paid,FY2023,Q3,Within Budget
FIN000235,PO000235,V009,H003,D0055,CC1015,INV-2024-000235,2024-11-03,2024-12-18,2025-01-06,2024-10-31,Laboratory,CAPEX,117257.9,110634.39,-6623.51,-5.65,ACH,Overdue,FY2024,Q4,Within Budget
FIN000236,PO000236,V010,H002,D0033,CC1013,INV-2024-000236,2024-01-12,2024-02-26,2024-02-22,2024-01-09,Pharmacy,OPEX,1201.78,1202.69,0.91,0.08,Cheque,Paid,FY2024,Q1,Over Budget
FIN000237,PO000237,V005,H001,D0005,CC1005,INV-2025-000237,2025-10-28,2025-12-27,2025-12-25,2025-10-27,Medical Supplies,OPEX,8130024.71,8877652.67,747627.96,9.2,Wire Transfer,Paid,FY2025,Q4,Over Budget
FIN000238,PO000238,V012,H002,D0033,CC1013,INV-2023-000238,2023-07-13,2023-09-11,2023-09-06,2023-07-11,Laboratory,OPEX,4959.42,4804.78,-154.64,-3.12,Cheque,Paid,FY2023,Q3,Within Budget
FIN000239,PO000239,V002,H005,D0084,CC1004,INV-2025-000239,2025-04-27,2025-06-11,,2025-04-27,Pharmacy,CAPEX,190887.66,196728.65,5840.99,3.06,Wire Transfer,Pending,FY2025,Q2,Over Budget
FIN000240,PO000240,V004,H001,D0016,CC1016,INV-2025-000240,2025-12-04,2026-01-18,2026-01-13,2025-12-04,Laboratory,CAPEX,12952.66,12601.16,-351.5,-2.71,UPI,Paid,FY2025,Q4,Within Budget
FIN000241,PO000241,V005,H002,D0026,CC1006,INV-2025-000241,2025-06-25,2025-08-24,2025-08-26,2025-06-24,Administration,CAPEX,1900485.74,1792540.4,-107945.34,-5.68,Bank Transfer,Partially Paid,FY2025,Q2,Within Budget
FIN000242,PO000242,V001,H004,D0078,CC1018,INV-2024-000242,2024-10-31,2024-11-30,,2024-10-30,Pharmacy,CAPEX,174400.77,188491.24,14090.47,8.08,Cheque,Pending,FY2024,Q4,Over Budget
FIN000243,PO000243,V005,H005,D0082,CC1002,INV-2024-000243,2024-03-01,2024-04-30,2024-04-25,2024-03-01,Laboratory,CAPEX,18889998.27,17331968.32,-1558029.95,-8.25,Wire Transfer,Paid,FY2024,Q1,Within Budget
FIN000244,PO000244,V006,H004,D0077,CC1017,INV-2023-000244,2023-11-30,2024-01-29,2024-01-25,2023-11-30,Pharmacy,CAPEX,14661954.72,14828210.73,166256.01,1.13,Wire Transfer,Paid,FY2023,Q4,Over Budget
FIN000245,PO000245,V007,H004,D0069,CC1009,INV-2023-000245,2023-05-02,2023-07-01,2023-07-01,2023-05-01,Equipment,CAPEX,855136.94,830300.86,-24836.08,-2.9,UPI,Partially Paid,FY2023,Q2,Within Budget
FIN000246,PO000246,V005,H005,D0095,CC1015,INV-2024-000246,2024-09-08,2024-11-07,2024-11-05,2024-09-08,Laboratory,OPEX,13443222.29,13754099.66,310877.37,2.31,UPI,Paid,FY2024,Q3,Over Budget
FIN000247,PO000247,V011,H002,D0023,CC1003,INV-2025-000247,2025-08-03,2025-10-02,2025-10-01,2025-07-31,Medical Supplies,CAPEX,31590.43,33005.87,1415.44,4.48,ACH,Paid,FY2025,Q3,Over Budget
FIN000248,PO000248,V002,H005,D0096,CC1016,INV-2024-000248,2024-03-09,2024-04-23,2024-05-03,2024-03-06,Pharmacy,CAPEX,35179.1,32581.21,-2597.89,-7.38,Bank Transfer,Partially Paid,FY2024,Q1,Within Budget
FIN000249,PO000249,V007,H003,D0060,CC1020,INV-2025-000249,2025-04-23,2025-06-22,2025-07-02,2025-04-21,Equipment,CAPEX,24413066.54,24171366.66,-241699.88,-0.99,UPI,Overdue,FY2025,Q2,Within Budget
FIN000250,PO000250,V001,H005,D0087,CC1007,INV-2025-000250,2025-08-20,2025-09-19,,2025-08-19,Equipment,CAPEX,116913.58,123737.93,6824.35,5.84,Bank Transfer,Pending,FY2025,Q3,Over Budget
FIN000251,PO000251,V005,H004,D0072,CC1012,INV-2024-000251,2024-09-13,2024-11-12,2024-11-08,2024-09-11,Equipment,OPEX,27686727.93,28479034.47,792306.54,2.86,Bank Transfer,Paid,FY2024,Q3,Over Budget
FIN000252,PO000252,V006,H002,D0031,CC1011,INV-2024-000252,2024-10-24,2024-12-23,2024-12-20,2024-10-21,Administration,OPEX,542429.18,563938.85,21509.67,3.97,ACH,Paid,FY2024,Q4,Over Budget
FIN000253,PO000253,V012,H003,D0055,CC1015,INV-2024-000253,2024-10-14,2024-12-13,2024-12-08,2024-10-14,Administration,CAPEX,19705.13,18004.17,-1700.96,-8.63,ACH,Paid,FY2024,Q4,Within Budget
FIN000254,PO000254,V002,H005,D0100,CC1020,INV-2024-000254,2024-03-30,2024-05-14,,2024-03-29,Equipment,CAPEX,132715.95,123388.74,-9327.21,-7.03,UPI,Pending,FY2024,Q1,Within Budget
FIN000255,PO000255,V009,H004,D0078,CC1018,INV-2023-000255,2023-01-28,2023-03-14,2023-04-04,2023-01-28,Equipment,CAPEX,106747.23,98644.34,-8102.89,-7.59,ACH,Overdue,FY2023,Q1,Within Budget
FIN000256,PO000256,V003,H002,D0037,CC1017,INV-2025-000256,2025-01-23,2025-02-22,2025-02-18,2025-01-22,Pharmacy,OPEX,10196.76,10936.11,739.35,7.25,Wire Transfer,Paid,FY2025,Q1,Over Budget
FIN000257,PO000257,V001,H002,D0028,CC1008,INV-2024-000257,2024-08-22,2024-09-21,2024-09-19,2024-08-20,Administration,OPEX,151788.87,161604.68,9815.81,6.47,UPI,Paid,FY2024,Q3,Over Budget
FIN000258,PO000258,V008,H002,D0022,CC1002,INV-2023-000258,2023-10-13,2023-12-12,2023-12-08,2023-10-12,Administration,CAPEX,15851120.61,15416416.43,-434704.18,-2.74,UPI,Paid,FY2023,Q4,Within Budget
FIN000259,PO000259,V002,H003,D0051,CC1011,INV-2023-000259,2023-11-03,2023-12-18,2023-12-13,2023-11-03,Administration,CAPEX,265155.34,291944.5,26789.16,10.1,ACH,Paid,FY2023,Q4,Over Budget
FIN000260,PO000260,V003,H003,D0050,CC1010,INV-2024-000260,2024-11-26,2024-12-26,2024-12-26,2024-11-23,Laboratory,CAPEX,8943.17,8489.88,-453.29,-5.07,Wire Transfer,Paid,FY2024,Q4,Within Budget
FIN000261,PO000261,V011,H005,D0088,CC1008,INV-2024-000261,2024-11-01,2024-12-31,2024-12-31,2024-10-29,Medical Supplies,OPEX,4736.8,4753.01,16.21,0.34,Cheque,Paid,FY2024,Q4,Over Budget
FIN000262,PO000262,V010,H001,D0016,CC1016,INV-2025-000262,2025-11-26,2026-01-10,2026-01-06,2025-11-23,Equipment,CAPEX,1741.02,1770.91,29.89,1.72,Wire Transfer,Paid,FY2025,Q4,Over Budget
FIN000263,PO000263,V008,H005,D0081,CC1001,INV-2023-000263,2023-09-10,2023-11-09,2023-11-11,2023-09-08,Pharmacy,OPEX,2564551.64,2449802.99,-114748.65,-4.47,Wire Transfer,Partially Paid,FY2023,Q3,Within Budget
FIN000264,PO000264,V002,H003,D0048,CC1008,INV-2024-000264,2024-07-08,2024-08-22,2024-08-21,2024-07-08,Equipment,OPEX,57119.7,60230.77,3111.07,5.45,Bank Transfer,Paid,FY2024,Q3,Over Budget
FIN000265,PO000265,V012,H002,D0040,CC1020,INV-2024-000265,2024-05-28,2024-07-27,2024-08-14,2024-05-25,Equipment,OPEX,33366.82,34828.12,1461.3,4.38,Wire Transfer,Overdue,FY2024,Q2,Over Budget
FIN000266,PO000266,V002,H005,D0087,CC1007,INV-2023-000266,2023-11-23,2024-01-07,2024-01-06,2023-11-21,Laboratory,CAPEX,199020.16,183133.29,-15886.87,-7.98,Cheque,Paid,FY2023,Q4,Within Budget
FIN000267,PO000267,V004,H005,D0081,CC1001,INV-2023-000267,2023-10-20,2023-12-04,2023-12-01,2023-10-17,Administration,CAPEX,11593.19,10776.19,-817.0,-7.05,ACH,Paid,FY2023,Q4,Within Budget
FIN000268,PO000268,V009,H003,D0042,CC1002,INV-2024-000268,2024-01-09,2024-02-23,2024-02-21,2024-01-07,Laboratory,CAPEX,91696.09,97235.72,5539.63,6.04,Wire Transfer,Paid,FY2024,Q1,Over Budget
FIN000269,PO000269,V011,H004,D0065,CC1005,INV-2024-000269,2024-02-14,2024-04-14,2024-04-12,2024-02-14,Pharmacy,CAPEX,26155.59,25965.05,-190.54,-0.73,Wire Transfer,Paid,FY2024,Q1,Within Budget
FIN000270,PO000270,V008,H005,D0083,CC1003,INV-2024-000270,2024-03-27,2024-05-26,2024-05-25,2024-03-27,Pharmacy,CAPEX,15482665.02,17031726.45,1549061.43,10.01,Bank Transfer,Paid,FY2024,Q1,Over Budget
FIN000271,PO000271,V005,H002,D0032,CC1012,INV-2023-000271,2023-10-05,2023-12-04,,2023-10-02,Pharmacy,OPEX,24175469.57,24737764.78,562295.21,2.33,ACH,Pending,FY2023,Q4,Over Budget
FIN000272,PO000272,V009,H005,D0082,CC1002,INV-2023-000272,2023-04-14,2023-05-29,2023-05-27,2023-04-11,Administration,CAPEX,141996.04,129674.79,-12321.25,-8.68,ACH,Paid,FY2023,Q2,Within Budget
FIN000273,PO000273,V009,H003,D0055,CC1015,INV-2024-000273,2024-03-30,2024-05-14,2024-05-14,2024-03-27,Medical Supplies,OPEX,98463.57,104769.48,6305.91,6.4,Wire Transfer,Paid,FY2024,Q1,Over Budget
FIN000274,PO000274,V004,H005,D0085,CC1005,INV-2024-000274,2024-05-15,2024-06-29,2024-06-25,2024-05-12,Equipment,CAPEX,9091.85,8570.8,-521.05,-5.73,UPI,Paid,FY2024,Q2,Within Budget
FIN000275,PO000275,V004,H004,D0066,CC1006,INV-2023-000275,2023-04-26,2023-06-10,2023-06-14,2023-04-23,Administration,CAPEX,11780.39,12224.05,443.66,3.77,UPI,Partially Paid,FY2023,Q2,Over Budget
FIN000276,PO000276,V011,H001,D0019,CC1019,INV-2023-000276,2023-01-29,2023-03-30,,2023-01-26,Pharmacy,CAPEX,26738.9,25091.45,-1647.45,-6.16,Bank Transfer,Pending,FY2023,Q1,Within Budget
FIN000277,PO000277,V009,H002,D0039,CC1019,INV-2024-000277,2024-02-27,2024-04-12,2024-04-21,2024-02-27,Pharmacy,OPEX,188319.08,193411.3,5092.22,2.7,UPI,Partially Paid,FY2024,Q1,Over Budget
FIN000278,PO000278,V001,H001,D0007,CC1007,INV-2026-000278,2026-01-06,2026-02-05,,2026-01-05,Administration,CAPEX,103528.74,104057.56,528.82,0.51,ACH,Pending,FY2026,Q1,Over Budget
FIN000279,PO000279,V012,H005,D0091,CC1011,INV-2025-000279,2025-04-17,2025-06-16,2025-06-11,2025-04-14,Equipment,OPEX,25474.77,25351.9,-122.87,-0.48,UPI,Paid,FY2025,Q2,Within Budget
FIN000280,PO000280,V004,H001,D0010,CC1010,INV-2023-000280,2023-01-27,2023-03-13,2023-03-10,2023-01-27,Pharmacy,CAPEX,12747.93,11699.2,-1048.73,-8.23,ACH,Paid,FY2023,Q1,Within Budget
FIN000281,PO000281,V006,H003,D0041,CC1001,INV-2025-000281,2025-11-22,2026-01-21,2026-01-17,2025-11-21,Laboratory,OPEX,8883591.15,9040976.27,157385.12,1.77,ACH,Paid,FY2025,Q4,Over Budget
FIN000282,PO000282,V012,H001,D0013,CC1013,INV-2025-000282,2025-08-17,2025-10-16,2025-10-23,2025-08-15,Administration,CAPEX,12353.56,12307.57,-45.99,-0.37,Wire Transfer,Partially Paid,FY2025,Q3,Within Budget
FIN000283,PO000283,V009,H003,D0045,CC1005,INV-2024-000283,2024-01-14,2024-02-28,2024-03-04,2024-01-11,Administration,CAPEX,104544.29,95794.68,-8749.61,-8.37,Wire Transfer,Partially Paid,FY2024,Q1,Within Budget
FIN000284,PO000284,V012,H002,D0033,CC1013,INV-2024-000284,2024-01-31,2024-03-31,2024-04-04,2024-01-30,Administration,CAPEX,17551.28,17173.21,-378.07,-2.15,ACH,Partially Paid,FY2024,Q1,Within Budget
FIN000285,PO000285,V011,H002,D0030,CC1010,INV-2025-000285,2025-03-14,2025-05-13,,2025-03-12,Equipment,CAPEX,4842.86,4449.94,-392.92,-8.11,Wire Transfer,Pending,FY2025,Q1,Within Budget
FIN000286,PO000286,V008,H002,D0032,CC1012,INV-2024-000286,2024-07-16,2024-09-14,2024-09-10,2024-07-14,Administration,CAPEX,2428563.51,2438413.03,9849.52,0.41,Cheque,Paid,FY2024,Q3,Over Budget
FIN000287,PO000287,V012,H004,D0077,CC1017,INV-2023-000287,2023-12-15,2024-02-13,2024-02-11,2023-12-14,Medical Supplies,CAPEX,8367.0,7866.12,-500.88,-5.99,Cheque,Paid,FY2023,Q4,Within Budget
FIN000288,PO000288,V011,H003,D0049,CC1009,INV-2024-000288,2024-04-16,2024-06-15,2024-06-11,2024-04-13,Pharmacy,CAPEX,16654.43,16150.62,-503.81,-3.03,ACH,Paid,FY2024,Q2,Within Budget
FIN000289,PO000289,V006,H003,D0041,CC1001,INV-2025-000289,2025-09-11,2025-11-10,2025-11-05,2025-09-10,Administration,OPEX,1220367.35,1323830.94,103463.59,8.48,ACH,Paid,FY2025,Q3,Over Budget
FIN000290,PO000290,V011,H002,D0026,CC1006,INV-2026-000290,2026-01-07,2026-03-08,2026-03-05,2026-01-04,Medical Supplies,OPEX,17571.12,19298.36,1727.24,9.83,Bank Transfer,Paid,FY2026,Q1,Over Budget
FIN000291,PO000291,V001,H001,D0012,CC1012,INV-2023-000291,2023-12-14,2024-01-13,2024-01-10,2023-12-13,Laboratory,OPEX,239559.02,219194.98,-20364.04,-8.5,Wire Transfer,Paid,FY2023,Q4,Within Budget
FIN000292,PO000292,V009,H001,D0013,CC1013,INV-2025-000292,2025-11-28,2026-01-12,2026-01-13,2025-11-28,Administration,OPEX,42455.32,44030.12,1574.8,3.71,UPI,Partially Paid,FY2025,Q4,Over Budget
FIN000293,PO000293,V012,H004,D0071,CC1011,INV-2023-000293,2023-05-20,2023-07-19,2023-07-21,2023-05-20,Laboratory,OPEX,6358.48,6068.77,-289.71,-4.56,Bank Transfer,Partially Paid,FY2023,Q2,Within Budget
FIN000294,PO000294,V009,H001,D0010,CC1010,INV-2024-000294,2024-04-05,2024-05-20,,2024-04-02,Equipment,CAPEX,71189.62,64751.13,-6438.49,-9.04,Bank Transfer,Pending,FY2024,Q2,Within Budget
FIN000295,PO000295,V010,H002,D0037,CC1017,INV-2023-000295,2023-06-10,2023-07-25,2023-07-30,2023-06-10,Pharmacy,CAPEX,5007.95,5552.95,545.0,10.88,UPI,Partially Paid,FY2023,Q2,Over Budget
FIN000296,PO000296,V006,H005,D0081,CC1001,INV-2025-000296,2025-02-28,2025-04-29,2025-05-18,2025-02-27,Pharmacy,OPEX,2374818.58,2363324.06,-11494.52,-0.48,Bank Transfer,Overdue,FY2025,Q1,Within Budget
FIN000297,PO000297,V010,H005,D0081,CC1001,INV-2023-000297,2023-09-17,2023-11-01,2023-10-27,2023-09-14,Equipment,OPEX,4240.35,4388.97,148.62,3.5,Wire Transfer,Paid,FY2023,Q3,Over Budget
FIN000298,PO000298,V007,H004,D0077,CC1017,INV-2023-000298,2023-03-16,2023-05-15,2023-05-10,2023-03-15,Laboratory,CAPEX,752220.49,710880.29,-41340.2,-5.5,UPI,Paid,FY2023,Q1,Within Budget
FIN000299,PO000299,V004,H003,D0059,CC1019,INV-2024-000299,2024-04-25,2024-06-09,,2024-04-22,Equipment,OPEX,11274.73,11676.58,401.85,3.56,Cheque,Pending,FY2024,Q2,Over Budget
FIN000300,PO000300,V009,H001,D0018,CC1018,INV-2023-000300,2023-03-24,2023-05-08,2023-05-05,2023-03-23,Equipment,CAPEX,72876.5,75541.58,2665.08,3.66,Wire Transfer,Paid,FY2023,Q1,Over Budget
FIN000301,PO000301,V012,H001,D0006,CC1006,INV-2025-000301,2025-07-19,2025-09-17,2025-09-13,2025-07-17,Medical Supplies,CAPEX,26722.75,24498.15,-2224.6,-8.32,Wire Transfer,Paid,FY2025,Q3,Within Budget
FIN000302,PO000302,V009,H004,D0080,CC1020,INV-2024-000302,2024-03-30,2024-05-14,,2024-03-30,Laboratory,CAPEX,60329.97,58090.37,-2239.6,-3.71,ACH,Pending,FY2024,Q1,Within Budget
FIN000303,PO000303,V003,H004,D0076,CC1016,INV-2024-000303,2024-10-26,2024-11-25,,2024-10-24,Pharmacy,CAPEX,5675.2,5784.63,109.43,1.93,UPI,Pending,FY2024,Q4,Over Budget
FIN000304,PO000304,V010,H003,D0046,CC1006,INV-2024-000304,2024-09-24,2024-11-08,2024-11-05,2024-09-23,Administration,CAPEX,3394.84,3595.58,200.74,5.91,Cheque,Paid,FY2024,Q3,Over Budget
FIN000305,PO000305,V007,H001,D0013,CC1013,INV-2025-000305,2025-11-07,2026-01-06,,2025-11-04,Equipment,OPEX,757964.45,728540.07,-29424.38,-3.88,UPI,Pending,FY2025,Q4,Within Budget
FIN000306,PO000306,V008,H005,D0087,CC1007,INV-2025-000306,2025-05-08,2025-07-07,2025-07-03,2025-05-08,Pharmacy,OPEX,18047649.4,16794338.13,-1253311.27,-6.94,UPI,Paid,FY2025,Q2,Within Budget
FIN000307,PO000307,V005,H004,D0065,CC1005,INV-2024-000307,2024-04-30,2024-06-29,2024-06-28,2024-04-29,Equipment,CAPEX,31735113.32,34403378.9,2668265.58,8.41,UPI,Paid,FY2024,Q2,Over Budget
FIN000308,PO000308,V002,H005,D0095,CC1015,INV-2025-000308,2026-01-01,2026-02-15,,2025-12-31,Laboratory,OPEX,187358.1,189563.08,2204.98,1.18,UPI,Pending,FY2025,Q4,Over Budget
FIN000309,PO000309,V002,H001,D0018,CC1018,INV-2025-000309,2025-07-23,2025-09-06,2025-09-02,2025-07-23,Laboratory,CAPEX,115914.44,117192.24,1277.8,1.1,UPI,Paid,FY2025,Q3,Over Budget
FIN000310,PO000310,V003,H005,D0094,CC1014,INV-2024-000310,2024-07-15,2024-08-14,,2024-07-12,Pharmacy,OPEX,17089.1,18747.35,1658.25,9.7,Cheque,Pending,FY2024,Q3,Over Budget
FIN000311,PO000311,V010,H001,D0016,CC1016,INV-2024-000311,2024-03-20,2024-05-04,,2024-03-20,Administration,OPEX,13551.47,14251.33,699.86,5.16,Bank Transfer,Pending,FY2024,Q1,Over Budget
FIN000312,PO000312,V001,H002,D0024,CC1004,INV-2025-000312,2025-09-15,2025-10-15,2025-10-15,2025-09-15,Medical Supplies,CAPEX,74860.28,76020.39,1160.11,1.55,Bank Transfer,Paid,FY2025,Q3,Over Budget
FIN000313,PO000313,V008,H004,D0080,CC1020,INV-2025-000313,2025-03-18,2025-05-17,,2025-03-17,Laboratory,CAPEX,29725154.93,31047202.52,1322047.59,4.45,Cheque,Pending,FY2025,Q1,Over Budget
FIN000314,PO000314,V010,H002,D0039,CC1019,INV-2023-000314,2023-08-12,2023-09-26,2023-09-21,2023-08-09,Administration,OPEX,2077.46,2099.06,21.6,1.04,Wire Transfer,Paid,FY2023,Q3,Over Budget
FIN000315,PO000315,V010,H001,D0018,CC1018,INV-2024-000315,2024-04-15,2024-05-30,2024-05-25,2024-04-12,Equipment,OPEX,3065.66,3318.8,253.14,8.26,Bank Transfer,Paid,FY2024,Q2,Over Budget
FIN000316,PO000316,V005,H003,D0047,CC1007,INV-2023-000316,2023-12-04,2024-02-02,,2023-12-01,Administration,CAPEX,9447883.38,8622706.44,-825176.94,-8.73,UPI,Pending,FY2023,Q4,Within Budget
FIN000317,PO000317,V012,H005,D0097,CC1017,INV-2024-000317,2024-12-11,2025-02-09,2025-02-07,2024-12-10,Equipment,CAPEX,27886.11,28576.07,689.96,2.47,ACH,Paid,FY2024,Q4,Over Budget
FIN000318,PO000318,V007,H002,D0026,CC1006,INV-2024-000318,2024-01-08,2024-03-08,2024-03-03,2024-01-08,Laboratory,OPEX,40255933.55,37017560.64,-3238372.91,-8.04,ACH,Paid,FY2024,Q1,Within Budget
FIN000319,PO000319,V012,H004,D0079,CC1019,INV-2023-000319,2023-05-15,2023-07-14,2023-07-11,2023-05-15,Administration,OPEX,20705.03,21998.16,1293.13,6.25,ACH,Paid,FY2023,Q2,Over Budget
FIN000320,PO000320,V003,H003,D0048,CC1008,INV-2023-000320,2023-10-18,2023-11-17,2023-11-13,2023-10-15,Equipment,OPEX,29266.35,27923.02,-1343.33,-4.59,ACH,Paid,FY2023,Q4,Within Budget
FIN000321,PO000321,V005,H004,D0079,CC1019,INV-2025-000321,2025-02-24,2025-04-25,2025-04-20,2025-02-22,Administration,CAPEX,3055701.85,3053322.79,-2379.06,-0.08,UPI,Paid,FY2025,Q1,Within Budget
FIN000322,PO000322,V003,H001,D0003,CC1003,INV-2023-000322,2023-01-30,2023-03-01,2023-02-28,2023-01-28,Administration,OPEX,17380.49,17046.66,-333.83,-1.92,Cheque,Paid,FY2023,Q1,Within Budget
FIN000323,PO000323,V006,H001,D0005,CC1005,INV-2024-000323,2024-01-20,2024-03-20,2024-03-16,2024-01-20,Equipment,CAPEX,2785749.84,2901519.93,115770.09,4.16,UPI,Paid,FY2024,Q1,Over Budget
FIN000324,PO000324,V003,H004,D0079,CC1019,INV-2025-000324,2025-01-04,2025-02-03,2025-02-13,2025-01-02,Laboratory,CAPEX,12733.6,12744.76,11.16,0.09,Cheque,Partially Paid,FY2025,Q1,Over Budget
FIN000325,PO000325,V003,H004,D0063,CC1003,INV-2024-000325,2024-05-21,2024-06-20,2024-06-16,2024-05-19,Laboratory,OPEX,5566.27,5670.31,104.04,1.87,ACH,Paid,FY2024,Q2,Over Budget
FIN000326,PO000326,V001,H001,D0003,CC1003,INV-2023-000326,2023-07-23,2023-08-22,2023-08-28,2023-07-22,Administration,CAPEX,144246.34,150233.56,5987.22,4.15,Cheque,Overdue,FY2023,Q3,Over Budget
FIN000327,PO000327,V007,H001,D0019,CC1019,INV-2024-000327,2024-01-11,2024-03-11,2024-03-09,2024-01-10,Equipment,CAPEX,18190000.24,17983951.78,-206048.46,-1.13,Bank Transfer,Paid,FY2024,Q1,Within Budget
FIN000328,PO000328,V004,H003,D0042,CC1002,INV-2025-000328,2025-12-23,2026-02-06,2026-02-01,2025-12-21,Equipment,OPEX,2618.85,2414.92,-203.93,-7.79,Wire Transfer,Paid,FY2025,Q4,Within Budget
FIN000329,PO000329,V011,H003,D0058,CC1018,INV-2023-000329,2023-04-20,2023-06-19,2023-06-30,2023-04-20,Administration,OPEX,15943.84,16345.39,401.55,2.52,Cheque,Overdue,FY2023,Q2,Over Budget
FIN000330,PO000330,V004,H005,D0093,CC1013,INV-2024-000330,2024-10-12,2024-11-26,2024-11-26,2024-10-10,Equipment,OPEX,2470.06,2622.76,152.7,6.18,Bank Transfer,Paid,FY2024,Q4,Over Budget
FIN000331,PO000331,V001,H001,D0010,CC1010,INV-2024-000331,2024-09-14,2024-10-14,2024-10-23,2024-09-11,Equipment,CAPEX,176231.07,167938.94,-8292.13,-4.71,ACH,Partially Paid,FY2024,Q3,Within Budget
FIN000332,PO000332,V004,H003,D0041,CC1001,INV-2025-000332,2025-03-05,2025-04-19,2025-04-15,2025-03-03,Pharmacy,CAPEX,6537.13,6469.74,-67.39,-1.03,Wire Transfer,Paid,FY2025,Q1,Within Budget
FIN000333,PO000333,V008,H001,D0019,CC1019,INV-2023-000333,2023-08-18,2023-10-17,2023-10-12,2023-08-15,Laboratory,CAPEX,32213271.33,33143649.24,930377.91,2.89,ACH,Paid,FY2023,Q3,Over Budget
FIN000334,PO000334,V011,H004,D0074,CC1014,INV-2023-000334,2023-03-22,2023-05-21,2023-05-20,2023-03-19,Equipment,OPEX,9093.82,9335.22,241.4,2.65,Wire Transfer,Paid,FY2023,Q1,Over Budget
FIN000335,PO000335,V009,H002,D0039,CC1019,INV-2024-000335,2024-02-04,2024-03-20,2024-03-19,2024-02-01,Pharmacy,OPEX,104142.2,103043.52,-1098.68,-1.05,Cheque,Paid,FY2024,Q1,Within Budget
FIN000336,PO000336,V004,H001,D0013,CC1013,INV-2023-000336,2023-06-27,2023-08-11,2023-08-06,2023-06-26,Pharmacy,CAPEX,4893.61,4826.25,-67.36,-1.38,Cheque,Paid,FY2023,Q2,Within Budget
FIN000337,PO000337,V009,H004,D0075,CC1015,INV-2024-000337,2024-10-28,2024-12-12,2024-12-07,2024-10-25,Pharmacy,OPEX,39692.73,36305.38,-3387.35,-8.53,ACH,Paid,FY2024,Q4,Within Budget
FIN000338,PO000338,V009,H002,D0033,CC1013,INV-2025-000338,2025-01-24,2025-03-10,2025-03-06,2025-01-21,Medical Supplies,OPEX,105809.03,101343.56,-4465.47,-4.22,Bank Transfer,Paid,FY2025,Q1,Within Budget
FIN000339,PO000339,V002,H001,D0010,CC1010,INV-2025-000339,2025-11-29,2026-01-13,,2025-11-29,Laboratory,OPEX,227597.95,208989.98,-18607.97,-8.18,ACH,Pending,FY2025,Q4,Within Budget
FIN000340,PO000340,V008,H005,D0082,CC1002,INV-2025-000340,2025-03-20,2025-05-19,2025-05-15,2025-03-19,Laboratory,CAPEX,23616238.57,25849829.59,2233591.02,9.46,Bank Transfer,Paid,FY2025,Q1,Over Budget
FIN000341,PO000341,V008,H003,D0046,CC1006,INV-2025-000341,2025-12-28,2026-02-26,,2025-12-25,Medical Supplies,OPEX,516884.79,504983.81,-11900.98,-2.3,UPI,Pending,FY2025,Q4,Within Budget
FIN000342,PO000342,V003,H003,D0057,CC1017,INV-2025-000342,2025-10-11,2025-11-10,2025-11-05,2025-10-11,Pharmacy,CAPEX,14686.59,14536.45,-150.14,-1.02,Bank Transfer,Paid,FY2025,Q4,Within Budget
FIN000343,PO000343,V001,H004,D0062,CC1002,INV-2025-000343,2025-09-27,2025-10-27,2025-11-06,2025-09-24,Medical Supplies,OPEX,124268.27,124213.22,-55.05,-0.04,UPI,Overdue,FY2025,Q3,Within Budget
FIN000344,PO000344,V008,H005,D0084,CC1004,INV-2025-000344,2025-08-17,2025-10-16,2025-10-14,2025-08-16,Pharmacy,CAPEX,1242148.23,1335960.01,93811.78,7.55,Cheque,Paid,FY2025,Q3,Over Budget
FIN000345,PO000345,V006,H003,D0060,CC1020,INV-2025-000345,2025-03-13,2025-05-12,2025-05-11,2025-03-10,Equipment,CAPEX,28867458.66,31521442.83,2653984.17,9.19,Bank Transfer,Paid,FY2025,Q1,Over Budget
FIN000346,PO000346,V005,H002,D0037,CC1017,INV-2024-000346,2024-11-09,2025-01-08,2025-01-05,2024-11-09,Laboratory,CAPEX,41486435.31,40248896.69,-1237538.62,-2.98,Bank Transfer,Paid,FY2024,Q4,Within Budget
FIN000347,PO000347,V011,H002,D0030,CC1010,INV-2024-000347,2024-09-09,2024-11-08,2024-11-05,2024-09-08,Pharmacy,OPEX,7623.96,7421.0,-202.96,-2.66,UPI,Paid,FY2024,Q3,Within Budget
FIN000348,PO000348,V012,H004,D0064,CC1004,INV-2023-000348,2023-09-09,2023-11-08,2023-11-03,2023-09-08,Administration,CAPEX,12743.55,11757.88,-985.67,-7.73,Wire Transfer,Paid,FY2023,Q3,Within Budget
FIN000349,PO000349,V003,H005,D0084,CC1004,INV-2024-000349,2024-03-15,2024-04-14,,2024-03-15,Pharmacy,OPEX,5039.8,5542.43,502.63,9.97,ACH,Pending,FY2024,Q1,Over Budget
FIN000350,PO000350,V008,H002,D0039,CC1019,INV-2023-000350,2023-11-08,2024-01-07,2024-01-06,2023-11-06,Administration,OPEX,48861446.84,45002348.22,-3859098.62,-7.9,Cheque,Paid,FY2023,Q4,Within Budget
FIN000351,PO000351,V007,H001,D0010,CC1010,INV-2023-000351,2023-07-03,2023-09-01,2023-08-31,2023-07-01,Administration,CAPEX,22363618.72,20596918.3,-1766700.42,-7.9,UPI,Paid,FY2023,Q3,Within Budget
FIN000352,PO000352,V009,H005,D0089,CC1009,INV-2025-000352,2025-01-18,2025-03-04,,2025-01-17,Medical Supplies,CAPEX,37723.04,39036.79,1313.75,3.48,Bank Transfer,Pending,FY2025,Q1,Over Budget
FIN000353,PO000353,V009,H002,D0040,CC1020,INV-2023-000353,2023-04-18,2023-06-02,2023-06-17,2023-04-17,Administration,CAPEX,45097.16,49043.33,3946.17,8.75,Wire Transfer,Overdue,FY2023,Q2,Over Budget
FIN000354,PO000354,V009,H002,D0028,CC1008,INV-2024-000354,2024-04-14,2024-05-29,,2024-04-12,Laboratory,CAPEX,29255.48,32293.48,3038.0,10.38,ACH,Pending,FY2024,Q2,Over Budget
FIN000355,PO000355,V003,H005,D0092,CC1012,INV-2023-000355,2023-03-05,2023-04-04,2023-03-30,2023-03-02,Administration,CAPEX,4850.97,4995.01,144.04,2.97,Bank Transfer,Paid,FY2023,Q1,Over Budget
FIN000356,PO000356,V006,H004,D0079,CC1019,INV-2023-000356,2023-11-10,2024-01-09,,2023-11-08,Medical Supplies,OPEX,14737744.8,13976931.75,-760813.05,-5.16,Wire Transfer,Pending,FY2023,Q4,Within Budget
FIN000357,PO000357,V007,H005,D0096,CC1016,INV-2025-000357,2025-01-14,2025-03-15,,2025-01-13,Pharmacy,CAPEX,8253393.25,8866567.91,613174.66,7.43,Bank Transfer,Pending,FY2025,Q1,Over Budget
FIN000358,PO000358,V009,H001,D0002,CC1002,INV-2023-000358,2023-06-03,2023-07-18,2023-07-16,2023-06-01,Medical Supplies,OPEX,82757.94,90120.41,7362.47,8.9,Bank Transfer,Paid,FY2023,Q2,Over Budget
FIN000359,PO000359,V005,H003,D0058,CC1018,INV-2023-000359,2023-12-28,2024-02-26,2024-02-22,2023-12-25,Laboratory,OPEX,1845351.29,1968420.15,123068.86,6.67,Bank Transfer,Paid,FY2023,Q4,Over Budget
FIN000360,PO000360,V012,H005,D0095,CC1015,INV-2024-000360,2024-05-09,2024-07-08,2024-07-06,2024-05-09,Laboratory,OPEX,15238.5,16601.05,1362.55,8.94,Wire Transfer,Paid,FY2024,Q2,Over Budget
FIN000361,PO000361,V001,H001,D0008,CC1008,INV-2023-000361,2023-03-09,2023-04-08,,2023-03-09,Administration,OPEX,180821.69,183993.36,3171.67,1.75,UPI,Pending,FY2023,Q1,Over Budget
FIN000362,PO000362,V011,H004,D0079,CC1019,INV-2024-000362,2024-03-17,2024-05-16,2024-05-14,2024-03-14,Pharmacy,CAPEX,8469.02,8433.42,-35.6,-0.42,Cheque,Paid,FY2024,Q1,Within Budget
FIN000363,PO000363,V011,H004,D0076,CC1016,INV-2024-000363,2024-11-15,2025-01-14,2025-01-11,2024-11-14,Pharmacy,CAPEX,7365.62,7926.95,561.33,7.62,Bank Transfer,Paid,FY2024,Q4,Over Budget
FIN000364,PO000364,V006,H004,D0063,CC1003,INV-2025-000364,2025-03-29,2025-05-28,,2025-03-28,Laboratory,OPEX,1063119.73,1093491.47,30371.74,2.86,Cheque,Pending,FY2025,Q1,Over Budget
FIN000365,PO000365,V011,H002,D0037,CC1017,INV-2024-000365,2024-09-17,2024-11-16,2024-11-13,2024-09-15,Pharmacy,CAPEX,13041.86,14154.48,1112.62,8.53,Wire Transfer,Paid,FY2024,Q3,Over Budget
FIN000366,PO000366,V009,H001,D0004,CC1004,INV-2024-000366,2024-01-28,2024-03-13,2024-04-07,2024-01-25,Administration,OPEX,33622.51,34029.35,406.84,1.21,Wire Transfer,Overdue,FY2024,Q1,Over Budget
FIN000367,PO000367,V007,H004,D0071,CC1011,INV-2025-000367,2025-06-11,2025-08-10,2025-08-09,2025-06-10,Laboratory,CAPEX,2454717.03,2546035.61,91318.58,3.72,Wire Transfer,Paid,FY2025,Q2,Over Budget
FIN000368,PO000368,V012,H003,D0043,CC1003,INV-2025-000368,2025-10-20,2025-12-19,2025-12-22,2025-10-17,Pharmacy,CAPEX,23769.86,22703.37,-1066.49,-4.49,Wire Transfer,Partially Paid,FY2025,Q4,Within Budget
FIN000369,PO000369,V004,H004,D0072,CC1012,INV-2025-000369,2025-01-12,2025-02-26,2025-02-22,2025-01-09,Equipment,OPEX,5785.86,5441.42,-344.44,-5.95,UPI,Paid,FY2025,Q1,Within Budget
FIN000370,PO000370,V008,H003,D0056,CC1016,INV-2025-000370,2025-05-17,2025-07-16,2025-07-19,2025-05-14,Laboratory,CAPEX,25612144.07,28288732.83,2676588.76,10.45,Bank Transfer,Partially Paid,FY2025,Q2,Over Budget
FIN000371,PO000371,V003,H005,D0097,CC1017,INV-2023-000371,2023-06-25,2023-07-25,,2023-06-22,Equipment,CAPEX,16588.02,15593.28,-994.74,-6.0,ACH,Pending,FY2023,Q2,Within Budget
FIN000372,PO000372,V006,H001,D0014,CC1014,INV-2024-000372,2024-01-04,2024-03-04,,2024-01-03,Laboratory,OPEX,12499498.76,13149943.11,650444.35,5.2,Cheque,Pending,FY2024,Q1,Over Budget
FIN000373,PO000373,V012,H005,D0094,CC1014,INV-2025-000373,2025-02-07,2025-04-08,2025-04-04,2025-02-04,Administration,CAPEX,27665.43,25192.99,-2472.44,-8.94,UPI,Paid,FY2025,Q1,Within Budget
FIN000374,PO000374,V004,H001,D0005,CC1005,INV-2024-000374,2024-05-31,2024-07-15,,2024-05-29,Administration,OPEX,4152.66,4576.67,424.01,10.21,Bank Transfer,Pending,FY2024,Q2,Over Budget
FIN000375,PO000375,V008,H003,D0050,CC1010,INV-2023-000375,2023-09-23,2023-11-22,2023-11-18,2023-09-21,Medical Supplies,CAPEX,30687555.9,29121107.93,-1566447.97,-5.1,Wire Transfer,Paid,FY2023,Q3,Within Budget
FIN000376,PO000376,V012,H005,D0096,CC1016,INV-2023-000376,2023-12-25,2024-02-23,2024-02-23,2023-12-22,Pharmacy,OPEX,23037.72,21074.75,-1962.97,-8.52,UPI,Paid,FY2023,Q4,Within Budget
FIN000377,PO000377,V009,H005,D0085,CC1005,INV-2023-000377,2023-12-27,2024-02-10,2024-02-07,2023-12-26,Laboratory,OPEX,62008.53,59091.16,-2917.37,-4.7,Wire Transfer,Paid,FY2023,Q4,Within Budget
FIN000378,PO000378,V003,H005,D0082,CC1002,INV-2025-000378,2025-04-28,2025-05-28,2025-05-25,2025-04-25,Medical Supplies,OPEX,23077.67,20988.47,-2089.2,-9.05,ACH,Paid,FY2025,Q2,Within Budget
FIN000379,PO000379,V006,H003,D0043,CC1003,INV-2023-000379,2023-11-19,2024-01-18,2024-01-17,2023-11-17,Administration,CAPEX,17518041.88,18066062.7,548020.82,3.13,Wire Transfer,Paid,FY2023,Q4,Over Budget
FIN000380,PO000380,V001,H004,D0075,CC1015,INV-2025-000380,2025-05-12,2025-06-11,,2025-05-09,Laboratory,CAPEX,147539.47,148246.23,706.76,0.48,Bank Transfer,Pending,FY2025,Q2,Over Budget
FIN000381,PO000381,V004,H003,D0053,CC1013,INV-2025-000381,2025-11-29,2026-01-13,2026-01-11,2025-11-29,Medical Supplies,OPEX,19993.1,20825.0,831.9,4.16,ACH,Paid,FY2025,Q4,Over Budget
FIN000382,PO000382,V005,H001,D0005,CC1005,INV-2023-000382,2023-08-06,2023-10-05,2023-10-02,2023-08-05,Laboratory,OPEX,3240491.57,3230159.0,-10332.57,-0.32,Cheque,Paid,FY2023,Q3,Within Budget
FIN000383,PO000383,V012,H005,D0091,CC1011,INV-2025-000383,2025-06-16,2025-08-15,2025-08-12,2025-06-15,Laboratory,OPEX,15477.79,15086.27,-391.52,-2.53,UPI,Paid,FY2025,Q2,Within Budget
FIN000384,PO000384,V012,H002,D0027,CC1007,INV-2023-000384,2023-10-19,2023-12-18,2023-12-15,2023-10-16,Medical Supplies,OPEX,13628.71,12658.8,-969.91,-7.12,ACH,Paid,FY2023,Q4,Within Budget
FIN000385,PO000385,V001,H001,D0016,CC1016,INV-2025-000385,2025-08-04,2025-09-03,2025-08-30,2025-08-04,Equipment,CAPEX,146134.91,152913.73,6778.82,4.64,Wire Transfer,Paid,FY2025,Q3,Over Budget
FIN000386,PO000386,V011,H005,D0084,CC1004,INV-2024-000386,2024-03-05,2024-05-04,2024-05-01,2024-03-05,Administration,CAPEX,20583.17,21910.63,1327.46,6.45,UPI,Paid,FY2024,Q1,Over Budget
FIN000387,PO000387,V009,H002,D0034,CC1014,INV-2025-000387,2025-01-25,2025-03-11,2025-03-09,2025-01-22,Pharmacy,CAPEX,89327.65,91362.49,2034.84,2.28,UPI,Paid,FY2025,Q1,Over Budget
FIN000388,PO000388,V005,H003,D0045,CC1005,INV-2025-000388,2025-04-16,2025-06-15,2025-06-24,2025-04-14,Medical Supplies,OPEX,22910558.76,24516237.41,1605678.65,7.01,Wire Transfer,Partially Paid,FY2025,Q2,Over Budget
FIN000389,PO000389,V003,H004,D0072,CC1012,INV-2024-000389,2024-03-25,2024-04-24,2024-04-22,2024-03-23,Equipment,CAPEX,31194.37,33775.77,2581.4,8.28,Cheque,Paid,FY2024,Q1,Over Budget
FIN000390,PO000390,V007,H004,D0067,CC1007,INV-2023-000390,2023-02-17,2023-04-18,2023-04-15,2023-02-14,Administration,OPEX,24707369.57,24239899.15,-467470.42,-1.89,UPI,Paid,FY2023,Q1,Within Budget
FIN000391,PO000391,V003,H002,D0040,CC1020,INV-2024-000391,2024-04-24,2024-05-24,2024-05-22,2024-04-22,Laboratory,OPEX,11786.8,12628.18,841.38,7.14,Wire Transfer,Paid,FY2024,Q2,Over Budget
FIN000392,PO000392,V010,H005,D0092,CC1012,INV-2025-000392,2025-02-10,2025-03-27,2025-03-24,2025-02-07,Administration,CAPEX,17056.72,15643.08,-1413.64,-8.29,Cheque,Paid,FY2025,Q1,Within Budget
FIN000393,PO000393,V010,H001,D0011,CC1011,INV-2023-000393,2023-06-05,2023-07-20,,2023-06-02,Laboratory,CAPEX,1910.27,1842.22,-68.05,-3.56,ACH,Pending,FY2023,Q2,Within Budget
FIN000394,PO000394,V012,H004,D0075,CC1015,INV-2025-000394,2025-05-14,2025-07-13,,2025-05-14,Equipment,CAPEX,18823.38,20537.57,1714.19,9.11,Bank Transfer,Pending,FY2025,Q2,Over Budget
FIN000395,PO000395,V002,H003,D0046,CC1006,INV-2025-000395,2025-03-12,2025-04-26,2025-04-23,2025-03-10,Administration,CAPEX,155042.91,162353.6,7310.69,4.72,UPI,Paid,FY2025,Q1,Over Budget
FIN000396,PO000396,V006,H003,D0045,CC1005,INV-2023-000396,2023-07-11,2023-09-09,2023-09-05,2023-07-11,Pharmacy,OPEX,6645048.73,6630718.45,-14330.28,-0.22,Cheque,Paid,FY2023,Q3,Within Budget
FIN000397,PO000397,V001,H002,D0030,CC1010,INV-2025-000397,2025-12-07,2026-01-06,2026-01-01,2025-12-04,Equipment,CAPEX,142109.97,140804.62,-1305.35,-0.92,Bank Transfer,Paid,FY2025,Q4,Within Budget
FIN000398,PO000398,V001,H001,D0008,CC1008,INV-2025-000398,2025-03-09,2025-04-08,2025-04-15,2025-03-07,Laboratory,OPEX,98490.29,99490.52,1000.23,1.02,ACH,Overdue,FY2025,Q1,Over Budget
FIN000399,PO000399,V005,H004,D0076,CC1016,INV-2025-000399,2025-02-04,2025-04-05,2025-04-29,2025-02-02,Laboratory,OPEX,17621185.38,18706625.47,1085440.09,6.16,UPI,Overdue,FY2025,Q1,Over Budget
FIN000400,PO000400,V012,H005,D0085,CC1005,INV-2024-000400,2024-01-11,2024-03-11,2024-03-17,2024-01-10,Administration,CAPEX,18014.37,19415.24,1400.87,7.78,UPI,Overdue,FY2024,Q1,Over Budget
FIN000401,PO000401,V008,H005,D0093,CC1013,INV-2024-000401,2024-04-07,2024-06-06,2024-06-01,2024-04-06,Pharmacy,CAPEX,40849572.17,42719980.93,1870408.76,4.58,UPI,Paid,FY2024,Q2,Over Budget
FIN000402,PO000402,V007,H004,D0067,CC1007,INV-2025-000402,2025-04-27,2025-06-26,2025-06-23,2025-04-27,Medical Supplies,CAPEX,17316415.26,18161494.8,845079.54,4.88,ACH,Paid,FY2025,Q2,Over Budget
FIN000403,PO000403,V002,H001,D0003,CC1003,INV-2023-000403,2023-11-29,2024-01-13,2024-01-08,2023-11-28,Pharmacy,OPEX,62950.04,60512.28,-2437.76,-3.87,Cheque,Paid,FY2023,Q4,Within Budget
FIN000404,PO000404,V004,H001,D0008,CC1008,INV-2025-000404,2025-06-23,2025-08-07,2025-08-04,2025-06-21,Laboratory,OPEX,4346.22,4355.4,9.18,0.21,Bank Transfer,Paid,FY2025,Q2,Over Budget
FIN000405,PO000405,V012,H001,D0011,CC1011,INV-2025-000405,2025-08-02,2025-10-01,,2025-07-31,Pharmacy,CAPEX,26560.06,27086.34,526.28,1.98,Cheque,Pending,FY2025,Q3,Over Budget
FIN000406,PO000406,V011,H004,D0075,CC1015,INV-2023-000406,2023-02-10,2023-04-11,2023-04-18,2023-02-10,Laboratory,CAPEX,22106.33,22897.25,790.92,3.58,Bank Transfer,Overdue,FY2023,Q1,Over Budget
FIN000407,PO000407,V006,H002,D0035,CC1015,INV-2023-000407,2024-01-01,2024-03-01,2024-02-27,2023-12-29,Equipment,CAPEX,22913456.45,21634110.65,-1279345.8,-5.58,Wire Transfer,Paid,FY2023,Q4,Within Budget
FIN000408,PO000408,V003,H001,D0012,CC1012,INV-2023-000408,2023-03-12,2023-04-11,2023-04-07,2023-03-10,Equipment,CAPEX,7958.8,8251.11,292.31,3.67,Wire Transfer,Paid,FY2023,Q1,Over Budget
FIN000409,PO000409,V004,H005,D0098,CC1018,INV-2025-000409,2025-10-24,2025-12-08,2025-12-03,2025-10-24,Laboratory,OPEX,10227.54,9480.21,-747.33,-7.31,Bank Transfer,Paid,FY2025,Q4,Within Budget
FIN000410,PO000410,V009,H003,D0042,CC1002,INV-2023-000410,2023-12-04,2024-01-18,2024-01-18,2023-12-03,Laboratory,OPEX,133820.75,123236.4,-10584.35,-7.91,ACH,Paid,FY2023,Q4,Within Budget
FIN000411,PO000411,V001,H004,D0070,CC1010,INV-2025-000411,2025-11-15,2025-12-15,2025-12-13,2025-11-13,Medical Supplies,CAPEX,113465.2,105408.85,-8056.35,-7.1,Wire Transfer,Paid,FY2025,Q4,Within Budget
FIN000412,PO000412,V007,H002,D0024,CC1004,INV-2025-000412,2025-03-21,2025-05-20,2025-05-15,2025-03-20,Pharmacy,OPEX,15702003.03,17132869.98,1430866.95,9.11,Cheque,Paid,FY2025,Q1,Over Budget
FIN000413,PO000413,V005,H001,D0005,CC1005,INV-2024-000413,2024-11-12,2025-01-11,2025-01-08,2024-11-12,Medical Supplies,OPEX,19228841.04,18648914.88,-579926.16,-3.02,UPI,Paid,FY2024,Q4,Within Budget
FIN000414,PO000414,V006,H002,D0029,CC1009,INV-2023-000414,2023-09-21,2023-11-20,2023-11-15,2023-09-18,Pharmacy,OPEX,15015499.04,15885413.31,869914.27,5.79,Cheque,Paid,FY2023,Q3,Over Budget
FIN000415,PO000415,V009,H005,D0081,CC1001,INV-2023-000415,2023-06-11,2023-07-26,2023-07-23,2023-06-08,Medical Supplies,OPEX,61769.33,59461.84,-2307.49,-3.74,Bank Transfer,Paid,FY2023,Q2,Within Budget
FIN000416,PO000416,V002,H001,D0007,CC1007,INV-2025-000416,2025-02-07,2025-03-24,2025-03-23,2025-02-05,Equipment,OPEX,140810.44,146270.68,5460.24,3.88,UPI,Paid,FY2025,Q1,Over Budget
FIN000417,PO000417,V011,H003,D0048,CC1008,INV-2025-000417,2025-02-14,2025-04-15,2025-04-10,2025-02-13,Equipment,OPEX,30116.96,29740.5,-376.46,-1.25,Cheque,Paid,FY2025,Q1,Within Budget
FIN000418,PO000418,V005,H005,D0100,CC1020,INV-2023-000418,2023-02-11,2023-04-12,2023-04-19,2023-02-08,Medical Supplies,OPEX,10174695.44,9943847.02,-230848.42,-2.27,Bank Transfer,Overdue,FY2023,Q1,Within Budget
FIN000419,PO000419,V008,H005,D0099,CC1019,INV-2023-000419,2023-02-01,2023-04-02,2023-03-30,2023-01-29,Pharmacy,OPEX,37953749.5,37285782.77,-667966.73,-1.76,ACH,Paid,FY2023,Q1,Within Budget
FIN000420,PO000420,V007,H001,D0011,CC1011,INV-2025-000420,2025-10-27,2025-12-26,2025-12-22,2025-10-27,Administration,CAPEX,12172251.94,12740563.48,568311.54,4.67,Bank Transfer,Paid,FY2025,Q4,Over Budget
FIN000421,PO000421,V002,H002,D0033,CC1013,INV-2025-000421,2025-12-16,2026-01-30,2026-01-26,2025-12-14,Administration,OPEX,230388.58,215401.3,-14987.28,-6.51,Cheque,Paid,FY2025,Q4,Within Budget
FIN000422,PO000422,V007,H002,D0035,CC1015,INV-2025-000422,2025-11-26,2026-01-25,,2025-11-26,Equipment,CAPEX,19505106.43,20336706.7,831600.27,4.26,Cheque,Pending,FY2025,Q4,Over Budget
FIN000423,PO000423,V003,H005,D0089,CC1009,INV-2023-000423,2023-10-04,2023-11-03,2023-11-03,2023-10-01,Administration,OPEX,2911.23,3155.64,244.41,8.4,Wire Transfer,Paid,FY2023,Q4,Over Budget
FIN000424,PO000424,V004,H002,D0026,CC1006,INV-2024-000424,2024-10-25,2024-12-09,2024-12-05,2024-10-24,Laboratory,CAPEX,22858.1,21032.77,-1825.33,-7.99,UPI,Paid,FY2024,Q4,Within Budget
FIN000425,PO000425,V007,H002,D0021,CC1001,INV-2023-000425,2023-09-09,2023-11-08,2023-11-09,2023-09-06,Medical Supplies,OPEX,21576379.73,20814799.32,-761580.41,-3.53,Bank Transfer,Partially Paid,FY2023,Q3,Within Budget
FIN000426,PO000426,V006,H005,D0091,CC1011,INV-2023-000426,2023-09-26,2023-11-25,2023-12-01,2023-09-26,Administration,CAPEX,2308393.9,2423670.82,115276.92,4.99,UPI,Partially Paid,FY2023,Q3,Over Budget
FIN000427,PO000427,V003,H001,D0016,CC1016,INV-2023-000427,2023-07-13,2023-08-12,,2023-07-10,Medical Supplies,OPEX,15068.79,14304.61,-764.18,-5.07,Wire Transfer,Pending,FY2023,Q3,Within Budget
FIN000428,PO000428,V003,H002,D0040,CC1020,INV-2024-000428,2024-11-07,2024-12-07,2024-12-06,2024-11-07,Equipment,CAPEX,18045.34,19684.69,1639.35,9.08,Cheque,Paid,FY2024,Q4,Over Budget
FIN000429,PO000429,V010,H001,D0008,CC1008,INV-2025-000429,2025-11-29,2026-01-13,2026-01-10,2025-11-29,Equipment,OPEX,5171.01,5083.14,-87.87,-1.7,ACH,Paid,FY2025,Q4,Within Budget
FIN000430,PO000430,V004,H001,D0011,CC1011,INV-2025-000430,2025-04-22,2025-06-06,2025-06-02,2025-04-19,Administration,OPEX,17511.38,19091.33,1579.95,9.02,Wire Transfer,Paid,FY2025,Q2,Over Budget
FIN000431,PO000431,V011,H001,D0016,CC1016,INV-2023-000431,2023-02-08,2023-04-09,2023-04-04,2023-02-07,Equipment,OPEX,20638.5,19975.01,-663.49,-3.21,ACH,Paid,FY2023,Q1,Within Budget
FIN000432,PO000432,V010,H001,D0005,CC1005,INV-2023-000432,2023-07-10,2023-08-24,2023-08-19,2023-07-08,Pharmacy,OPEX,4354.42,4357.55,3.13,0.07,Wire Transfer,Paid,FY2023,Q3,Over Budget
FIN000433,PO000433,V011,H001,D0002,CC1002,INV-2023-000433,2023-10-07,2023-12-06,,2023-10-05,Medical Supplies,OPEX,29651.53,32042.33,2390.8,8.06,Wire Transfer,Pending,FY2023,Q4,Over Budget
FIN000434,PO000434,V009,H004,D0075,CC1015,INV-2023-000434,2023-12-29,2024-02-12,2024-02-10,2023-12-27,Administration,OPEX,40886.55,38520.56,-2365.99,-5.79,Cheque,Paid,FY2023,Q4,Within Budget
FIN000435,PO000435,V006,H004,D0078,CC1018,INV-2025-000435,2025-01-15,2025-03-16,2025-03-12,2025-01-13,Equipment,CAPEX,37945164.5,38288244.19,343079.69,0.9,ACH,Paid,FY2025,Q1,Over Budget
FIN000436,PO000436,V006,H005,D0090,CC1010,INV-2024-000436,2024-06-07,2024-08-06,2024-08-14,2024-06-07,Equipment,OPEX,14458228.26,15202813.15,744584.89,5.15,Bank Transfer,Overdue,FY2024,Q2,Over Budget
FIN000437,PO000437,V007,H005,D0092,CC1012,INV-2023-000437,2023-07-26,2023-09-24,2023-09-21,2023-07-26,Pharmacy,CAPEX,27175228.93,25356228.81,-1819000.12,-6.69,ACH,Paid,FY2023,Q3,Within Budget
FIN000438,PO000438,V001,H003,D0044,CC1004,INV-2025-000438,2025-03-04,2025-04-03,2025-03-29,2025-03-04,Laboratory,OPEX,126940.09,135649.87,8709.78,6.86,Wire Transfer,Paid,FY2025,Q1,Over Budget
FIN000439,PO000439,V006,H001,D0012,CC1012,INV-2025-000439,2025-03-28,2025-05-27,2025-05-27,2025-03-26,Administration,CAPEX,24482382.03,25780354.93,1297972.9,5.3,Bank Transfer,Paid,FY2025,Q1,Over Budget
FIN000440,PO000440,V006,H002,D0029,CC1009,INV-2024-000440,2024-08-14,2024-10-13,2024-10-09,2024-08-14,Medical Supplies,CAPEX,29679793.51,29667683.5,-12110.01,-0.04,Bank Transfer,Paid,FY2024,Q3,Within Budget
FIN000441,PO000441,V001,H005,D0090,CC1010,INV-2023-000441,2023-08-04,2023-09-03,,2023-08-02,Pharmacy,CAPEX,513413.67,477417.25,-35996.42,-7.01,Bank Transfer,Pending,FY2023,Q3,Within Budget
FIN000442,PO000442,V005,H002,D0034,CC1014,INV-2025-000442,2025-03-30,2025-05-29,2025-05-27,2025-03-30,Administration,CAPEX,17512862.43,17328859.76,-184002.67,-1.05,UPI,Paid,FY2025,Q1,Within Budget
FIN000443,PO000443,V003,H004,D0067,CC1007,INV-2023-000443,2023-03-09,2023-04-08,2023-04-05,2023-03-07,Equipment,OPEX,28230.54,29762.83,1532.29,5.43,ACH,Paid,FY2023,Q1,Over Budget
FIN000444,PO000444,V001,H003,D0056,CC1016,INV-2024-000444,2024-01-10,2024-02-09,2024-02-05,2024-01-07,Pharmacy,OPEX,163255.24,181137.98,17882.74,10.95,Wire Transfer,Paid,FY2024,Q1,Over Budget
FIN000445,PO000445,V005,H004,D0063,CC1003,INV-2026-000445,2026-01-12,2026-03-13,2026-03-27,2026-01-09,Medical Supplies,OPEX,13465180.9,14956452.79,1491271.89,11.08,UPI,Overdue,FY2026,Q1,Over Budget
FIN000446,PO000446,V003,H001,D0006,CC1006,INV-2024-000446,2024-12-06,2025-01-05,2025-01-05,2024-12-03,Equipment,CAPEX,11906.81,10857.7,-1049.11,-8.81,Bank Transfer,Paid,FY2024,Q4,Within Budget
FIN000447,PO000447,V003,H003,D0054,CC1014,INV-2025-000447,2025-12-22,2026-01-21,2026-02-11,2025-12-21,Laboratory,CAPEX,23949.87,26353.87,2404.0,10.04,Cheque,Overdue,FY2025,Q4,Over Budget
FIN000448,PO000448,V012,H001,D0015,CC1015,INV-2024-000448,2024-12-08,2025-02-06,2025-02-02,2024-12-08,Equipment,CAPEX,21183.88,19347.58,-1836.3,-8.67,Bank Transfer,Paid,FY2024,Q4,Within Budget
FIN000449,PO000449,V005,H005,D0100,CC1020,INV-2024-000449,2024-11-01,2024-12-31,2024-12-30,2024-11-01,Equipment,CAPEX,8838689.16,8679173.31,-159515.85,-1.8,Wire Transfer,Paid,FY2024,Q4,Within Budget
FIN000450,PO000450,V006,H005,D0100,CC1020,INV-2024-000450,2024-10-13,2024-12-12,,2024-10-10,Pharmacy,CAPEX,16550999.99,15465582.98,-1085417.01,-6.56,Cheque,Pending,FY2024,Q4,Within Budget
FIN000451,PO000451,V011,H001,D0006,CC1006,INV-2024-000451,2024-01-26,2024-03-26,2024-03-28,2024-01-26,Administration,OPEX,33666.15,35275.0,1608.85,4.78,ACH,Partially Paid,FY2024,Q1,Over Budget
FIN000452,PO000452,V009,H001,D0014,CC1014,INV-2024-000452,2024-11-23,2025-01-07,2025-01-04,2024-11-20,Medical Supplies,CAPEX,59970.01,65104.72,5134.71,8.56,ACH,Paid,FY2024,Q4,Over Budget
FIN000453,PO000453,V012,H001,D0002,CC1002,INV-2024-000453,2024-12-12,2025-02-10,2025-02-10,2024-12-09,Medical Supplies,OPEX,18299.51,18477.2,177.69,0.97,Wire Transfer,Paid,FY2024,Q4,Over Budget
FIN000454,PO000454,V007,H005,D0082,CC1002,INV-2024-000454,2024-07-03,2024-09-01,2024-08-30,2024-07-03,Equipment,OPEX,26569029.46,24940950.61,-1628078.85,-6.13,ACH,Paid,FY2024,Q3,Within Budget
FIN000455,PO000455,V007,H004,D0068,CC1008,INV-2025-000455,2025-05-30,2025-07-29,2025-07-24,2025-05-27,Pharmacy,CAPEX,32854549.94,30040368.22,-2814181.72,-8.57,ACH,Paid,FY2025,Q2,Within Budget
FIN000456,PO000456,V010,H001,D0009,CC1009,INV-2024-000456,2024-04-23,2024-06-07,2024-06-29,2024-04-20,Administration,OPEX,4240.88,4679.76,438.88,10.35,Bank Transfer,Overdue,FY2024,Q2,Over Budget
FIN000457,PO000457,V012,H002,D0034,CC1014,INV-2023-000457,2023-03-03,2023-05-02,2023-05-02,2023-03-02,Equipment,OPEX,19316.35,19464.11,147.76,0.76,ACH,Paid,FY2023,Q1,Over Budget
FIN000458,PO000458,V007,H005,D0092,CC1012,INV-2023-000458,2023-12-22,2024-02-20,,2023-12-20,Medical Supplies,CAPEX,19741334.18,18541083.05,-1200251.13,-6.08,Bank Transfer,Pending,FY2023,Q4,Within Budget
FIN000459,PO000459,V003,H005,D0090,CC1010,INV-2025-000459,2025-06-07,2025-07-07,2025-07-02,2025-06-07,Laboratory,OPEX,9242.28,10219.69,977.41,10.58,Bank Transfer,Paid,FY2025,Q2,Over Budget
FIN000460,PO000460,V006,H005,D0081,CC1001,INV-2024-000460,2024-02-18,2024-04-18,2024-04-15,2024-02-16,Medical Supplies,OPEX,54331536.1,50259715.4,-4071820.7,-7.49,UPI,Paid,FY2024,Q1,Within Budget
FIN000461,PO000461,V008,H003,D0059,CC1019,INV-2023-000461,2023-05-11,2023-07-10,2023-07-07,2023-05-08,Laboratory,OPEX,22396846.99,22700321.33,303474.34,1.35,Wire Transfer,Paid,FY2023,Q2,Over Budget
FIN000462,PO000462,V007,H004,D0078,CC1018,INV-2023-000462,2023-07-27,2023-09-25,2023-09-22,2023-07-26,Equipment,OPEX,41752967.96,44279408.37,2526440.41,6.05,UPI,Paid,FY2023,Q3,Over Budget
FIN000463,PO000463,V012,H005,D0083,CC1003,INV-2024-000463,2024-09-05,2024-11-04,2024-11-01,2024-09-04,Laboratory,CAPEX,15219.13,14864.82,-354.31,-2.33,Bank Transfer,Paid,FY2024,Q3,Within Budget
FIN000464,PO000464,V004,H005,D0082,CC1002,INV-2025-000464,2025-10-09,2025-11-23,2025-11-22,2025-10-06,Administration,OPEX,10579.3,11530.02,950.72,8.99,UPI,Paid,FY2025,Q4,Over Budget
FIN000465,PO000465,V001,H003,D0054,CC1014,INV-2025-000465,2025-03-05,2025-04-04,,2025-03-02,Pharmacy,CAPEX,205753.15,194295.68,-11457.47,-5.57,UPI,Pending,FY2025,Q1,Within Budget
FIN000466,PO000466,V010,H003,D0046,CC1006,INV-2024-000466,2024-07-10,2024-08-24,2024-09-01,2024-07-08,Pharmacy,CAPEX,8877.68,8404.61,-473.07,-5.33,Wire Transfer,Partially Paid,FY2024,Q3,Within Budget
FIN000467,PO000467,V002,H005,D0089,CC1009,INV-2024-000467,2024-12-21,2025-02-04,2025-02-04,2024-12-19,Pharmacy,OPEX,44233.9,47260.3,3026.4,6.84,Cheque,Paid,FY2024,Q4,Over Budget
FIN000468,PO000468,V004,H001,D0004,CC1004,INV-2025-000468,2025-09-07,2025-10-22,2025-10-23,2025-09-06,Equipment,OPEX,22460.6,22329.16,-131.44,-0.59,Wire Transfer,Partially Paid,FY2025,Q3,Within Budget
FIN000469,PO000469,V011,H005,D0081,CC1001,INV-2023-000469,2023-09-24,2023-11-23,,2023-09-24,Equipment,CAPEX,32738.02,32518.91,-219.11,-0.67,Wire Transfer,Pending,FY2023,Q3,Within Budget
FIN000470,PO000470,V012,H002,D0035,CC1015,INV-2023-000470,2023-04-19,2023-06-18,2023-06-14,2023-04-18,Pharmacy,CAPEX,17864.8,16434.34,-1430.46,-8.01,UPI,Paid,FY2023,Q2,Within Budget
FIN000471,PO000471,V012,H004,D0075,CC1015,INV-2024-000471,2024-11-02,2025-01-01,2025-01-10,2024-10-31,Equipment,OPEX,21937.74,24223.43,2285.69,10.42,Cheque,Partially Paid,FY2024,Q4,Over Budget
FIN000472,PO000472,V010,H003,D0055,CC1015,INV-2025-000472,2025-12-20,2026-02-03,2026-02-03,2025-12-19,Medical Supplies,OPEX,12352.36,12249.16,-103.2,-0.84,UPI,Paid,FY2025,Q4,Within Budget
FIN000473,PO000473,V010,H005,D0083,CC1003,INV-2025-000473,2025-05-15,2025-06-29,2025-06-25,2025-05-12,Equipment,OPEX,3467.22,3673.83,206.61,5.96,Wire Transfer,Paid,FY2025,Q2,Over Budget
FIN000474,PO000474,V006,H003,D0059,CC1019,INV-2023-000474,2023-08-17,2023-10-16,2023-10-15,2023-08-15,Administration,OPEX,15714157.24,15060710.27,-653446.97,-4.16,Bank Transfer,Paid,FY2023,Q3,Within Budget
FIN000475,PO000475,V011,H003,D0060,CC1020,INV-2023-000475,2023-04-04,2023-06-03,2023-06-08,2023-04-02,Laboratory,OPEX,22708.33,21236.71,-1471.62,-6.48,Wire Transfer,Partially Paid,FY2023,Q2,Within Budget
FIN000476,PO000476,V010,H005,D0094,CC1014,INV-2025-000476,2025-04-08,2025-05-23,2025-05-29,2025-04-07,Laboratory,CAPEX,5027.33,5234.88,207.55,4.13,ACH,Partially Paid,FY2025,Q2,Over Budget
FIN000477,PO000477,V009,H001,D0017,CC1017,INV-2023-000477,2023-02-28,2023-04-14,2023-04-10,2023-02-26,Equipment,CAPEX,109646.87,105284.25,-4362.62,-3.98,Wire Transfer,Paid,FY2023,Q1,Within Budget
FIN000478,PO000478,V010,H001,D0004,CC1004,INV-2024-000478,2024-04-27,2024-06-11,2024-06-06,2024-04-25,Medical Supplies,CAPEX,2786.87,2662.28,-124.59,-4.47,UPI,Paid,FY2024,Q2,Within Budget
FIN000479,PO000479,V006,H004,D0069,CC1009,INV-2025-000479,2025-05-22,2025-07-21,2025-07-30,2025-05-20,Equipment,OPEX,30638400.87,33799441.27,3161040.4,10.32,Cheque,Partially Paid,FY2025,Q2,Over Budget
FIN000480,PO000480,V001,H002,D0025,CC1005,INV-2025-000480,2025-12-03,2026-01-02,2025-12-31,2025-12-03,Equipment,OPEX,201993.64,217635.38,15641.74,7.74,Wire Transfer,Paid,FY2025,Q4,Over Budget
FIN000481,PO000481,V007,H002,D0031,CC1011,INV-2025-000481,2025-12-04,2026-02-02,2026-01-28,2025-12-02,Medical Supplies,CAPEX,13219002.9,13361625.06,142622.16,1.08,Wire Transfer,Paid,FY2025,Q4,Over Budget
FIN000482,PO000482,V008,H003,D0060,CC1020,INV-2024-000482,2024-02-22,2024-04-22,2024-04-19,2024-02-22,Laboratory,OPEX,16642934.75,15739428.57,-903506.18,-5.43,Cheque,Paid,FY2024,Q1,Within Budget
FIN000483,PO000483,V002,H001,D0003,CC1003,INV-2024-000483,2024-02-27,2024-04-12,2024-04-09,2024-02-24,Medical Supplies,CAPEX,138516.23,138708.15,191.92,0.14,UPI,Paid,FY2024,Q1,Over Budget
FIN000484,PO000484,V004,H001,D0019,CC1019,INV-2024-000484,2024-05-20,2024-07-04,2024-07-04,2024-05-19,Medical Supplies,CAPEX,1420.18,1378.56,-41.62,-2.93,Bank Transfer,Paid,FY2024,Q2,Within Budget
FIN000485,PO000485,V011,H003,D0045,CC1005,INV-2024-000485,2024-12-21,2025-02-19,2025-02-18,2024-12-21,Laboratory,OPEX,18829.71,19538.1,708.39,3.76,Bank Transfer,Paid,FY2024,Q4,Over Budget
FIN000486,PO000486,V005,H001,D0017,CC1017,INV-2023-000486,2023-03-23,2023-05-22,2023-05-18,2023-03-23,Laboratory,OPEX,1816073.85,1799145.24,-16928.61,-0.93,Cheque,Paid,FY2023,Q1,Within Budget
FIN000487,PO000487,V011,H005,D0082,CC1002,INV-2024-000487,2024-04-23,2024-06-22,2024-06-19,2024-04-22,Equipment,OPEX,29273.33,26893.56,-2379.77,-8.13,Bank Transfer,Paid,FY2024,Q2,Within Budget
FIN000488,PO000488,V010,H004,D0063,CC1003,INV-2025-000488,2025-09-12,2025-10-27,2025-10-23,2025-09-11,Administration,CAPEX,3666.65,3794.84,128.19,3.5,Wire Transfer,Paid,FY2025,Q3,Over Budget
FIN000489,PO000489,V004,H003,D0050,CC1010,INV-2024-000489,2024-09-25,2024-11-09,2024-11-05,2024-09-25,Administration,CAPEX,4056.75,4228.07,171.32,4.22,ACH,Paid,FY2024,Q3,Over Budget
FIN000490,PO000490,V009,H005,D0085,CC1005,INV-2024-000490,2024-04-08,2024-05-23,2024-05-21,2024-04-08,Administration,CAPEX,106794.08,117240.06,10445.98,9.78,ACH,Paid,FY2024,Q2,Over Budget
FIN000491,PO000491,V010,H004,D0066,CC1006,INV-2023-000491,2023-02-03,2023-03-20,2023-03-18,2023-02-02,Medical Supplies,CAPEX,2899.81,3154.03,254.22,8.77,Bank Transfer,Paid,FY2023,Q1,Over Budget
FIN000492,PO000492,V012,H002,D0033,CC1013,INV-2024-000492,2024-12-10,2025-02-08,2025-02-03,2024-12-07,Pharmacy,OPEX,19499.83,20277.03,777.2,3.99,UPI,Paid,FY2024,Q4,Over Budget
FIN000493,PO000493,V005,H001,D0013,CC1013,INV-2023-000493,2023-11-28,2024-01-27,2024-02-12,2023-11-26,Equipment,CAPEX,1602164.83,1639034.21,36869.38,2.3,Bank Transfer,Overdue,FY2023,Q4,Over Budget
FIN000494,PO000494,V011,H001,D0008,CC1008,INV-2023-000494,2023-03-17,2023-05-16,2023-05-14,2023-03-14,Administration,OPEX,16741.91,17573.87,831.96,4.97,ACH,Paid,FY2023,Q1,Over Budget
FIN000495,PO000495,V012,H002,D0023,CC1003,INV-2023-000495,2023-03-31,2023-05-30,2023-05-28,2023-03-31,Administration,CAPEX,13397.33,12753.93,-643.4,-4.8,UPI,Paid,FY2023,Q1,Within Budget
FIN000496,PO000496,V001,H003,D0049,CC1009,INV-2025-000496,2025-11-13,2025-12-13,2026-01-03,2025-11-13,Laboratory,CAPEX,199324.13,210812.9,11488.77,5.76,UPI,Overdue,FY2025,Q4,Over Budget
FIN000497,PO000497,V009,H004,D0069,CC1009,INV-2023-000497,2023-08-08,2023-09-22,2023-09-19,2023-08-05,Medical Supplies,OPEX,72119.33,67004.8,-5114.53,-7.09,Bank Transfer,Paid,FY2023,Q3,Within Budget
FIN000498,PO000498,V006,H003,D0053,CC1013,INV-2023-000498,2023-07-24,2023-09-22,2023-09-21,2023-07-21,Equipment,OPEX,41947274.37,38489000.59,-3458273.78,-8.24,ACH,Paid,FY2023,Q3,Within Budget
FIN000499,PO000499,V006,H002,D0023,CC1003,INV-2024-000499,2024-11-30,2025-01-29,2025-02-04,2024-11-30,Equipment,OPEX,26343082.77,28995115.81,2652033.04,10.07,UPI,Partially Paid,FY2024,Q4,Over Budget
FIN000500,PO000500,V009,H004,D0074,CC1014,INV-2023-000500,2023-05-01,2023-06-15,2023-06-11,2023-05-01,Laboratory,CAPEX,79134.41,83161.31,4026.9,5.09,Wire Transfer,Paid,FY2023,Q2,Over Budget
FIN000501,PO000501,V010,H004,D0078,CC1018,INV-2025-000501,2025-05-08,2025-06-22,,2025-05-08,Administration,CAPEX,29275.2,29160.38,-114.82,-0.39,Bank Transfer,Pending,FY2025,Q2,Within Budget
FIN000502,PO000502,V012,H001,D0008,CC1008,INV-2025-000502,2025-08-12,2025-10-11,2025-10-07,2025-08-11,Medical Supplies,OPEX,19931.64,20278.64,347.0,1.74,UPI,Paid,FY2025,Q3,Over Budget
FIN000503,PO000503,V004,H001,D0009,CC1009,INV-2024-000503,2024-11-20,2025-01-04,2025-01-20,2024-11-18,Laboratory,CAPEX,14788.03,14005.02,-783.01,-5.29,Cheque,Overdue,FY2024,Q4,Within Budget
FIN000504,PO000504,V007,H002,D0032,CC1012,INV-2024-000504,2024-04-01,2024-05-31,2024-05-29,2024-03-29,Laboratory,OPEX,26126771.13,25342237.93,-784533.2,-3.0,UPI,Paid,FY2024,Q1,Within Budget
FIN000505,PO000505,V001,H004,D0067,CC1007,INV-2025-000505,2025-06-21,2025-07-21,2025-07-19,2025-06-18,Equipment,OPEX,136893.68,133982.11,-2911.57,-2.13,Cheque,Paid,FY2025,Q2,Within Budget
FIN000506,PO000506,V010,H001,D0013,CC1013,INV-2023-000506,2023-04-05,2023-05-20,2023-05-18,2023-04-03,Pharmacy,CAPEX,32757.03,30214.01,-2543.02,-7.76,Cheque,Paid,FY2023,Q2,Within Budget
FIN000507,PO000507,V006,H004,D0068,CC1008,INV-2023-000507,2023-01-28,2023-03-29,2023-04-01,2023-01-28,Equipment,CAPEX,19591189.54,18281384.01,-1309805.53,-6.69,Cheque,Partially Paid,FY2023,Q1,Within Budget
FIN000508,PO000508,V003,H002,D0031,CC1011,INV-2023-000508,2023-08-10,2023-09-09,2023-09-06,2023-08-08,Administration,OPEX,1702.29,1613.84,-88.45,-5.2,ACH,Paid,FY2023,Q3,Within Budget
FIN000509,PO000509,V001,H005,D0098,CC1018,INV-2024-000509,2024-09-02,2024-10-02,,2024-08-30,Administration,CAPEX,206259.59,208692.25,2432.66,1.18,Bank Transfer,Pending,FY2024,Q3,Over Budget
FIN000510,PO000510,V005,H001,D0012,CC1012,INV-2025-000510,2025-10-25,2025-12-24,2025-12-19,2025-10-24,Administration,CAPEX,22480874.22,22412428.0,-68446.22,-0.3,ACH,Paid,FY2025,Q4,Within Budget
FIN000511,PO000511,V005,H001,D0014,CC1014,INV-2024-000511,2024-05-04,2024-07-03,2024-07-02,2024-05-04,Medical Supplies,OPEX,2063203.74,1953600.34,-109603.4,-5.31,Bank Transfer,Paid,FY2024,Q2,Within Budget
FIN000512,PO000512,V007,H003,D0050,CC1010,INV-2025-000512,2025-02-14,2025-04-15,,2025-02-12,Pharmacy,CAPEX,18644492.74,18808318.21,163825.47,0.88,Cheque,Pending,FY2025,Q1,Over Budget
FIN000513,PO000513,V002,H004,D0073,CC1013,INV-2023-000513,2023-08-18,2023-10-02,,2023-08-18,Equipment,CAPEX,299892.52,299585.36,-307.16,-0.1,Cheque,Pending,FY2023,Q3,Within Budget
FIN000514,PO000514,V003,H005,D0098,CC1018,INV-2023-000514,2023-09-19,2023-10-19,2023-10-26,2023-09-18,Administration,CAPEX,16686.09,16378.04,-308.05,-1.85,Wire Transfer,Partially Paid,FY2023,Q3,Within Budget
FIN000515,PO000515,V003,H003,D0059,CC1019,INV-2025-000515,2025-05-17,2025-06-16,,2025-05-15,Medical Supplies,CAPEX,10764.65,11541.35,776.7,7.22,Bank Transfer,Pending,FY2025,Q2,Over Budget
FIN000516,PO000516,V007,H001,D0002,CC1002,INV-2023-000516,2023-08-28,2023-10-27,2023-11-07,2023-08-27,Equipment,OPEX,237383.96,242894.47,5510.51,2.32,ACH,Overdue,FY2023,Q3,Over Budget
FIN000517,PO000517,V005,H001,D0001,CC1001,INV-2024-000517,2024-03-11,2024-05-10,2024-05-05,2024-03-08,Medical Supplies,CAPEX,8778139.89,9203172.63,425032.74,4.84,ACH,Paid,FY2024,Q1,Over Budget
FIN000518,PO000518,V001,H004,D0063,CC1003,INV-2023-000518,2023-04-03,2023-05-03,2023-04-29,2023-04-03,Pharmacy,CAPEX,280656.15,272620.84,-8035.31,-2.86,Cheque,Paid,FY2023,Q2,Within Budget
FIN000519,PO000519,V004,H002,D0031,CC1011,INV-2023-000519,2023-01-12,2023-02-26,2023-02-25,2023-01-10,Laboratory,CAPEX,24648.58,22841.87,-1806.71,-7.33,UPI,Paid,FY2023,Q1,Within Budget
FIN000520,PO000520,V009,H005,D0083,CC1003,INV-2023-000520,2023-07-18,2023-09-01,2023-09-01,2023-07-15,Administration,CAPEX,150743.46,141561.48,-9181.98,-6.09,UPI,Paid,FY2023,Q3,Within Budget
FIN000521,PO000521,V010,H001,D0006,CC1006,INV-2024-000521,2024-07-15,2024-08-29,2024-08-29,2024-07-13,Laboratory,OPEX,2340.48,2273.48,-67.0,-2.86,Wire Transfer,Paid,FY2024,Q3,Within Budget
FIN000522,PO000522,V010,H001,D0003,CC1003,INV-2025-000522,2025-01-26,2025-03-12,2025-03-25,2025-01-24,Pharmacy,OPEX,31109.09,28340.97,-2768.12,-8.9,ACH,Overdue,FY2025,Q1,Within Budget
FIN000523,PO000523,V005,H003,D0054,CC1014,INV-2023-000523,2023-11-02,2024-01-01,2024-01-25,2023-11-01,Laboratory,CAPEX,1121826.63,1117959.92,-3866.71,-0.34,ACH,Overdue,FY2023,Q4,Within Budget
FIN000524,PO000524,V011,H003,D0051,CC1011,INV-2025-000524,2025-02-23,2025-04-24,2025-04-28,2025-02-20,Laboratory,CAPEX,23930.01,22915.83,-1014.18,-4.24,Cheque,Partially Paid,FY2025,Q1,Within Budget
FIN000525,PO000525,V010,H005,D0082,CC1002,INV-2025-000525,2025-03-20,2025-05-04,2025-04-29,2025-03-19,Equipment,CAPEX,1506.51,1438.41,-68.1,-4.52,Wire Transfer,Paid,FY2025,Q1,Within Budget
FIN000526,PO000526,V006,H001,D0020,CC1020,INV-2023-000526,2023-10-16,2023-12-15,2024-01-06,2023-10-15,Equipment,CAPEX,19545707.01,19517153.98,-28553.03,-0.15,Bank Transfer,Overdue,FY2023,Q4,Within Budget
FIN000527,PO000527,V002,H005,D0082,CC1002,INV-2024-000527,2024-01-23,2024-03-08,,2024-01-21,Administration,OPEX,182533.46,183606.42,1072.96,0.59,Wire Transfer,Pending,FY2024,Q1,Over Budget
FIN000528,PO000528,V002,H004,D0067,CC1007,INV-2025-000528,2025-10-06,2025-11-20,2025-11-15,2025-10-05,Pharmacy,CAPEX,34074.83,33053.9,-1020.93,-3.0,Wire Transfer,Paid,FY2025,Q4,Within Budget
FIN000529,PO000529,V004,H005,D0094,CC1014,INV-2023-000529,2023-02-04,2023-03-21,2023-03-21,2023-02-02,Laboratory,OPEX,5701.98,5852.17,150.19,2.63,UPI,Paid,FY2023,Q1,Over Budget
FIN000530,PO000530,V008,H005,D0090,CC1010,INV-2024-000530,2024-06-20,2024-08-19,2024-08-18,2024-06-20,Administration,OPEX,16164572.82,15909032.06,-255540.76,-1.58,Cheque,Paid,FY2024,Q2,Within Budget
FIN000531,PO000531,V001,H003,D0045,CC1005,INV-2023-000531,2023-04-30,2023-05-30,2023-05-29,2023-04-27,Equipment,OPEX,221065.95,219754.52,-1311.43,-0.59,Wire Transfer,Paid,FY2023,Q2,Within Budget
FIN000532,PO000532,V006,H005,D0083,CC1003,INV-2023-000532,2023-06-29,2023-08-28,2023-08-23,2023-06-26,Equipment,OPEX,15587846.54,15876183.93,288337.39,1.85,Cheque,Paid,FY2023,Q2,Over Budget
FIN000533,PO000533,V011,H005,D0097,CC1017,INV-2025-000533,2025-11-21,2026-01-20,2026-01-20,2025-11-20,Medical Supplies,CAPEX,18161.3,18790.29,628.99,3.46,Wire Transfer,Paid,FY2025,Q4,Over Budget
FIN000534,PO000534,V003,H005,D0088,CC1008,INV-2025-000534,2025-07-09,2025-08-08,2025-08-07,2025-07-08,Laboratory,OPEX,9521.02,10108.57,587.55,6.17,ACH,Paid,FY2025,Q3,Over Budget
FIN000535,PO000535,V001,H004,D0072,CC1012,INV-2023-000535,2023-02-15,2023-03-17,2023-03-14,2023-02-12,Laboratory,OPEX,19448.33,19013.01,-435.32,-2.24,Bank Transfer,Paid,FY2023,Q1,Within Budget
FIN000536,PO000536,V003,H002,D0035,CC1015,INV-2024-000536,2024-09-23,2024-10-23,2024-10-28,2024-09-21,Administration,OPEX,14680.47,14581.95,-98.52,-0.67,Bank Transfer,Partially Paid,FY2024,Q3,Within Budget
FIN000537,PO000537,V012,H003,D0041,CC1001,INV-2025-000537,2025-08-08,2025-10-07,2025-10-05,2025-08-07,Pharmacy,OPEX,19747.15,19072.93,-674.22,-3.41,Bank Transfer,Paid,FY2025,Q3,Within Budget
FIN000538,PO000538,V006,H002,D0026,CC1006,INV-2023-000538,2023-08-09,2023-10-08,2023-10-08,2023-08-07,Pharmacy,CAPEX,2650086.68,2713278.68,63192.0,2.38,Cheque,Paid,FY2023,Q3,Over Budget
FIN000539,PO000539,V005,H003,D0043,CC1003,INV-2023-000539,2023-08-27,2023-10-26,2023-10-21,2023-08-25,Equipment,CAPEX,3600053.93,3443161.52,-156892.41,-4.36,Cheque,Paid,FY2023,Q3,Within Budget
FIN000540,PO000540,V004,H002,D0030,CC1010,INV-2024-000540,2024-06-12,2024-07-27,2024-07-24,2024-06-11,Medical Supplies,OPEX,18591.59,19130.1,538.51,2.9,ACH,Paid,FY2024,Q2,Over Budget
FIN000541,PO000541,V010,H002,D0037,CC1017,INV-2025-000541,2025-08-10,2025-09-24,2025-09-24,2025-08-09,Administration,OPEX,2490.99,2382.73,-108.26,-4.35,Bank Transfer,Paid,FY2025,Q3,Within Budget
FIN000542,PO000542,V009,H001,D0010,CC1010,INV-2025-000542,2025-07-28,2025-09-11,2025-09-06,2025-07-28,Pharmacy,OPEX,58177.83,59772.67,1594.84,2.74,UPI,Paid,FY2025,Q3,Over Budget
FIN000543,PO000543,V009,H001,D0006,CC1006,INV-2025-000543,2025-09-28,2025-11-12,,2025-09-28,Medical Supplies,OPEX,119881.48,109088.68,-10792.8,-9.0,Bank Transfer,Pending,FY2025,Q3,Within Budget
FIN000544,PO000544,V010,H005,D0100,CC1020,INV-2024-000544,2024-11-11,2024-12-26,2024-12-24,2024-11-08,Laboratory,OPEX,5419.04,5510.77,91.73,1.69,ACH,Paid,FY2024,Q4,Over Budget
FIN000545,PO000545,V002,H004,D0064,CC1004,INV-2025-000545,2025-04-07,2025-05-22,2025-05-17,2025-04-07,Medical Supplies,CAPEX,112075.79,107864.92,-4210.87,-3.76,UPI,Paid,FY2025,Q2,Within Budget
FIN000546,PO000546,V010,H004,D0078,CC1018,INV-2025-000546,2025-12-02,2026-01-16,2026-01-16,2025-12-01,Administration,OPEX,4795.35,4696.14,-99.21,-2.07,Wire Transfer,Paid,FY2025,Q4,Within Budget
FIN000547,PO000547,V005,H003,D0054,CC1014,INV-2024-000547,2024-03-28,2024-05-27,2024-05-23,2024-03-28,Equipment,CAPEX,4070558.69,4411083.24,340524.55,8.37,UPI,Paid,FY2024,Q1,Over Budget
FIN000548,PO000548,V008,H003,D0050,CC1010,INV-2023-000548,2023-09-21,2023-11-20,,2023-09-19,Pharmacy,OPEX,38875486.08,35514923.89,-3360562.19,-8.64,Bank Transfer,Pending,FY2023,Q3,Within Budget
FIN000549,PO000549,V004,H004,D0068,CC1008,INV-2025-000549,2025-05-20,2025-07-04,,2025-05-19,Laboratory,CAPEX,16178.19,16023.92,-154.27,-0.95,ACH,Pending,FY2025,Q2,Within Budget
FIN000550,PO000550,V003,H003,D0049,CC1009,INV-2024-000550,2024-02-21,2024-03-22,2024-03-31,2024-02-21,Laboratory,OPEX,9447.37,10490.7,1043.33,11.04,Bank Transfer,Partially Paid,FY2024,Q1,Over Budget
FIN000551,PO000551,V001,H005,D0089,CC1009,INV-2024-000551,2024-09-04,2024-10-04,,2024-09-04,Medical Supplies,CAPEX,394831.91,373927.41,-20904.5,-5.29,ACH,Pending,FY2024,Q3,Within Budget
FIN000552,PO000552,V009,H005,D0082,CC1002,INV-2025-000552,2025-03-22,2025-05-06,2025-05-06,2025-03-20,Medical Supplies,OPEX,3070.44,3097.23,26.79,0.87,Bank Transfer,Paid,FY2025,Q1,Over Budget
FIN000553,PO000553,V010,H002,D0026,CC1006,INV-2025-000553,2025-05-22,2025-07-06,2025-07-21,2025-05-20,Laboratory,OPEX,13291.3,12416.56,-874.74,-6.58,Bank Transfer,Overdue,FY2025,Q2,Within Budget
FIN000554,PO000554,V001,H002,D0024,CC1004,INV-2024-000554,2024-04-16,2024-05-16,2024-05-15,2024-04-16,Equipment,CAPEX,185210.43,173053.56,-12156.87,-6.56,Wire Transfer,Paid,FY2024,Q2,Within Budget
FIN000555,PO000555,V002,H005,D0100,CC1020,INV-2024-000555,2024-01-10,2024-02-24,2024-03-02,2024-01-08,Pharmacy,CAPEX,179508.69,166380.36,-13128.33,-7.31,ACH,Overdue,FY2024,Q1,Within Budget
FIN000556,PO000556,V011,H004,D0076,CC1016,INV-2023-000556,2023-04-16,2023-06-15,2023-06-19,2023-04-13,Laboratory,CAPEX,22661.51,24558.23,1896.72,8.37,Cheque,Partially Paid,FY2023,Q2,Over Budget
FIN000557,PO000557,V006,H004,D0078,CC1018,INV-2023-000557,2023-02-03,2023-04-04,2023-03-30,2023-02-02,Medical Supplies,OPEX,25409199.8,24674652.74,-734547.06,-2.89,Bank Transfer,Paid,FY2023,Q1,Within Budget
FIN000558,PO000558,V008,H001,D0010,CC1010,INV-2024-000558,2024-11-14,2025-01-13,2025-02-01,2024-11-11,Equipment,CAPEX,35702469.25,36312314.85,609845.6,1.71,Wire Transfer,Overdue,FY2024,Q4,Over Budget
FIN000559,PO000559,V011,H001,D0013,CC1013,INV-2024-000559,2024-10-29,2024-12-28,2024-12-25,2024-10-28,Medical Supplies,CAPEX,11963.5,11702.86,-260.64,-2.18,Cheque,Paid,FY2024,Q4,Within Budget
FIN000560,PO000560,V003,H004,D0080,CC1020,INV-2025-000560,2025-04-12,2025-05-12,,2025-04-10,Medical Supplies,OPEX,15907.78,17496.57,1588.79,9.99,Wire Transfer,Pending,FY2025,Q2,Over Budget
FIN000561,PO000561,V004,H002,D0031,CC1011,INV-2025-000561,2025-01-16,2025-03-02,2025-02-25,2025-01-16,Equipment,CAPEX,17703.6,17636.23,-67.37,-0.38,Wire Transfer,Paid,FY2025,Q1,Within Budget
FIN000562,PO000562,V009,H003,D0052,CC1012,INV-2024-000562,2024-12-29,2025-02-12,2025-02-08,2024-12-26,Administration,OPEX,115038.45,111391.26,-3647.19,-3.17,Bank Transfer,Paid,FY2024,Q4,Within Budget
FIN000563,PO000563,V003,H005,D0094,CC1014,INV-2024-000563,2024-10-29,2024-11-28,2024-11-25,2024-10-28,Laboratory,OPEX,34155.33,33203.07,-952.26,-2.79,Bank Transfer,Paid,FY2024,Q4,Within Budget
FIN000564,PO000564,V001,H004,D0063,CC1003,INV-2025-000564,2025-12-06,2026-01-05,2026-01-03,2025-12-04,Medical Supplies,OPEX,146715.8,139691.28,-7024.52,-4.79,UPI,Paid,FY2025,Q4,Within Budget
FIN000565,PO000565,V004,H003,D0048,CC1008,INV-2025-000565,2025-11-26,2026-01-10,2026-01-17,2025-11-23,Laboratory,CAPEX,19518.8,18974.91,-543.89,-2.79,UPI,Overdue,FY2025,Q4,Within Budget
FIN000566,PO000566,V001,H004,D0073,CC1013,INV-2024-000566,2024-03-18,2024-04-17,2024-04-17,2024-03-15,Laboratory,OPEX,180427.7,182320.24,1892.54,1.05,Bank Transfer,Paid,FY2024,Q1,Over Budget
FIN000567,PO000567,V001,H002,D0026,CC1006,INV-2023-000567,2023-11-16,2023-12-16,2023-12-16,2023-11-16,Medical Supplies,CAPEX,104748.95,106811.7,2062.75,1.97,UPI,Paid,FY2023,Q4,Over Budget
FIN000568,PO000568,V007,H001,D0016,CC1016,INV-2023-000568,2023-05-20,2023-07-19,2023-07-24,2023-05-17,Medical Supplies,OPEX,13959711.22,13787825.1,-171886.12,-1.23,Cheque,Partially Paid,FY2023,Q2,Within Budget
FIN000569,PO000569,V012,H001,D0016,CC1016,INV-2025-000569,2025-05-07,2025-07-06,,2025-05-04,Pharmacy,CAPEX,14930.94,15450.15,519.21,3.48,Bank Transfer,Pending,FY2025,Q2,Over Budget
FIN000570,PO000570,V011,H005,D0099,CC1019,INV-2025-000570,2025-03-23,2025-05-22,2025-05-20,2025-03-22,Pharmacy,CAPEX,29790.46,32398.99,2608.53,8.76,Bank Transfer,Paid,FY2025,Q1,Over Budget
FIN000571,PO000571,V007,H003,D0053,CC1013,INV-2023-000571,2023-06-27,2023-08-26,2023-08-21,2023-06-26,Laboratory,OPEX,27487323.5,30233903.67,2746580.17,9.99,Wire Transfer,Paid,FY2023,Q2,Over Budget
FIN000572,PO000572,V007,H002,D0027,CC1007,INV-2024-000572,2024-08-30,2024-10-29,2024-10-26,2024-08-29,Equipment,CAPEX,18414229.03,18014833.8,-399395.23,-2.17,ACH,Paid,FY2024,Q3,Within Budget
FIN000573,PO000573,V001,H004,D0079,CC1019,INV-2023-000573,2023-11-25,2023-12-25,,2023-11-25,Medical Supplies,OPEX,271386.82,260109.12,-11277.7,-4.16,Cheque,Pending,FY2023,Q4,Within Budget
FIN000574,PO000574,V006,H004,D0072,CC1012,INV-2024-000574,2024-09-24,2024-11-23,2024-11-23,2024-09-23,Administration,OPEX,1381990.93,1393870.08,11879.15,0.86,UPI,Partially Paid,FY2024,Q3,Over Budget
FIN000575,PO000575,V003,H004,D0066,CC1006,INV-2023-000575,2023-04-02,2023-05-02,2023-05-04,2023-03-30,Administration,OPEX,8448.56,7771.92,-676.64,-8.01,ACH,Partially Paid,FY2023,Q1,Within Budget
FIN000576,PO000576,V002,H004,D0070,CC1010,INV-2024-000576,2024-03-21,2024-05-05,2024-05-02,2024-03-19,Laboratory,OPEX,256828.63,278946.04,22117.41,8.61,Wire Transfer,Paid,FY2024,Q1,Over Budget
FIN000577,PO000577,V010,H001,D0014,CC1014,INV-2024-000577,2024-01-29,2024-03-14,2024-03-21,2024-01-27,Equipment,OPEX,3362.85,3432.97,70.12,2.09,Cheque,Partially Paid,FY2024,Q1,Over Budget
FIN000578,PO000578,V006,H003,D0043,CC1003,INV-2023-000578,2023-06-21,2023-08-20,2023-09-11,2023-06-19,Pharmacy,OPEX,1364610.73,1337191.76,-27418.97,-2.01,ACH,Overdue,FY2023,Q2,Within Budget
FIN000579,PO000579,V009,H005,D0084,CC1004,INV-2025-000579,2025-01-15,2025-03-01,,2025-01-13,Equipment,OPEX,121868.65,129380.13,7511.48,6.16,UPI,Pending,FY2025,Q1,Over Budget
FIN000580,PO000580,V011,H001,D0006,CC1006,INV-2024-000580,2024-11-03,2025-01-02,,2024-11-01,Pharmacy,CAPEX,20981.39,20804.59,-176.8,-0.84,UPI,Pending,FY2024,Q4,Within Budget
FIN000581,PO000581,V002,H003,D0041,CC1001,INV-2025-000581,2025-02-01,2025-03-18,,2025-01-29,Administration,CAPEX,193629.08,190931.67,-2697.41,-1.39,Cheque,Pending,FY2025,Q1,Within Budget
FIN000582,PO000582,V011,H001,D0007,CC1007,INV-2025-000582,2025-06-29,2025-08-28,2025-08-27,2025-06-29,Medical Supplies,OPEX,16109.73,15174.08,-935.65,-5.81,ACH,Paid,FY2025,Q2,Within Budget
FIN000583,PO000583,V005,H005,D0085,CC1005,INV-2025-000583,2025-09-01,2025-10-31,2025-11-10,2025-08-31,Pharmacy,OPEX,10186154.88,10684079.42,497924.54,4.89,Bank Transfer,Partially Paid,FY2025,Q3,Over Budget
FIN000584,PO000584,V001,H004,D0075,CC1015,INV-2023-000584,2023-06-28,2023-07-28,2023-07-24,2023-06-26,Medical Supplies,CAPEX,49607.37,47785.82,-1821.55,-3.67,Cheque,Paid,FY2023,Q2,Within Budget
FIN000585,PO000585,V005,H003,D0050,CC1010,INV-2023-000585,2023-02-28,2023-04-29,,2023-02-27,Administration,CAPEX,22900071.42,24877969.47,1977898.05,8.64,ACH,Pending,FY2023,Q1,Over Budget
FIN000586,PO000586,V001,H005,D0091,CC1011,INV-2025-000586,2025-09-02,2025-10-02,,2025-08-31,Medical Supplies,CAPEX,225974.42,225481.86,-492.56,-0.22,Cheque,Pending,FY2025,Q3,Within Budget
FIN000587,PO000587,V011,H003,D0057,CC1017,INV-2025-000587,2025-08-25,2025-10-24,2025-10-24,2025-08-23,Medical Supplies,CAPEX,24241.01,24652.38,411.37,1.7,ACH,Partially Paid,FY2025,Q3,Over Budget
FIN000588,PO000588,V005,H002,D0032,CC1012,INV-2025-000588,2025-12-12,2026-02-10,2026-03-07,2025-12-09,Pharmacy,OPEX,20149901.55,19675479.71,-474421.84,-2.35,ACH,Overdue,FY2025,Q4,Within Budget
FIN000589,PO000589,V011,H003,D0049,CC1009,INV-2025-000589,2025-01-18,2025-03-19,2025-03-20,2025-01-17,Equipment,OPEX,23211.17,24207.67,996.5,4.29,UPI,Partially Paid,FY2025,Q1,Over Budget
FIN000590,PO000590,V004,H005,D0094,CC1014,INV-2024-000590,2024-04-28,2024-06-12,2024-06-08,2024-04-28,Pharmacy,OPEX,4957.37,5365.87,408.5,8.24,ACH,Paid,FY2024,Q2,Over Budget
FIN000591,PO000591,V006,H001,D0016,CC1016,INV-2025-000591,2025-09-13,2025-11-12,2025-11-09,2025-09-11,Equipment,OPEX,14750345.18,14506673.52,-243671.66,-1.65,ACH,Paid,FY2025,Q3,Within Budget
FIN000592,PO000592,V006,H005,D0099,CC1019,INV-2025-000592,2025-12-23,2026-02-21,,2025-12-23,Administration,CAPEX,1674347.05,1542145.62,-132201.43,-7.9,Cheque,Pending,FY2025,Q4,Within Budget
FIN000593,PO000593,V008,H005,D0096,CC1016,INV-2025-000593,2025-03-13,2025-05-12,2025-05-07,2025-03-11,Pharmacy,OPEX,14095001.93,13322539.3,-772462.63,-5.48,ACH,Paid,FY2025,Q1,Within Budget
FIN000594,PO000594,V012,H002,D0021,CC1001,INV-2025-000594,2025-01-12,2025-03-13,2025-03-09,2025-01-11,Laboratory,OPEX,23071.25,22976.56,-94.69,-0.41,Wire Transfer,Paid,FY2025,Q1,Within Budget
FIN000595,PO000595,V011,H001,D0014,CC1014,INV-2025-000595,2025-07-05,2025-09-03,,2025-07-04,Pharmacy,CAPEX,9761.69,10338.15,576.46,5.91,Wire Transfer,Pending,FY2025,Q3,Over Budget
FIN000596,PO000596,V011,H005,D0086,CC1006,INV-2023-000596,2023-11-22,2024-01-21,2024-01-31,2023-11-19,Medical Supplies,OPEX,17303.68,18336.21,1032.53,5.97,Wire Transfer,Partially Paid,FY2023,Q4,Over Budget
FIN000597,PO000597,V008,H003,D0060,CC1020,INV-2025-000597,2025-05-25,2025-07-24,2025-08-03,2025-05-24,Pharmacy,CAPEX,26569415.76,26861305.5,291889.74,1.1,Bank Transfer,Partially Paid,FY2025,Q2,Over Budget
FIN000598,PO000598,V002,H001,D0005,CC1005,INV-2023-000598,2023-12-13,2024-01-27,2024-01-23,2023-12-11,Pharmacy,CAPEX,147677.73,151127.18,3449.45,2.34,Cheque,Paid,FY2023,Q4,Over Budget
FIN000599,PO000599,V012,H004,D0063,CC1003,INV-2025-000599,2025-11-30,2026-01-29,2026-01-29,2025-11-29,Medical Supplies,OPEX,3069.97,3378.16,308.19,10.04,UPI,Paid,FY2025,Q4,Over Budget
FIN000600,PO000600,V007,H001,D0007,CC1007,INV-2023-000600,2023-03-07,2023-05-06,2023-05-01,2023-03-07,Equipment,CAPEX,41565513.98,41291291.72,-274222.26,-0.66,Bank Transfer,Paid,FY2023,Q1,Within Budget
FIN000601,PO000601,V003,H004,D0068,CC1008,INV-2023-000601,2023-12-25,2024-01-24,2024-01-24,2023-12-22,Equipment,OPEX,14985.38,15922.99,937.61,6.26,Cheque,Paid,FY2023,Q4,Over Budget
FIN000602,PO000602,V011,H005,D0100,CC1020,INV-2023-000602,2023-12-28,2024-02-26,2024-02-26,2023-12-28,Equipment,CAPEX,19794.7,18971.82,-822.88,-4.16,UPI,Paid,FY2023,Q4,Within Budget
FIN000603,PO000603,V003,H005,D0085,CC1005,INV-2025-000603,2025-03-06,2025-04-05,2025-04-11,2025-03-05,Laboratory,CAPEX,15845.32,17334.56,1489.24,9.4,Cheque,Partially Paid,FY2025,Q1,Over Budget
FIN000604,PO000604,V011,H005,D0083,CC1003,INV-2023-000604,2023-08-01,2023-09-30,2023-09-30,2023-08-01,Administration,OPEX,11773.33,11933.17,159.84,1.36,UPI,Paid,FY2023,Q3,Over Budget
FIN000605,PO000605,V004,H003,D0048,CC1008,INV-2025-000605,2025-09-20,2025-11-04,,2025-09-20,Medical Supplies,CAPEX,4971.13,5446.93,475.8,9.57,UPI,Pending,FY2025,Q3,Over Budget
FIN000606,PO000606,V004,H003,D0048,CC1008,INV-2023-000606,2023-04-11,2023-05-26,2023-05-24,2023-04-09,Laboratory,CAPEX,10447.29,11340.62,893.33,8.55,Cheque,Paid,FY2023,Q2,Over Budget
FIN000607,PO000607,V005,H002,D0036,CC1016,INV-2023-000607,2023-08-14,2023-10-13,2023-10-09,2023-08-14,Equipment,OPEX,10329666.62,9704461.77,-625204.85,-6.05,Cheque,Paid,FY2023,Q3,Within Budget
FIN000608,PO000608,V006,H003,D0052,CC1012,INV-2024-000608,2024-08-27,2024-10-26,2024-10-28,2024-08-25,Pharmacy,CAPEX,4744687.31,4478849.3,-265838.01,-5.6,Bank Transfer,Partially Paid,FY2024,Q3,Within Budget
FIN000609,PO000609,V009,H003,D0044,CC1004,INV-2025-000609,2025-12-11,2026-01-25,2026-01-25,2025-12-10,Administration,CAPEX,15880.24,15712.05,-168.19,-1.06,UPI,Paid,FY2025,Q4,Within Budget
FIN000610,PO000610,V011,H005,D0094,CC1014,INV-2025-000610,2025-01-25,2025-03-26,2025-03-21,2025-01-25,Pharmacy,OPEX,22048.68,21841.08,-207.6,-0.94,Cheque,Paid,FY2025,Q1,Within Budget
FIN000611,PO000611,V006,H003,D0058,CC1018,INV-2025-000611,2025-06-08,2025-08-07,2025-08-06,2025-06-07,Administration,CAPEX,229502.63,212281.19,-17221.44,-7.5,ACH,Paid,FY2025,Q2,Within Budget
FIN000612,PO000612,V004,H005,D0095,CC1015,INV-2025-000612,2025-09-21,2025-11-05,2025-11-27,2025-09-21,Laboratory,OPEX,23881.83,25876.25,1994.42,8.35,Wire Transfer,Overdue,FY2025,Q3,Over Budget
FIN000613,PO000613,V012,H002,D0026,CC1006,INV-2024-000613,2024-12-28,2025-02-26,2025-02-21,2024-12-26,Administration,CAPEX,10411.15,10065.53,-345.62,-3.32,Wire Transfer,Paid,FY2024,Q4,Within Budget
FIN000614,PO000614,V003,H005,D0094,CC1014,INV-2023-000614,2023-12-03,2024-01-02,2023-12-29,2023-12-02,Medical Supplies,OPEX,9530.98,9811.31,280.33,2.94,Wire Transfer,Paid,FY2023,Q4,Over Budget
FIN000615,PO000615,V004,H004,D0069,CC1009,INV-2023-000615,2023-12-08,2024-01-22,2024-01-20,2023-12-06,Administration,OPEX,7007.92,7027.79,19.87,0.28,UPI,Paid,FY2023,Q4,Over Budget
FIN000616,PO000616,V006,H004,D0063,CC1003,INV-2023-000616,2023-07-19,2023-09-17,2023-09-19,2023-07-17,Medical Supplies,CAPEX,3071500.29,3030969.02,-40531.27,-1.32,ACH,Partially Paid,FY2023,Q3,Within Budget
FIN000617,PO000617,V008,H002,D0035,CC1015,INV-2025-000617,2025-04-27,2025-06-26,2025-06-24,2025-04-24,Equipment,CAPEX,2900810.69,2744038.24,-156772.45,-5.4,Cheque,Paid,FY2025,Q2,Within Budget
FIN000618,PO000618,V006,H005,D0088,CC1008,INV-2024-000618,2024-03-11,2024-05-10,,2024-03-09,Laboratory,OPEX,3599742.51,3626689.99,26947.48,0.75,ACH,Pending,FY2024,Q1,Over Budget
FIN000619,PO000619,V011,H002,D0030,CC1010,INV-2023-000619,2023-04-02,2023-06-01,2023-06-10,2023-04-02,Administration,OPEX,41709.23,40529.41,-1179.82,-2.83,Wire Transfer,Overdue,FY2023,Q2,Within Budget
FIN000620,PO000620,V002,H001,D0017,CC1017,INV-2024-000620,2024-08-02,2024-09-16,,2024-08-02,Medical Supplies,OPEX,263495.75,251737.37,-11758.38,-4.46,UPI,Pending,FY2024,Q3,Within Budget
FIN000621,PO000621,V010,H003,D0048,CC1008,INV-2023-000621,2023-06-04,2023-07-19,2023-07-27,2023-06-03,Pharmacy,CAPEX,6275.51,6178.02,-97.49,-1.55,ACH,Partially Paid,FY2023,Q2,Within Budget
FIN000622,PO000622,V011,H004,D0080,CC1020,INV-2024-000622,2024-08-06,2024-10-05,2024-10-28,2024-08-05,Pharmacy,OPEX,13428.08,13798.38,370.3,2.76,Cheque,Overdue,FY2024,Q3,Over Budget
FIN000623,PO000623,V006,H002,D0033,CC1013,INV-2024-000623,2024-01-16,2024-03-16,2024-03-12,2024-01-16,Medical Supplies,OPEX,14912269.95,14908920.9,-3349.05,-0.02,UPI,Paid,FY2024,Q1,Within Budget
FIN000624,PO000624,V008,H001,D0015,CC1015,INV-2023-000624,2023-09-22,2023-11-21,2023-11-20,2023-09-21,Administration,OPEX,2054513.02,1981528.7,-72984.32,-3.55,Cheque,Paid,FY2023,Q3,Within Budget
FIN000625,PO000625,V003,H005,D0089,CC1009,INV-2024-000625,2024-05-21,2024-06-20,2024-06-17,2024-05-21,Equipment,OPEX,13575.44,12479.32,-1096.12,-8.07,Wire Transfer,Paid,FY2024,Q2,Within Budget
FIN000626,PO000626,V006,H002,D0023,CC1003,INV-2023-000626,2023-09-16,2023-11-15,,2023-09-16,Administration,CAPEX,7285049.03,7480384.02,195334.99,2.68,Cheque,Pending,FY2023,Q3,Over Budget
FIN000627,PO000627,V001,H001,D0010,CC1010,INV-2024-000627,2024-10-22,2024-11-21,2024-11-27,2024-10-19,Pharmacy,OPEX,58317.87,58673.74,355.87,0.61,UPI,Overdue,FY2024,Q4,Over Budget
FIN000628,PO000628,V006,H005,D0092,CC1012,INV-2024-000628,2024-08-30,2024-10-29,2024-11-11,2024-08-28,Administration,OPEX,20734877.69,20195390.23,-539487.46,-2.6,Cheque,Overdue,FY2024,Q3,Within Budget
FIN000629,PO000629,V012,H004,D0066,CC1006,INV-2024-000629,2024-01-24,2024-03-24,2024-03-24,2024-01-22,Administration,CAPEX,7437.31,7215.54,-221.77,-2.98,Cheque,Paid,FY2024,Q1,Within Budget
FIN000630,PO000630,V012,H004,D0061,CC1001,INV-2024-000630,2024-02-16,2024-04-16,2024-04-14,2024-02-15,Pharmacy,CAPEX,16492.76,15068.28,-1424.48,-8.64,Cheque,Paid,FY2024,Q1,Within Budget
FIN000631,PO000631,V008,H003,D0043,CC1003,INV-2024-000631,2024-05-07,2024-07-06,2024-07-05,2024-05-07,Laboratory,OPEX,10263632.29,9525992.86,-737639.43,-7.19,ACH,Paid,FY2024,Q2,Within Budget
FIN000632,PO000632,V004,H004,D0071,CC1011,INV-2023-000632,2023-06-23,2023-08-07,2023-08-06,2023-06-21,Equipment,CAPEX,2147.36,2345.77,198.41,9.24,UPI,Paid,FY2023,Q2,Over Budget
FIN000633,PO000633,V011,H001,D0010,CC1010,INV-2024-000633,2024-10-27,2024-12-26,,2024-10-27,Laboratory,CAPEX,23382.14,22408.26,-973.88,-4.17,Bank Transfer,Pending,FY2024,Q4,Within Budget
FIN000634,PO000634,V012,H003,D0046,CC1006,INV-2024-000634,2024-04-18,2024-06-17,2024-06-13,2024-04-15,Equipment,CAPEX,25597.98,25692.96,94.98,0.37,Bank Transfer,Paid,FY2024,Q2,Over Budget
FIN000635,PO000635,V002,H005,D0082,CC1002,INV-2025-000635,2025-11-09,2025-12-24,2025-12-23,2025-11-08,Equipment,OPEX,231156.79,243647.61,12490.82,5.4,UPI,Paid,FY2025,Q4,Over Budget
FIN000636,PO000636,V003,H004,D0065,CC1005,INV-2025-000636,2025-12-08,2026-01-07,2026-01-06,2025-12-07,Administration,CAPEX,24743.21,26623.55,1880.34,7.6,UPI,Paid,FY2025,Q4,Over Budget
FIN000637,PO000637,V007,H002,D0023,CC1003,INV-2023-000637,2023-08-23,2023-10-22,2023-11-05,2023-08-23,Medical Supplies,OPEX,23209881.28,21218547.4,-1991333.88,-8.58,Cheque,Overdue,FY2023,Q3,Within Budget
FIN000638,PO000638,V009,H004,D0079,CC1019,INV-2024-000638,2024-05-17,2024-07-01,2024-07-11,2024-05-14,Equipment,CAPEX,62156.17,60859.55,-1296.62,-2.09,UPI,Overdue,FY2024,Q2,Within Budget
FIN000639,PO000639,V011,H001,D0005,CC1005,INV-2025-000639,2025-06-04,2025-08-03,2025-07-30,2025-06-03,Pharmacy,OPEX,14098.34,15183.3,1084.96,7.7,Wire Transfer,Paid,FY2025,Q2,Over Budget
FIN000640,PO000640,V008,H002,D0029,CC1009,INV-2024-000640,2024-08-22,2024-10-21,2024-10-18,2024-08-22,Equipment,OPEX,35239143.1,32494334.06,-2744809.04,-7.79,Bank Transfer,Paid,FY2024,Q3,Within Budget
FIN000641,PO000641,V003,H005,D0100,CC1020,INV-2024-000641,2024-07-15,2024-08-14,2024-09-07,2024-07-12,Medical Supplies,OPEX,9705.3,10319.63,614.33,6.33,Cheque,Overdue,FY2024,Q3,Over Budget
FIN000642,PO000642,V002,H004,D0078,CC1018,INV-2023-000642,2023-01-30,2023-03-16,2023-04-07,2023-01-30,Administration,OPEX,313881.51,290544.5,-23337.01,-7.43,Bank Transfer,Overdue,FY2023,Q1,Within Budget
FIN000643,PO000643,V002,H003,D0055,CC1015,INV-2024-000643,2024-09-19,2024-11-03,2024-11-11,2024-09-18,Medical Supplies,CAPEX,281386.31,282389.3,1002.99,0.36,UPI,Partially Paid,FY2024,Q3,Over Budget
FIN000644,PO000644,V012,H002,D0034,CC1014,INV-2024-000644,2024-04-04,2024-06-03,,2024-04-04,Laboratory,OPEX,17945.65,18234.91,289.26,1.61,Cheque,Pending,FY2024,Q2,Over Budget
FIN000645,PO000645,V012,H003,D0044,CC1004,INV-2025-000645,2025-01-31,2025-04-01,2025-03-27,2025-01-28,Administration,OPEX,23961.82,22650.13,-1311.69,-5.47,Cheque,Paid,FY2025,Q1,Within Budget
FIN000646,PO000646,V002,H004,D0080,CC1020,INV-2024-000646,2024-02-25,2024-04-10,,2024-02-22,Medical Supplies,CAPEX,63166.18,68156.85,4990.67,7.9,UPI,Pending,FY2024,Q1,Over Budget
FIN000647,PO000647,V006,H001,D0018,CC1018,INV-2023-000647,2023-07-05,2023-09-03,2023-09-03,2023-07-02,Medical Supplies,OPEX,42567676.09,39584830.0,-2982846.09,-7.01,UPI,Paid,FY2023,Q3,Within Budget
FIN000648,PO000648,V012,H002,D0039,CC1019,INV-2024-000648,2024-12-12,2025-02-10,,2024-12-11,Pharmacy,CAPEX,31170.03,34578.09,3408.06,10.93,Wire Transfer,Pending,FY2024,Q4,Over Budget
FIN000649,PO000649,V011,H002,D0024,CC1004,INV-2024-000649,2024-10-25,2024-12-24,,2024-10-22,Pharmacy,CAPEX,11645.53,12640.1,994.57,8.54,UPI,Pending,FY2024,Q4,Over Budget
FIN000650,PO000650,V005,H003,D0059,CC1019,INV-2025-000650,2025-07-26,2025-09-24,2025-09-19,2025-07-24,Laboratory,OPEX,20412790.02,20729699.25,316909.23,1.55,Cheque,Paid,FY2025,Q3,Over Budget
FIN000651,PO000651,V012,H004,D0072,CC1012,INV-2024-000651,2024-05-16,2024-07-15,2024-07-11,2024-05-13,Administration,CAPEX,18535.74,18344.57,-191.17,-1.03,Wire Transfer,Paid,FY2024,Q2,Within Budget
FIN000652,PO000652,V010,H004,D0072,CC1012,INV-2023-000652,2023-06-01,2023-07-16,,2023-05-30,Laboratory,OPEX,6178.47,5628.55,-549.92,-8.9,Bank Transfer,Pending,FY2023,Q2,Within Budget
FIN000653,PO000653,V010,H005,D0083,CC1003,INV-2024-000653,2024-07-08,2024-08-22,,2024-07-05,Equipment,OPEX,793.88,756.39,-37.49,-4.72,ACH,Pending,FY2024,Q3,Within Budget
FIN000654,PO000654,V008,H002,D0021,CC1001,INV-2024-000654,2024-05-09,2024-07-08,2024-08-01,2024-05-07,Medical Supplies,OPEX,15063349.85,15038255.38,-25094.47,-0.17,Cheque,Overdue,FY2024,Q2,Within Budget
FIN000655,PO000655,V009,H004,D0065,CC1005,INV-2023-000655,2023-03-10,2023-04-24,2023-05-03,2023-03-10,Laboratory,CAPEX,82236.57,75245.23,-6991.34,-8.5,Bank Transfer,Overdue,FY2023,Q1,Within Budget
FIN000656,PO000656,V006,H002,D0036,CC1016,INV-2025-000656,2025-07-19,2025-09-17,2025-09-13,2025-07-18,Medical Supplies,CAPEX,3305505.49,3621217.38,315711.89,9.55,Cheque,Paid,FY2025,Q3,Over Budget
FIN000657,PO000657,V007,H005,D0095,CC1015,INV-2025-000657,2025-01-13,2025-03-14,,2025-01-11,Administration,OPEX,16860696.28,16484952.8,-375743.48,-2.23,ACH,Pending,FY2025,Q1,Within Budget
FIN000658,PO000658,V012,H003,D0056,CC1016,INV-2024-000658,2024-07-05,2024-09-03,2024-08-29,2024-07-02,Administration,CAPEX,28075.11,27308.87,-766.24,-2.73,ACH,Paid,FY2024,Q3,Within Budget
FIN000659,PO000659,V007,H003,D0056,CC1016,INV-2024-000659,2024-09-10,2024-11-09,2024-11-04,2024-09-09,Medical Supplies,CAPEX,1248536.01,1376977.94,128441.93,10.29,ACH,Paid,FY2024,Q3,Over Budget
FIN000660,PO000660,V010,H001,D0003,CC1003,INV-2023-000660,2023-02-07,2023-03-24,2023-03-22,2023-02-06,Laboratory,CAPEX,2959.39,2870.4,-88.99,-3.01,Cheque,Paid,FY2023,Q1,Within Budget
FIN000661,PO000661,V002,H005,D0100,CC1020,INV-2024-000661,2024-02-06,2024-03-22,2024-03-17,2024-02-05,Medical Supplies,OPEX,177705.91,181131.06,3425.15,1.93,UPI,Paid,FY2024,Q1,Over Budget
FIN000662,PO000662,V011,H004,D0075,CC1015,INV-2024-000662,2024-04-15,2024-06-14,2024-06-12,2024-04-13,Equipment,OPEX,21178.6,22132.54,953.94,4.5,Cheque,Paid,FY2024,Q2,Over Budget
FIN000663,PO000663,V009,H002,D0026,CC1006,INV-2026-000663,2026-01-08,2026-02-22,2026-02-19,2026-01-08,Administration,OPEX,131240.46,120853.94,-10386.52,-7.91,UPI,Paid,FY2026,Q1,Within Budget
FIN000664,PO000664,V010,H001,D0018,CC1018,INV-2024-000664,2024-08-31,2024-10-15,2024-10-15,2024-08-29,Administration,CAPEX,2570.46,2810.85,240.39,9.35,UPI,Paid,FY2024,Q3,Over Budget
FIN000665,PO000665,V010,H001,D0017,CC1017,INV-2024-000665,2024-11-01,2024-12-16,,2024-10-30,Laboratory,CAPEX,3362.57,3164.39,-198.18,-5.89,ACH,Pending,FY2024,Q4,Within Budget
FIN000666,PO000666,V004,H002,D0039,CC1019,INV-2023-000666,2023-08-09,2023-09-23,,2023-08-06,Administration,OPEX,18233.54,17340.59,-892.95,-4.9,Cheque,Pending,FY2023,Q3,Within Budget
FIN000667,PO000667,V010,H001,D0005,CC1005,INV-2023-000667,2023-07-18,2023-09-01,2023-08-31,2023-07-18,Equipment,CAPEX,27720.0,30024.25,2304.25,8.31,Cheque,Paid,FY2023,Q3,Over Budget
FIN000668,PO000668,V007,H001,D0006,CC1006,INV-2025-000668,2025-11-14,2026-01-13,,2025-11-14,Pharmacy,OPEX,431969.36,395906.57,-36062.79,-8.35,Wire Transfer,Pending,FY2025,Q4,Within Budget
FIN000669,PO000669,V007,H004,D0061,CC1001,INV-2023-000669,2023-11-21,2024-01-20,2024-01-19,2023-11-19,Laboratory,CAPEX,17204291.15,18728778.39,1524487.24,8.86,Wire Transfer,Paid,FY2023,Q4,Over Budget
FIN000670,PO000670,V004,H001,D0006,CC1006,INV-2024-000670,2024-02-08,2024-03-24,2024-03-19,2024-02-06,Equipment,CAPEX,3391.36,3593.63,202.27,5.96,ACH,Paid,FY2024,Q1,Over Budget
FIN000671,PO000671,V009,H002,D0036,CC1016,INV-2025-000671,2025-07-10,2025-08-24,2025-09-04,2025-07-09,Equipment,OPEX,136785.69,144445.3,7659.61,5.6,ACH,Overdue,FY2025,Q3,Over Budget
FIN000672,PO000672,V002,H003,D0060,CC1020,INV-2025-000672,2025-09-11,2025-10-26,2025-10-26,2025-09-09,Medical Supplies,OPEX,113743.4,106574.46,-7168.94,-6.3,Cheque,Paid,FY2025,Q3,Within Budget
FIN000673,PO000673,V004,H005,D0088,CC1008,INV-2024-000673,2024-06-13,2024-07-28,2024-08-13,2024-06-13,Administration,CAPEX,4638.76,4535.51,-103.25,-2.23,Cheque,Overdue,FY2024,Q2,Within Budget
FIN000674,PO000674,V008,H003,D0047,CC1007,INV-2023-000674,2023-09-14,2023-11-13,2023-11-09,2023-09-12,Pharmacy,CAPEX,20214423.08,18723572.82,-1490850.26,-7.38,ACH,Paid,FY2023,Q3,Within Budget
FIN000675,PO000675,V006,H004,D0071,CC1011,INV-2025-000675,2025-04-10,2025-06-09,2025-06-06,2025-04-09,Laboratory,OPEX,2380003.66,2266597.02,-113406.64,-4.76,UPI,Paid,FY2025,Q2,Within Budget
FIN000676,PO000676,V010,H005,D0084,CC1004,INV-2025-000676,2025-02-13,2025-03-30,2025-03-30,2025-02-12,Administration,CAPEX,31850.29,32853.72,1003.43,3.15,Wire Transfer,Paid,FY2025,Q1,Over Budget
FIN000677,PO000677,V007,H005,D0086,CC1006,INV-2023-000677,2023-05-31,2023-07-30,,2023-05-31,Laboratory,OPEX,17807444.0,17158143.64,-649300.36,-3.65,Wire Transfer,Pending,FY2023,Q2,Within Budget
FIN000678,PO000678,V001,H001,D0016,CC1016,INV-2025-000678,2025-10-06,2025-11-05,2025-11-03,2025-10-04,Equipment,CAPEX,275775.36,283626.0,7850.64,2.85,Cheque,Paid,FY2025,Q4,Over Budget
FIN000679,PO000679,V012,H004,D0068,CC1008,INV-2024-000679,2024-02-16,2024-04-16,2024-04-13,2024-02-14,Laboratory,OPEX,3828.87,3507.24,-321.63,-8.4,Cheque,Paid,FY2024,Q1,Within Budget
FIN000680,PO000680,V005,H002,D0026,CC1006,INV-2025-000680,2025-10-18,2025-12-17,2025-12-14,2025-10-16,Pharmacy,CAPEX,30629755.59,29447652.45,-1182103.14,-3.86,ACH,Paid,FY2025,Q4,Within Budget
FIN000681,PO000681,V011,H004,D0064,CC1004,INV-2024-000681,2025-01-01,2025-03-02,2025-03-15,2024-12-31,Equipment,CAPEX,24074.06,23735.08,-338.98,-1.41,Cheque,Overdue,FY2024,Q4,Within Budget
FIN000682,PO000682,V003,H002,D0034,CC1014,INV-2025-000682,2025-12-29,2026-01-28,2026-01-28,2025-12-28,Equipment,CAPEX,18628.94,19834.63,1205.69,6.47,Cheque,Paid,FY2025,Q4,Over Budget
FIN000683,PO000683,V006,H001,D0018,CC1018,INV-2023-000683,2023-01-26,2023-03-27,,2023-01-24,Pharmacy,CAPEX,12733459.17,13737767.79,1004308.62,7.89,UPI,Pending,FY2023,Q1,Over Budget
FIN000684,PO000684,V011,H004,D0070,CC1010,INV-2024-000684,2024-11-01,2024-12-31,2024-12-26,2024-11-01,Equipment,OPEX,13617.75,12706.68,-911.07,-6.69,ACH,Paid,FY2024,Q4,Within Budget
FIN000685,PO000685,V004,H005,D0095,CC1015,INV-2024-000685,2024-08-14,2024-09-28,2024-10-06,2024-08-11,Laboratory,CAPEX,2939.56,2765.96,-173.6,-5.91,Wire Transfer,Overdue,FY2024,Q3,Within Budget
FIN000686,PO000686,V008,H004,D0079,CC1019,INV-2023-000686,2023-04-24,2023-06-23,2023-06-20,2023-04-22,Medical Supplies,CAPEX,15316206.33,15754295.41,438089.08,2.86,UPI,Paid,FY2023,Q2,Over Budget
FIN000687,PO000687,V001,H004,D0079,CC1019,INV-2023-000687,2023-07-28,2023-08-27,2023-08-31,2023-07-27,Pharmacy,CAPEX,246389.94,262175.08,15785.14,6.41,UPI,Partially Paid,FY2023,Q3,Over Budget
FIN000688,PO000688,V006,H002,D0038,CC1018,INV-2025-000688,2025-02-11,2025-04-12,2025-04-29,2025-02-08,Administration,CAPEX,18670601.67,18717418.63,46816.96,0.25,Cheque,Overdue,FY2025,Q1,Over Budget
FIN000689,PO000689,V009,H004,D0063,CC1003,INV-2023-000689,2023-07-01,2023-08-15,2023-09-09,2023-06-30,Pharmacy,CAPEX,70160.41,68359.65,-1800.76,-2.57,UPI,Overdue,FY2023,Q2,Within Budget
FIN000690,PO000690,V009,H002,D0022,CC1002,INV-2023-000690,2023-05-14,2023-06-28,2023-06-26,2023-05-14,Equipment,CAPEX,77003.56,75915.87,-1087.69,-1.41,Wire Transfer,Paid,FY2023,Q2,Within Budget
FIN000691,PO000691,V008,H003,D0051,CC1011,INV-2024-000691,2024-04-10,2024-06-09,2024-06-06,2024-04-08,Pharmacy,CAPEX,10349091.38,10041786.41,-307304.97,-2.97,Wire Transfer,Paid,FY2024,Q2,Within Budget
FIN000692,PO000692,V005,H003,D0055,CC1015,INV-2024-000692,2024-02-25,2024-04-25,2024-04-24,2024-02-22,Medical Supplies,OPEX,22055883.06,21014026.54,-1041856.52,-4.72,ACH,Paid,FY2024,Q1,Within Budget
FIN000693,PO000693,V002,H003,D0057,CC1017,INV-2025-000693,2025-01-18,2025-03-04,2025-03-01,2025-01-18,Medical Supplies,OPEX,142571.19,138096.25,-4474.94,-3.14,Bank Transfer,Paid,FY2025,Q1,Within Budget
FIN000694,PO000694,V002,H003,D0044,CC1004,INV-2025-000694,2025-11-15,2025-12-30,2025-12-30,2025-11-12,Laboratory,OPEX,388287.78,357092.62,-31195.16,-8.03,Bank Transfer,Paid,FY2025,Q4,Within Budget
FIN000695,PO000695,V004,H004,D0077,CC1017,INV-2024-000695,2024-10-17,2024-12-01,2024-11-28,2024-10-16,Pharmacy,OPEX,3314.45,3479.77,165.32,4.99,ACH,Paid,FY2024,Q4,Over Budget
FIN000696,PO000696,V010,H004,D0065,CC1005,INV-2024-000696,2024-05-25,2024-07-09,2024-07-08,2024-05-22,Administration,OPEX,3707.15,3538.98,-168.17,-4.54,Bank Transfer,Paid,FY2024,Q2,Within Budget
FIN000697,PO000697,V005,H004,D0073,CC1013,INV-2025-000697,2025-08-12,2025-10-11,2025-10-26,2025-08-10,Laboratory,CAPEX,20198378.17,22268674.67,2070296.5,10.25,UPI,Overdue,FY2025,Q3,Over Budget
FIN000698,PO000698,V004,H002,D0024,CC1004,INV-2025-000698,2025-12-05,2026-01-19,2026-01-14,2025-12-02,Administration,OPEX,24810.08,22824.96,-1985.12,-8.0,UPI,Paid,FY2025,Q4,Within Budget
FIN000699,PO000699,V001,H005,D0081,CC1001,INV-2024-000699,2024-10-14,2024-11-13,2024-11-08,2024-10-11,Administration,CAPEX,212029.87,207970.93,-4058.94,-1.91,Wire Transfer,Paid,FY2024,Q4,Within Budget
FIN000700,PO000700,V011,H001,D0004,CC1004,INV-2023-000700,2023-04-09,2023-06-08,2023-06-27,2023-04-08,Pharmacy,CAPEX,29041.33,29148.29,106.96,0.37,Cheque,Overdue,FY2023,Q2,Over Budget
FIN000701,PO000701,V010,H002,D0033,CC1013,INV-2024-000701,2024-05-10,2024-06-24,2024-06-20,2024-05-08,Equipment,CAPEX,2672.89,2807.77,134.88,5.05,Wire Transfer,Paid,FY2024,Q2,Over Budget
FIN000702,PO000702,V007,H002,D0021,CC1001,INV-2024-000702,2024-11-25,2025-01-24,,2024-11-25,Laboratory,CAPEX,57315673.84,57670950.48,355276.64,0.62,Wire Transfer,Pending,FY2024,Q4,Over Budget
FIN000703,PO000703,V002,H001,D0009,CC1009,INV-2023-000703,2023-04-04,2023-05-19,,2023-04-01,Administration,OPEX,282120.85,312832.73,30711.88,10.89,Bank Transfer,Pending,FY2023,Q2,Over Budget
FIN000704,PO000704,V007,H004,D0073,CC1013,INV-2025-000704,2025-07-08,2025-09-06,2025-09-02,2025-07-07,Laboratory,CAPEX,13221442.86,13095173.45,-126269.41,-0.96,ACH,Paid,FY2025,Q3,Within Budget
FIN000705,PO000705,V003,H002,D0025,CC1005,INV-2023-000705,2023-05-01,2023-05-31,2023-06-12,2023-04-28,Pharmacy,OPEX,7626.29,8176.98,550.69,7.22,Cheque,Overdue,FY2023,Q2,Over Budget
FIN000706,PO000706,V007,H002,D0035,CC1015,INV-2025-000706,2025-11-22,2026-01-21,2026-01-16,2025-11-20,Administration,CAPEX,10374229.08,10120561.23,-253667.85,-2.45,Cheque,Paid,FY2025,Q4,Within Budget
FIN000707,PO000707,V007,H002,D0026,CC1006,INV-2025-000707,2025-11-23,2026-01-22,2026-01-20,2025-11-23,Medical Supplies,CAPEX,26450524.05,28210879.39,1760355.34,6.66,UPI,Paid,FY2025,Q4,Over Budget
FIN000708,PO000708,V003,H002,D0027,CC1007,INV-2023-000708,2023-10-09,2023-11-08,2023-11-08,2023-10-06,Equipment,OPEX,33836.95,34159.64,322.69,0.95,UPI,Paid,FY2023,Q4,Over Budget
FIN000709,PO000709,V005,H004,D0079,CC1019,INV-2024-000709,2024-07-11,2024-09-09,2024-09-08,2024-07-11,Laboratory,OPEX,9599024.84,10613386.79,1014361.95,10.57,ACH,Paid,FY2024,Q3,Over Budget
FIN000710,PO000710,V007,H004,D0079,CC1019,INV-2025-000710,2025-10-07,2025-12-06,2025-12-04,2025-10-07,Laboratory,CAPEX,15395284.75,16769743.0,1374458.25,8.93,Cheque,Paid,FY2025,Q4,Over Budget
FIN000711,PO000711,V003,H004,D0074,CC1014,INV-2024-000711,2024-05-18,2024-06-17,,2024-05-15,Medical Supplies,CAPEX,2122.87,1930.6,-192.27,-9.06,Bank Transfer,Pending,FY2024,Q2,Within Budget
FIN000712,PO000712,V001,H003,D0050,CC1010,INV-2025-000712,2025-05-09,2025-06-08,2025-06-05,2025-05-08,Medical Supplies,CAPEX,86202.69,80660.56,-5542.13,-6.43,ACH,Paid,FY2025,Q2,Within Budget
FIN000713,PO000713,V006,H005,D0098,CC1018,INV-2024-000713,2024-10-06,2024-12-05,2024-12-10,2024-10-04,Medical Supplies,OPEX,553846.16,590178.46,36332.3,6.56,Cheque,Overdue,FY2024,Q4,Over Budget
FIN000714,PO000714,V006,H003,D0044,CC1004,INV-2025-000714,2025-07-10,2025-09-08,2025-09-08,2025-07-07,Equipment,CAPEX,20949032.71,19871122.35,-1077910.36,-5.15,Bank Transfer,Paid,FY2025,Q3,Within Budget
FIN000715,PO000715,V007,H005,D0086,CC1006,INV-2023-000715,2023-09-12,2023-11-11,2023-11-06,2023-09-11,Pharmacy,CAPEX,1555721.75,1549172.12,-6549.63,-0.42,ACH,Paid,FY2023,Q3,Within Budget
FIN000716,PO000716,V002,H005,D0084,CC1004,INV-2024-000716,2024-12-13,2025-01-27,,2024-12-13,Administration,OPEX,185955.3,181272.51,-4682.79,-2.52,Wire Transfer,Pending,FY2024,Q4,Within Budget
FIN000717,PO000717,V012,H001,D0003,CC1003,INV-2024-000717,2024-03-28,2024-05-27,2024-05-27,2024-03-26,Equipment,OPEX,8352.03,8383.5,31.47,0.38,ACH,Paid,FY2024,Q1,Over Budget
FIN000718,PO000718,V008,H004,D0061,CC1001,INV-2025-000718,2025-03-04,2025-05-03,2025-05-01,2025-03-02,Administration,OPEX,28730933.19,27986988.84,-743944.35,-2.59,Cheque,Paid,FY2025,Q1,Within Budget
FIN000719,PO000719,V010,H003,D0050,CC1010,INV-2023-000719,2023-05-08,2023-06-22,2023-07-01,2023-05-08,Laboratory,OPEX,8076.08,7634.58,-441.5,-5.47,Wire Transfer,Partially Paid,FY2023,Q2,Within Budget
FIN000720,PO000720,V010,H002,D0027,CC1007,INV-2023-000720,2023-08-22,2023-10-06,2023-10-06,2023-08-21,Administration,CAPEX,3331.37,3160.21,-171.16,-5.14,Bank Transfer,Paid,FY2023,Q3,Within Budget
FIN000721,PO000721,V012,H004,D0074,CC1014,INV-2024-000721,2024-10-30,2024-12-29,,2024-10-29,Medical Supplies,OPEX,15591.89,17097.21,1505.32,9.65,Cheque,Pending,FY2024,Q4,Over Budget
FIN000722,PO000722,V007,H005,D0093,CC1013,INV-2023-000722,2023-04-20,2023-06-19,2023-07-08,2023-04-18,Equipment,OPEX,14998590.56,15845786.72,847196.16,5.65,Cheque,Overdue,FY2023,Q2,Over Budget
FIN000723,PO000723,V006,H005,D0089,CC1009,INV-2025-000723,2025-01-02,2025-03-03,2025-03-03,2025-01-01,Laboratory,CAPEX,2410250.95,2480617.38,70366.43,2.92,UPI,Paid,FY2025,Q1,Over Budget
FIN000724,PO000724,V002,H001,D0015,CC1015,INV-2024-000724,2024-06-28,2024-08-12,2024-08-11,2024-06-25,Administration,CAPEX,224635.22,234252.96,9617.74,4.28,Wire Transfer,Paid,FY2024,Q2,Over Budget
FIN000725,PO000725,V009,H004,D0073,CC1013,INV-2024-000725,2024-12-18,2025-02-01,2025-02-25,2024-12-16,Administration,OPEX,38342.06,36639.06,-1703.0,-4.44,Bank Transfer,Overdue,FY2024,Q4,Within Budget
FIN000726,PO000726,V001,H004,D0075,CC1015,INV-2024-000726,2024-05-17,2024-06-16,2024-06-14,2024-05-14,Administration,CAPEX,130073.32,129268.3,-805.02,-0.62,Cheque,Paid,FY2024,Q2,Within Budget
FIN000727,PO000727,V004,H005,D0093,CC1013,INV-2023-000727,2023-10-07,2023-11-21,,2023-10-04,Medical Supplies,CAPEX,6886.98,7650.98,764.0,11.09,UPI,Pending,FY2023,Q4,Over Budget
FIN000728,PO000728,V006,H005,D0100,CC1020,INV-2024-000728,2024-10-12,2024-12-11,,2024-10-12,Administration,CAPEX,16834448.06,17762403.79,927955.73,5.51,ACH,Pending,FY2024,Q4,Over Budget
FIN000729,PO000729,V010,H004,D0070,CC1010,INV-2023-000729,2023-06-04,2023-07-19,,2023-06-01,Equipment,CAPEX,7641.13,7604.52,-36.61,-0.48,Wire Transfer,Pending,FY2023,Q2,Within Budget
FIN000730,PO000730,V005,H004,D0074,CC1014,INV-2024-000730,2024-11-10,2025-01-09,2025-01-05,2024-11-08,Medical Supplies,OPEX,19861472.17,20226336.97,364864.8,1.84,ACH,Paid,FY2024,Q4,Over Budget
FIN000731,PO000731,V012,H004,D0076,CC1016,INV-2024-000731,2024-02-04,2024-04-04,2024-04-01,2024-02-04,Equipment,OPEX,23783.21,25416.8,1633.59,6.87,Bank Transfer,Paid,FY2024,Q1,Over Budget
FIN000732,PO000732,V011,H004,D0067,CC1007,INV-2024-000732,2024-05-09,2024-07-08,,2024-05-06,Administration,CAPEX,28355.33,27958.25,-397.08,-1.4,Bank Transfer,Pending,FY2024,Q2,Within Budget
FIN000733,PO000733,V008,H001,D0017,CC1017,INV-2025-000733,2025-11-21,2026-01-20,2026-01-19,2025-11-21,Laboratory,OPEX,1293829.81,1329362.6,35532.79,2.75,Cheque,Paid,FY2025,Q4,Over Budget
FIN000734,PO000734,V003,H001,D0009,CC1009,INV-2023-000734,2023-10-14,2023-11-13,2023-11-08,2023-10-14,Laboratory,CAPEX,9789.18,9233.3,-555.88,-5.68,Bank Transfer,Paid,FY2023,Q4,Within Budget
FIN000735,PO000735,V007,H004,D0063,CC1003,INV-2025-000735,2025-05-23,2025-07-22,2025-07-17,2025-05-21,Medical Supplies,CAPEX,26900417.79,25265046.85,-1635370.94,-6.08,Bank Transfer,Paid,FY2025,Q2,Within Budget
FIN000736,PO000736,V008,H003,D0041,CC1001,INV-2024-000736,2024-11-23,2025-01-22,2025-01-21,2024-11-23,Administration,CAPEX,2699350.72,2478923.15,-220427.57,-8.17,ACH,Paid,FY2024,Q4,Within Budget
FIN000737,PO000737,V005,H002,D0023,CC1003,INV-2024-000737,2024-10-28,2024-12-27,2024-12-26,2024-10-27,Administration,CAPEX,16024311.83,17072132.95,1047821.12,6.54,Bank Transfer,Paid,FY2024,Q4,Over Budget
FIN000738,PO000738,V008,H001,D0019,CC1019,INV-2024-000738,2024-06-15,2024-08-14,,2024-06-13,Laboratory,OPEX,20845119.89,19791110.95,-1054008.94,-5.06,ACH,Pending,FY2024,Q2,Within Budget
FIN000739,PO000739,V006,H003,D0056,CC1016,INV-2024-000739,2024-09-14,2024-11-13,2024-11-08,2024-09-11,Equipment,CAPEX,30825016.53,29121625.13,-1703391.4,-5.53,Wire Transfer,Paid,FY2024,Q3,Within Budget
FIN000740,PO000740,V004,H005,D0099,CC1019,INV-2023-000740,2023-12-19,2024-02-02,2024-02-20,2023-12-17,Laboratory,CAPEX,15683.5,14515.08,-1168.42,-7.45,UPI,Overdue,FY2023,Q4,Within Budget
FIN000741,PO000741,V011,H005,D0095,CC1015,INV-2025-000741,2025-07-29,2025-09-27,2025-09-23,2025-07-28,Pharmacy,CAPEX,23120.48,24384.97,1264.49,5.47,Cheque,Paid,FY2025,Q3,Over Budget
FIN000742,PO000742,V002,H005,D0084,CC1004,INV-2025-000742,2025-05-12,2025-06-26,2025-06-26,2025-05-09,Pharmacy,OPEX,165265.21,167018.92,1753.71,1.06,UPI,Paid,FY2025,Q2,Over Budget
FIN000743,PO000743,V010,H002,D0028,CC1008,INV-2023-000743,2023-07-22,2023-09-05,2023-09-04,2023-07-20,Equipment,CAPEX,29100.16,31391.18,2291.02,7.87,Bank Transfer,Paid,FY2023,Q3,Over Budget
FIN000744,PO000744,V008,H004,D0068,CC1008,INV-2023-000744,2023-07-29,2023-09-27,2023-10-05,2023-07-27,Administration,OPEX,12300575.66,11667003.53,-633572.13,-5.15,Bank Transfer,Partially Paid,FY2023,Q3,Within Budget
FIN000745,PO000745,V009,H001,D0017,CC1017,INV-2025-000745,2025-03-04,2025-04-18,2025-04-16,2025-03-02,Pharmacy,OPEX,50372.56,55504.06,5131.5,10.19,ACH,Paid,FY2025,Q1,Over Budget
FIN000746,PO000746,V006,H001,D0006,CC1006,INV-2023-000746,2023-11-13,2024-01-12,2024-01-09,2023-11-11,Administration,OPEX,35114551.99,36914162.92,1799610.93,5.12,Bank Transfer,Paid,FY2023,Q4,Over Budget
FIN000747,PO000747,V007,H003,D0060,CC1020,INV-2024-000747,2024-02-02,2024-04-02,2024-03-28,2024-01-30,Administration,OPEX,29257741.85,28005447.32,-1252294.53,-4.28,UPI,Paid,FY2024,Q1,Within Budget
FIN000748,PO000748,V003,H003,D0045,CC1005,INV-2025-000748,2025-08-07,2025-09-06,,2025-08-07,Administration,CAPEX,26235.5,25509.72,-725.78,-2.77,Bank Transfer,Pending,FY2025,Q3,Within Budget
FIN000749,PO000749,V004,H001,D0007,CC1007,INV-2024-000749,2024-04-02,2024-05-17,2024-05-14,2024-03-31,Laboratory,OPEX,10148.36,9609.97,-538.39,-5.31,ACH,Paid,FY2024,Q1,Within Budget
FIN000750,PO000750,V012,H003,D0055,CC1015,INV-2024-000750,2024-08-09,2024-10-08,2024-10-03,2024-08-09,Laboratory,OPEX,26579.63,25325.13,-1254.5,-4.72,Wire Transfer,Paid,FY2024,Q3,Within Budget
FIN000751,PO000751,V011,H003,D0056,CC1016,INV-2023-000751,2023-11-09,2024-01-08,2024-01-07,2023-11-07,Pharmacy,OPEX,38186.05,38000.73,-185.32,-0.49,ACH,Paid,FY2023,Q4,Within Budget
FIN000752,PO000752,V008,H002,D0023,CC1003,INV-2025-000752,2025-05-28,2025-07-27,2025-08-05,2025-05-25,Administration,OPEX,461233.59,506792.2,45558.61,9.88,ACH,Partially Paid,FY2025,Q2,Over Budget
FIN000753,PO000753,V001,H005,D0094,CC1014,INV-2025-000753,2025-01-15,2025-02-14,2025-02-12,2025-01-12,Medical Supplies,CAPEX,201371.99,204151.07,2779.08,1.38,UPI,Paid,FY2025,Q1,Over Budget
FIN000754,PO000754,V006,H005,D0097,CC1017,INV-2025-000754,2025-06-14,2025-08-13,2025-08-10,2025-06-11,Administration,CAPEX,26327894.88,25096581.13,-1231313.75,-4.68,ACH,Paid,FY2025,Q2,Within Budget
FIN000755,PO000755,V005,H004,D0071,CC1011,INV-2026-000755,2026-01-12,2026-03-13,2026-03-10,2026-01-09,Laboratory,OPEX,22403824.19,21288183.23,-1115640.96,-4.98,UPI,Paid,FY2026,Q1,Within Budget
FIN000756,PO000756,V009,H001,D0013,CC1013,INV-2025-000756,2025-12-31,2026-02-14,2026-02-12,2025-12-30,Laboratory,CAPEX,9970.98,9744.9,-226.08,-2.27,UPI,Paid,FY2025,Q4,Within Budget
FIN000757,PO000757,V011,H004,D0063,CC1003,INV-2024-000757,2024-10-30,2024-12-29,2024-12-27,2024-10-27,Equipment,CAPEX,11812.4,12868.68,1056.28,8.94,Wire Transfer,Paid,FY2024,Q4,Over Budget
FIN000758,PO000758,V010,H005,D0088,CC1008,INV-2025-000758,2025-10-19,2025-12-03,,2025-10-19,Equipment,CAPEX,17954.44,17623.55,-330.89,-1.84,UPI,Pending,FY2025,Q4,Within Budget
FIN000759,PO000759,V012,H002,D0033,CC1013,INV-2023-000759,2023-09-17,2023-11-16,2023-11-13,2023-09-14,Medical Supplies,OPEX,30491.11,28648.53,-1842.58,-6.04,ACH,Paid,FY2023,Q3,Within Budget
FIN000760,PO000760,V001,H002,D0032,CC1012,INV-2025-000760,2025-05-03,2025-06-02,,2025-05-02,Medical Supplies,OPEX,309522.4,298458.01,-11064.39,-3.57,Bank Transfer,Pending,FY2025,Q2,Within Budget
FIN000761,PO000761,V002,H004,D0064,CC1004,INV-2024-000761,2024-03-01,2024-04-15,2024-04-29,2024-02-29,Medical Supplies,CAPEX,192050.2,202454.4,10404.2,5.42,Bank Transfer,Overdue,FY2024,Q1,Over Budget
FIN000762,PO000762,V005,H001,D0007,CC1007,INV-2023-000762,2023-09-18,2023-11-17,2023-11-16,2023-09-15,Administration,OPEX,12404830.32,12907935.03,503104.71,4.06,ACH,Paid,FY2023,Q3,Over Budget
FIN000763,PO000763,V010,H002,D0030,CC1010,INV-2024-000763,2024-02-21,2024-04-06,2024-04-02,2024-02-19,Equipment,OPEX,6555.05,6494.75,-60.3,-0.92,Cheque,Paid,FY2024,Q1,Within Budget
FIN000764,PO000764,V003,H002,D0034,CC1014,INV-2023-000764,2023-10-16,2023-11-15,2023-11-15,2023-10-16,Pharmacy,OPEX,21855.58,21498.68,-356.9,-1.63,UPI,Paid,FY2023,Q4,Within Budget
FIN000765,PO000765,V012,H005,D0100,CC1020,INV-2025-000765,2025-05-14,2025-07-13,,2025-05-11,Medical Supplies,OPEX,24514.78,25689.93,1175.15,4.79,Cheque,Pending,FY2025,Q2,Over Budget
FIN000766,PO000766,V004,H004,D0070,CC1010,INV-2024-000766,2024-03-13,2024-04-27,2024-05-02,2024-03-11,Pharmacy,CAPEX,16114.06,15613.27,-500.79,-3.11,ACH,Overdue,FY2024,Q1,Within Budget
FIN000767,PO000767,V006,H005,D0085,CC1005,INV-2024-000767,2024-12-17,2025-02-15,2025-02-22,2024-12-17,Administration,OPEX,31790111.35,29006672.53,-2783438.82,-8.76,ACH,Partially Paid,FY2024,Q4,Within Budget
FIN000768,PO000768,V011,H001,D0013,CC1013,INV-2024-000768,2024-10-14,2024-12-13,2024-12-08,2024-10-11,Medical Supplies,OPEX,24140.41,25687.43,1547.02,6.41,ACH,Paid,FY2024,Q4,Over Budget
FIN000769,PO000769,V008,H003,D0043,CC1003,INV-2025-000769,2025-03-01,2025-04-30,2025-04-27,2025-02-27,Equipment,OPEX,18633358.36,17182248.36,-1451110.0,-7.79,Wire Transfer,Paid,FY2025,Q1,Within Budget
FIN000770,PO000770,V005,H005,D0095,CC1015,INV-2025-000770,2025-02-26,2025-04-27,2025-04-26,2025-02-24,Administration,CAPEX,19897094.48,19189717.9,-707376.58,-3.56,Bank Transfer,Paid,FY2025,Q1,Within Budget
FIN000771,PO000771,V007,H003,D0043,CC1003,INV-2025-000771,2025-11-18,2026-01-17,2026-01-22,2025-11-15,Administration,CAPEX,1191526.79,1162285.46,-29241.33,-2.45,ACH,Overdue,FY2025,Q4,Within Budget
FIN000772,PO000772,V012,H003,D0044,CC1004,INV-2023-000772,2023-11-08,2024-01-07,,2023-11-05,Medical Supplies,CAPEX,10728.97,11532.29,803.32,7.49,UPI,Pending,FY2023,Q4,Over Budget
FIN000773,PO000773,V005,H005,D0082,CC1002,INV-2025-000773,2025-12-26,2026-02-24,2026-02-20,2025-12-25,Equipment,CAPEX,20889293.04,19127267.39,-1762025.65,-8.44,Wire Transfer,Paid,FY2025,Q4,Within Budget
FIN000774,PO000774,V007,H004,D0075,CC1015,INV-2025-000774,2025-09-08,2025-11-07,2025-11-06,2025-09-06,Equipment,OPEX,17723700.52,16381300.78,-1342399.74,-7.57,UPI,Paid,FY2025,Q3,Within Budget
FIN000775,PO000775,V012,H001,D0011,CC1011,INV-2024-000775,2024-10-19,2024-12-18,2025-01-01,2024-10-18,Administration,OPEX,29138.57,28899.55,-239.02,-0.82,Cheque,Overdue,FY2024,Q4,Within Budget
FIN000776,PO000776,V005,H005,D0088,CC1008,INV-2025-000776,2025-07-13,2025-09-11,,2025-07-12,Administration,OPEX,18219767.0,16576427.09,-1643339.91,-9.02,Wire Transfer,Pending,FY2025,Q3,Within Budget
FIN000777,PO000777,V010,H004,D0070,CC1010,INV-2025-000777,2025-12-01,2026-01-15,2026-01-14,2025-12-01,Medical Supplies,CAPEX,29211.61,31975.48,2763.87,9.46,Cheque,Paid,FY2025,Q4,Over Budget
FIN000778,PO000778,V012,H004,D0071,CC1011,INV-2023-000778,2023-11-06,2024-01-05,2023-12-31,2023-11-04,Pharmacy,OPEX,16223.67,14853.59,-1370.08,-8.44,ACH,Paid,FY2023,Q4,Within Budget
FIN000779,PO000779,V010,H001,D0011,CC1011,INV-2023-000779,2023-04-29,2023-06-13,2023-06-09,2023-04-28,Administration,CAPEX,5503.5,5973.27,469.77,8.54,UPI,Paid,FY2023,Q2,Over Budget
FIN000780,PO000780,V011,H004,D0073,CC1013,INV-2025-000780,2025-03-10,2025-05-09,2025-05-08,2025-03-09,Medical Supplies,CAPEX,43428.02,42853.41,-574.61,-1.32,Bank Transfer,Paid,FY2025,Q1,Within Budget
FIN000781,PO000781,V010,H004,D0074,CC1014,INV-2024-000781,2024-10-21,2024-12-05,2024-12-01,2024-10-18,Laboratory,CAPEX,4000.64,3855.56,-145.08,-3.63,ACH,Paid,FY2024,Q4,Within Budget
FIN000782,PO000782,V009,H005,D0088,CC1008,INV-2023-000782,2023-10-11,2023-11-25,2023-11-24,2023-10-08,Equipment,OPEX,59489.46,55575.51,-3913.95,-6.58,Bank Transfer,Paid,FY2023,Q4,Within Budget
FIN000783,PO000783,V011,H004,D0078,CC1018,INV-2024-000783,2024-05-05,2024-07-04,2024-07-10,2024-05-05,Equipment,OPEX,19984.55,20356.71,372.16,1.86,ACH,Partially Paid,FY2024,Q2,Over Budget
FIN000784,PO000784,V010,H001,D0006,CC1006,INV-2024-000784,2024-01-31,2024-03-16,2024-04-05,2024-01-28,Pharmacy,CAPEX,13753.87,15060.73,1306.86,9.5,ACH,Overdue,FY2024,Q1,Over Budget
FIN000785,PO000785,V003,H005,D0093,CC1013,INV-2023-000785,2023-08-28,2023-09-27,2023-09-24,2023-08-28,Pharmacy,CAPEX,12253.31,12433.46,180.15,1.47,UPI,Paid,FY2023,Q3,Over Budget
FIN000786,PO000786,V007,H005,D0097,CC1017,INV-2023-000786,2023-10-12,2023-12-11,2023-12-08,2023-10-12,Laboratory,OPEX,12332678.2,11336976.22,-995701.98,-8.07,ACH,Paid,FY2023,Q4,Within Budget
FIN000787,PO000787,V002,H002,D0027,CC1007,INV-2024-000787,2024-09-28,2024-11-12,2024-11-12,2024-09-25,Administration,CAPEX,142653.37,142121.76,-531.61,-0.37,UPI,Partially Paid,FY2024,Q3,Within Budget
FIN000788,PO000788,V003,H004,D0074,CC1014,INV-2025-000788,2025-09-23,2025-10-23,2025-10-20,2025-09-23,Laboratory,CAPEX,26665.18,25322.29,-1342.89,-5.04,Wire Transfer,Paid,FY2025,Q3,Within Budget
FIN000789,PO000789,V003,H005,D0093,CC1013,INV-2024-000789,2024-12-10,2025-01-09,2025-01-09,2024-12-07,Administration,OPEX,7070.26,7125.34,55.08,0.78,Cheque,Paid,FY2024,Q4,Over Budget
FIN000790,PO000790,V003,H001,D0015,CC1015,INV-2025-000790,2025-08-17,2025-09-16,2025-09-12,2025-08-14,Medical Supplies,OPEX,14840.38,13921.84,-918.54,-6.19,UPI,Paid,FY2025,Q3,Within Budget
FIN000791,PO000791,V005,H005,D0089,CC1009,INV-2023-000791,2023-09-06,2023-11-05,2023-11-03,2023-09-05,Laboratory,OPEX,50190980.17,46149718.9,-4041261.27,-8.05,ACH,Paid,FY2023,Q3,Within Budget
FIN000792,PO000792,V011,H002,D0036,CC1016,INV-2024-000792,2024-04-06,2024-06-05,2024-06-12,2024-04-05,Pharmacy,CAPEX,3023.31,3051.58,28.27,0.94,ACH,Overdue,FY2024,Q2,Over Budget
FIN000793,PO000793,V005,H002,D0030,CC1010,INV-2025-000793,2025-04-04,2025-06-03,2025-05-29,2025-04-04,Laboratory,CAPEX,7743977.96,7419913.65,-324064.31,-4.18,Bank Transfer,Paid,FY2025,Q2,Within Budget
FIN000794,PO000794,V010,H005,D0094,CC1014,INV-2024-000794,2024-10-06,2024-11-20,,2024-10-03,Administration,OPEX,9992.62,9945.25,-47.37,-0.47,Cheque,Pending,FY2024,Q4,Within Budget
FIN000795,PO000795,V009,H004,D0076,CC1016,INV-2024-000795,2024-09-04,2024-10-19,,2024-09-04,Pharmacy,OPEX,58491.02,57907.93,-583.09,-1.0,ACH,Pending,FY2024,Q3,Within Budget
FIN000796,PO000796,V011,H003,D0054,CC1014,INV-2023-000796,2023-08-31,2023-10-30,,2023-08-30,Medical Supplies,CAPEX,30910.78,28787.32,-2123.46,-6.87,Wire Transfer,Pending,FY2023,Q3,Within Budget
FIN000797,PO000797,V007,H002,D0028,CC1008,INV-2025-000797,2025-03-26,2025-05-25,2025-05-24,2025-03-23,Medical Supplies,OPEX,2003539.74,2082890.23,79350.49,3.96,ACH,Paid,FY2025,Q1,Over Budget
FIN000798,PO000798,V001,H002,D0026,CC1006,INV-2023-000798,2023-10-22,2023-11-21,2023-11-18,2023-10-20,Laboratory,OPEX,41045.84,45570.71,4524.87,11.02,UPI,Paid,FY2023,Q4,Over Budget
FIN000799,PO000799,V010,H004,D0067,CC1007,INV-2023-000799,2023-09-30,2023-11-14,2023-11-09,2023-09-29,Laboratory,CAPEX,11362.91,10555.02,-807.89,-7.11,Cheque,Paid,FY2023,Q3,Within Budget
FIN000800,PO000800,V001,H002,D0037,CC1017,INV-2025-000800,2025-06-20,2025-07-20,2025-07-16,2025-06-20,Pharmacy,OPEX,100688.27,101872.53,1184.26,1.18,Bank Transfer,Paid,FY2025,Q2,Over Budget
FIN000801,PO000801,V003,H002,D0040,CC1020,INV-2025-000801,2025-05-26,2025-06-25,,2025-05-26,Medical Supplies,OPEX,8612.47,9191.85,579.38,6.73,Bank Transfer,Pending,FY2025,Q2,Over Budget
FIN000802,PO000802,V010,H003,D0043,CC1003,INV-2025-000802,2025-01-14,2025-02-28,2025-02-28,2025-01-12,Medical Supplies,OPEX,2470.24,2390.4,-79.84,-3.23,Cheque,Paid,FY2025,Q1,Within Budget
FIN000803,PO000803,V002,H003,D0056,CC1016,INV-2025-000803,2025-11-06,2025-12-21,,2025-11-05,Administration,OPEX,248511.99,226177.62,-22334.37,-8.99,Cheque,Pending,FY2025,Q4,Within Budget
FIN000804,PO000804,V011,H005,D0089,CC1009,INV-2025-000804,2025-10-06,2025-12-05,2025-12-06,2025-10-04,Pharmacy,CAPEX,22650.84,21574.96,-1075.88,-4.75,Wire Transfer,Partially Paid,FY2025,Q4,Within Budget
FIN000805,PO000805,V001,H001,D0004,CC1004,INV-2025-000805,2025-12-23,2026-01-22,,2025-12-23,Administration,OPEX,339951.41,314913.88,-25037.53,-7.37,Wire Transfer,Pending,FY2025,Q4,Within Budget
FIN000806,PO000806,V007,H004,D0072,CC1012,INV-2025-000806,2025-09-18,2025-11-17,,2025-09-18,Pharmacy,CAPEX,15996273.46,16090185.94,93912.48,0.59,UPI,Pending,FY2025,Q3,Over Budget
FIN000807,PO000807,V011,H001,D0002,CC1002,INV-2025-000807,2025-09-08,2025-11-07,,2025-09-07,Administration,OPEX,16566.02,16856.77,290.75,1.76,Bank Transfer,Pending,FY2025,Q3,Over Budget
FIN000808,PO000808,V008,H004,D0071,CC1011,INV-2024-000808,2024-09-19,2024-11-18,2024-11-13,2024-09-19,Administration,CAPEX,1375824.57,1356463.21,-19361.36,-1.41,Cheque,Paid,FY2024,Q3,Within Budget
FIN000809,PO000809,V004,H004,D0067,CC1007,INV-2023-000809,2023-05-19,2023-07-03,2023-06-29,2023-05-17,Administration,CAPEX,13359.81,13075.18,-284.63,-2.13,ACH,Paid,FY2023,Q2,Within Budget
FIN000810,PO000810,V004,H004,D0079,CC1019,INV-2024-000810,2024-08-24,2024-10-08,2024-10-03,2024-08-21,Laboratory,CAPEX,1799.2,1758.99,-40.21,-2.23,ACH,Paid,FY2024,Q3,Within Budget
FIN000811,PO000811,V011,H001,D0017,CC1017,INV-2023-000811,2023-10-17,2023-12-16,,2023-10-16,Equipment,OPEX,40026.62,37174.15,-2852.47,-7.13,Bank Transfer,Pending,FY2023,Q4,Within Budget
FIN000812,PO000812,V010,H001,D0014,CC1014,INV-2023-000812,2023-11-25,2024-01-09,,2023-11-25,Equipment,CAPEX,4414.87,4879.4,464.53,10.52,Cheque,Pending,FY2023,Q4,Over Budget
FIN000813,PO000813,V006,H003,D0052,CC1012,INV-2024-000813,2024-01-24,2024-03-24,2024-03-19,2024-01-22,Equipment,OPEX,5138157.14,5651926.05,513768.91,10.0,ACH,Paid,FY2024,Q1,Over Budget
FIN000814,PO000814,V002,H001,D0005,CC1005,INV-2025-000814,2025-05-11,2025-06-25,,2025-05-09,Pharmacy,CAPEX,109820.95,105800.18,-4020.77,-3.66,UPI,Pending,FY2025,Q2,Within Budget
FIN000815,PO000815,V008,H005,D0090,CC1010,INV-2024-000815,2024-12-27,2025-02-25,2025-02-23,2024-12-27,Pharmacy,CAPEX,549943.84,544499.54,-5444.3,-0.99,UPI,Paid,FY2024,Q4,Within Budget
FIN000816,PO000816,V007,H003,D0051,CC1011,INV-2025-000816,2025-09-29,2025-11-28,2025-12-09,2025-09-29,Pharmacy,CAPEX,16717417.0,16338388.15,-379028.85,-2.27,Cheque,Overdue,FY2025,Q3,Within Budget
FIN000817,PO000817,V012,H004,D0074,CC1014,INV-2025-000817,2025-03-30,2025-05-29,2025-05-26,2025-03-30,Equipment,CAPEX,18197.3,16799.07,-1398.23,-7.68,UPI,Paid,FY2025,Q1,Within Budget
FIN000818,PO000818,V011,H003,D0046,CC1006,INV-2024-000818,2024-09-06,2024-11-05,,2024-09-03,Laboratory,OPEX,22408.64,20764.4,-1644.24,-7.34,UPI,Pending,FY2024,Q3,Within Budget
FIN000819,PO000819,V004,H002,D0031,CC1011,INV-2026-000819,2026-01-04,2026-02-18,2026-02-18,2026-01-02,Equipment,CAPEX,8629.68,8990.48,360.8,4.18,Wire Transfer,Paid,FY2026,Q1,Over Budget
FIN000820,PO000820,V007,H004,D0062,CC1002,INV-2024-000820,2024-08-04,2024-10-03,2024-10-03,2024-08-03,Pharmacy,CAPEX,1059257.28,1159885.96,100628.68,9.5,UPI,Paid,FY2024,Q3,Over Budget
FIN000821,PO000821,V001,H005,D0083,CC1003,INV-2024-000821,2024-05-21,2024-06-20,2024-06-20,2024-05-18,Pharmacy,CAPEX,271102.44,253726.93,-17375.51,-6.41,Bank Transfer,Paid,FY2024,Q2,Within Budget
FIN000822,PO000822,V011,H002,D0026,CC1006,INV-2023-000822,2023-02-04,2023-04-05,2023-04-04,2023-02-04,Pharmacy,CAPEX,25525.51,26747.9,1222.39,4.79,Wire Transfer,Paid,FY2023,Q1,Over Budget
FIN000823,PO000823,V009,H002,D0035,CC1015,INV-2025-000823,2025-01-04,2025-02-18,2025-02-16,2025-01-02,Medical Supplies,OPEX,65051.73,68967.13,3915.4,6.02,Bank Transfer,Paid,FY2025,Q1,Over Budget
FIN000824,PO000824,V012,H003,D0051,CC1011,INV-2023-000824,2023-05-14,2023-07-13,,2023-05-14,Administration,OPEX,5652.64,5716.93,64.29,1.14,ACH,Pending,FY2023,Q2,Over Budget
FIN000825,PO000825,V011,H001,D0006,CC1006,INV-2025-000825,2025-02-26,2025-04-27,,2025-02-23,Administration,CAPEX,24836.28,25656.7,820.42,3.3,Wire Transfer,Pending,FY2025,Q1,Over Budget
FIN000826,PO000826,V007,H002,D0024,CC1004,INV-2023-000826,2023-07-05,2023-09-03,2023-09-24,2023-07-05,Equipment,OPEX,1905480.12,2051861.99,146381.87,7.68,Bank Transfer,Overdue,FY2023,Q3,Over Budget
FIN000827,PO000827,V005,H003,D0048,CC1008,INV-2023-000827,2023-12-18,2024-02-16,2024-02-16,2023-12-18,Administration,OPEX,2288537.12,2307286.87,18749.75,0.82,Wire Transfer,Paid,FY2023,Q4,Over Budget
FIN000828,PO000828,V011,H005,D0093,CC1013,INV-2024-000828,2024-06-29,2024-08-28,2024-08-23,2024-06-29,Pharmacy,OPEX,19324.82,19453.7,128.88,0.67,UPI,Paid,FY2024,Q2,Over Budget
FIN000829,PO000829,V003,H001,D0009,CC1009,INV-2024-000829,2024-01-12,2024-02-11,2024-02-10,2024-01-11,Pharmacy,CAPEX,31167.67,29635.55,-1532.12,-4.92,UPI,Paid,FY2024,Q1,Within Budget
FIN000830,PO000830,V009,H003,D0046,CC1006,INV-2023-000830,2023-08-26,2023-10-10,,2023-08-23,Pharmacy,OPEX,81647.12,84711.12,3064.0,3.75,ACH,Pending,FY2023,Q3,Over Budget
FIN000831,PO000831,V011,H004,D0080,CC1020,INV-2025-000831,2025-07-15,2025-09-13,2025-09-21,2025-07-15,Administration,OPEX,13025.44,13643.1,617.66,4.74,ACH,Partially Paid,FY2025,Q3,Over Budget
FIN000832,PO000832,V008,H005,D0094,CC1014,INV-2025-000832,2025-04-05,2025-06-04,2025-05-30,2025-04-03,Pharmacy,OPEX,8036456.15,7968676.64,-67779.51,-0.84,ACH,Paid,FY2025,Q2,Within Budget
FIN000833,PO000833,V009,H003,D0057,CC1017,INV-2025-000833,2025-12-10,2026-01-24,2026-01-24,2025-12-08,Equipment,OPEX,64167.87,70186.46,6018.59,9.38,Cheque,Paid,FY2025,Q4,Over Budget
FIN000834,PO000834,V010,H001,D0011,CC1011,INV-2023-000834,2023-01-25,2023-03-11,2023-03-11,2023-01-25,Medical Supplies,CAPEX,5355.48,4955.76,-399.72,-7.46,Cheque,Paid,FY2023,Q1,Within Budget
FIN000835,PO000835,V008,H001,D0002,CC1002,INV-2024-000835,2024-10-11,2024-12-10,2024-12-08,2024-10-08,Pharmacy,OPEX,26635678.34,28463106.6,1827428.26,6.86,UPI,Paid,FY2024,Q4,Over Budget
FIN000836,PO000836,V007,H002,D0032,CC1012,INV-2026-000836,2026-01-30,2026-03-31,2026-03-31,2026-01-27,Laboratory,OPEX,17052129.34,18621775.13,1569645.79,9.2,Cheque,Paid,FY2026,Q1,Over Budget
FIN000837,PO000837,V005,H004,D0066,CC1006,INV-2024-000837,2024-01-19,2024-03-19,2024-03-18,2024-01-16,Equipment,CAPEX,20131479.42,20924989.84,793510.42,3.94,Wire Transfer,Paid,FY2024,Q1,Over Budget
FIN000838,PO000838,V011,H001,D0017,CC1017,INV-2025-000838,2025-01-27,2025-03-28,,2025-01-25,Pharmacy,CAPEX,14803.32,15129.89,326.57,2.21,Cheque,Pending,FY2025,Q1,Over Budget
FIN000839,PO000839,V006,H001,D0010,CC1010,INV-2023-000839,2023-04-06,2023-06-05,2023-06-02,2023-04-03,Laboratory,OPEX,1414029.13,1560647.56,146618.43,10.37,Wire Transfer,Paid,FY2023,Q2,Over Budget
FIN000840,PO000840,V004,H005,D0090,CC1010,INV-2025-000840,2025-03-13,2025-04-27,2025-04-24,2025-03-12,Medical Supplies,CAPEX,26340.02,25000.3,-1339.72,-5.09,UPI,Paid,FY2025,Q1,Within Budget
FIN000841,PO000841,V003,H002,D0032,CC1012,INV-2023-000841,2023-03-27,2023-04-26,2023-04-23,2023-03-25,Administration,CAPEX,29643.45,28783.11,-860.34,-2.9,ACH,Paid,FY2023,Q1,Within Budget
FIN000842,PO000842,V006,H005,D0085,CC1005,INV-2023-000842,2023-09-20,2023-11-19,2023-11-25,2023-09-19,Medical Supplies,CAPEX,6589852.97,6434303.88,-155549.09,-2.36,ACH,Partially Paid,FY2023,Q3,Within Budget
FIN000843,PO000843,V010,H002,D0029,CC1009,INV-2023-000843,2023-06-12,2023-07-27,,2023-06-09,Laboratory,CAPEX,12735.08,11982.76,-752.32,-5.91,UPI,Pending,FY2023,Q2,Within Budget
FIN000844,PO000844,V004,H003,D0050,CC1010,INV-2024-000844,2024-05-19,2024-07-03,,2024-05-18,Medical Supplies,CAPEX,15310.11,14737.89,-572.22,-3.74,Bank Transfer,Pending,FY2024,Q2,Within Budget
FIN000845,PO000845,V011,H001,D0018,CC1018,INV-2025-000845,2025-08-10,2025-10-09,2025-10-09,2025-08-07,Laboratory,OPEX,12646.21,12417.33,-228.88,-1.81,Wire Transfer,Paid,FY2025,Q3,Within Budget
FIN000846,PO000846,V007,H005,D0081,CC1001,INV-2024-000846,2024-03-20,2024-05-19,2024-05-14,2024-03-20,Administration,CAPEX,2696901.89,2471553.8,-225348.09,-8.36,Wire Transfer,Paid,FY2024,Q1,Within Budget
FIN000847,PO000847,V010,H003,D0052,CC1012,INV-2023-000847,2023-10-26,2023-12-10,2023-12-09,2023-10-26,Administration,OPEX,3906.26,3910.72,4.46,0.11,ACH,Paid,FY2023,Q4,Over Budget
FIN000848,PO000848,V010,H001,D0008,CC1008,INV-2023-000848,2023-09-24,2023-11-08,2023-11-05,2023-09-21,Administration,CAPEX,5836.68,5654.73,-181.95,-3.12,ACH,Paid,FY2023,Q3,Within Budget
FIN000849,PO000849,V011,H002,D0032,CC1012,INV-2025-000849,2025-07-05,2025-09-03,2025-08-29,2025-07-03,Pharmacy,CAPEX,15663.84,16643.61,979.77,6.25,Wire Transfer,Paid,FY2025,Q3,Over Budget
FIN000850,PO000850,V010,H004,D0063,CC1003,INV-2023-000850,2023-02-21,2023-04-07,2023-04-03,2023-02-21,Laboratory,OPEX,6279.12,5718.39,-560.73,-8.93,Wire Transfer,Paid,FY2023,Q1,Within Budget
FIN000851,PO000851,V009,H002,D0038,CC1018,INV-2025-000851,2025-05-19,2025-07-03,2025-06-29,2025-05-19,Pharmacy,OPEX,70209.56,76943.49,6733.93,9.59,Wire Transfer,Paid,FY2025,Q2,Over Budget
FIN000852,PO000852,V009,H002,D0034,CC1014,INV-2025-000852,2025-05-07,2025-06-21,2025-06-17,2025-05-06,Laboratory,CAPEX,169300.48,157762.38,-11538.1,-6.82,Cheque,Paid,FY2025,Q2,Within Budget
FIN000853,PO000853,V005,H003,D0047,CC1007,INV-2023-000853,2023-07-26,2023-09-24,2023-09-19,2023-07-23,Equipment,CAPEX,819822.2,835524.61,15702.41,1.92,ACH,Paid,FY2023,Q3,Over Budget
FIN000854,PO000854,V005,H001,D0011,CC1011,INV-2023-000854,2023-09-21,2023-11-20,2023-12-06,2023-09-18,Laboratory,OPEX,11867748.6,12656969.27,789220.67,6.65,Wire Transfer,Overdue,FY2023,Q3,Over Budget
FIN000855,PO000855,V004,H003,D0041,CC1001,INV-2024-000855,2024-07-25,2024-09-08,2024-09-08,2024-07-24,Medical Supplies,OPEX,14543.08,13227.1,-1315.98,-9.05,Cheque,Paid,FY2024,Q3,Within Budget
FIN000856,PO000856,V010,H002,D0026,CC1006,INV-2024-000856,2024-01-12,2024-02-26,2024-02-21,2024-01-11,Laboratory,CAPEX,6977.4,6763.76,-213.64,-3.06,UPI,Paid,FY2024,Q1,Within Budget
FIN000857,PO000857,V006,H002,D0031,CC1011,INV-2025-000857,2025-06-30,2025-08-29,2025-08-26,2025-06-29,Administration,CAPEX,33278933.0,30641829.65,-2637103.35,-7.92,Cheque,Paid,FY2025,Q2,Within Budget
FIN000858,PO000858,V007,H003,D0048,CC1008,INV-2023-000858,2023-08-26,2023-10-25,2023-10-25,2023-08-25,Administration,CAPEX,16880130.53,17383174.46,503043.93,2.98,ACH,Paid,FY2023,Q3,Over Budget
FIN000859,PO000859,V009,H003,D0049,CC1009,INV-2023-000859,2023-06-10,2023-07-25,2023-07-21,2023-06-08,Administration,CAPEX,26007.38,24948.9,-1058.48,-4.07,Bank Transfer,Paid,FY2023,Q2,Within Budget
FIN000860,PO000860,V012,H004,D0072,CC1012,INV-2024-000860,2024-11-18,2025-01-17,,2024-11-15,Medical Supplies,CAPEX,14437.64,13177.28,-1260.36,-8.73,Bank Transfer,Pending,FY2024,Q4,Within Budget
FIN000861,PO000861,V008,H004,D0077,CC1017,INV-2024-000861,2024-03-13,2024-05-12,2024-05-12,2024-03-11,Administration,OPEX,15912480.23,17139358.42,1226878.19,7.71,ACH,Paid,FY2024,Q1,Over Budget
FIN000862,PO000862,V002,H001,D0003,CC1003,INV-2025-000862,2025-06-21,2025-08-05,,2025-06-21,Administration,CAPEX,174006.41,174970.44,964.03,0.55,UPI,Pending,FY2025,Q2,Over Budget
FIN000863,PO000863,V007,H004,D0061,CC1001,INV-2023-000863,2023-11-08,2024-01-07,2024-01-07,2023-11-06,Laboratory,CAPEX,39797965.92,43707378.78,3909412.86,9.82,UPI,Paid,FY2023,Q4,Over Budget
FIN000864,PO000864,V010,H003,D0045,CC1005,INV-2024-000864,2024-12-04,2025-01-18,2025-01-16,2024-12-02,Pharmacy,OPEX,5078.93,4697.45,-381.48,-7.51,Bank Transfer,Paid,FY2024,Q4,Within Budget
FIN000865,PO000865,V004,H005,D0097,CC1017,INV-2023-000865,2023-08-29,2023-10-13,,2023-08-27,Administration,CAPEX,16650.32,16025.17,-625.15,-3.75,Bank Transfer,Pending,FY2023,Q3,Within Budget
FIN000866,PO000866,V010,H003,D0044,CC1004,INV-2024-000866,2024-09-11,2024-10-26,2024-10-21,2024-09-10,Pharmacy,OPEX,3099.42,3021.29,-78.13,-2.52,Wire Transfer,Paid,FY2024,Q3,Within Budget
FIN000867,PO000867,V004,H003,D0049,CC1009,INV-2025-000867,2025-05-05,2025-06-19,2025-06-17,2025-05-04,Pharmacy,OPEX,11879.67,11915.99,36.32,0.31,UPI,Paid,FY2025,Q2,Over Budget
FIN000868,PO000868,V012,H002,D0039,CC1019,INV-2023-000868,2023-02-21,2023-04-22,2023-04-22,2023-02-19,Administration,OPEX,10983.97,11487.17,503.2,4.58,UPI,Paid,FY2023,Q1,Over Budget
FIN000869,PO000869,V006,H001,D0018,CC1018,INV-2023-000869,2023-02-05,2023-04-06,2023-04-05,2023-02-02,Pharmacy,OPEX,9601909.46,9163933.49,-437975.97,-4.56,Cheque,Paid,FY2023,Q1,Within Budget
FIN000870,PO000870,V002,H004,D0079,CC1019,INV-2026-000870,2026-01-06,2026-02-20,2026-02-20,2026-01-06,Equipment,OPEX,28240.05,30165.78,1925.73,6.82,Cheque,Paid,FY2026,Q1,Over Budget
FIN000871,PO000871,V008,H003,D0049,CC1009,INV-2024-000871,2024-05-31,2024-07-30,,2024-05-28,Equipment,CAPEX,4650252.94,4426484.16,-223768.78,-4.81,ACH,Pending,FY2024,Q2,Within Budget
FIN000872,PO000872,V004,H002,D0036,CC1016,INV-2025-000872,2025-01-14,2025-02-28,2025-02-26,2025-01-12,Medical Supplies,OPEX,2550.59,2707.14,156.55,6.14,ACH,Paid,FY2025,Q1,Over Budget
FIN000873,PO000873,V010,H002,D0038,CC1018,INV-2024-000873,2024-10-03,2024-11-17,2024-11-12,2024-09-30,Administration,OPEX,4886.47,4921.89,35.42,0.72,Cheque,Paid,FY2024,Q3,Over Budget
FIN000874,PO000874,V004,H003,D0043,CC1003,INV-2025-000874,2025-08-16,2025-09-30,2025-09-29,2025-08-13,Administration,CAPEX,2074.27,2000.84,-73.43,-3.54,Bank Transfer,Paid,FY2025,Q3,Within Budget
FIN000875,PO000875,V011,H005,D0100,CC1020,INV-2023-000875,2023-01-20,2023-03-21,2023-03-19,2023-01-17,Administration,OPEX,13689.47,14293.24,603.77,4.41,Bank Transfer,Paid,FY2023,Q1,Over Budget
FIN000876,PO000876,V005,H001,D0020,CC1020,INV-2025-000876,2025-06-16,2025-08-15,2025-08-21,2025-06-14,Administration,CAPEX,51760246.78,47769469.32,-3990777.46,-7.71,Wire Transfer,Partially Paid,FY2025,Q2,Within Budget
FIN000877,PO000877,V007,H002,D0036,CC1016,INV-2025-000877,2025-12-18,2026-02-16,2026-02-12,2025-12-18,Laboratory,CAPEX,311767.8,326778.29,15010.49,4.81,ACH,Paid,FY2025,Q4,Over Budget
FIN000878,PO000878,V011,H005,D0092,CC1012,INV-2025-000878,2025-02-06,2025-04-07,2025-04-02,2025-02-05,Equipment,CAPEX,12061.89,11521.94,-539.95,-4.48,UPI,Paid,FY2025,Q1,Within Budget
FIN000879,PO000879,V011,H001,D0019,CC1019,INV-2023-000879,2023-10-29,2023-12-28,2024-01-02,2023-10-29,Laboratory,OPEX,27331.63,30297.26,2965.63,10.85,UPI,Overdue,FY2023,Q4,Over Budget
FIN000880,PO000880,V012,H002,D0040,CC1020,INV-2024-000880,2024-04-28,2024-06-27,2024-06-22,2024-04-25,Pharmacy,CAPEX,9573.8,10397.47,823.67,8.6,ACH,Paid,FY2024,Q2,Over Budget
FIN000881,PO000881,V008,H004,D0061,CC1001,INV-2023-000881,2023-05-13,2023-07-12,2023-07-08,2023-05-13,Equipment,OPEX,4222993.72,4656985.91,433992.19,10.28,Bank Transfer,Paid,FY2023,Q2,Over Budget
FIN000882,PO000882,V004,H002,D0040,CC1020,INV-2026-000882,2026-01-03,2026-02-17,2026-02-12,2026-01-02,Administration,OPEX,3892.09,4243.09,351.0,9.02,Bank Transfer,Paid,FY2026,Q1,Over Budget
FIN000883,PO000883,V007,H003,D0049,CC1009,INV-2025-000883,2025-08-21,2025-10-20,2025-10-15,2025-08-19,Medical Supplies,CAPEX,2090943.58,2012204.55,-78739.03,-3.77,Wire Transfer,Paid,FY2025,Q3,Within Budget
FIN000884,PO000884,V011,H003,D0048,CC1008,INV-2023-000884,2023-08-29,2023-10-28,2023-10-28,2023-08-27,Pharmacy,OPEX,18935.47,17967.53,-967.94,-5.11,Cheque,Paid,FY2023,Q3,Within Budget
FIN000885,PO000885,V009,H004,D0068,CC1008,INV-2024-000885,2024-03-04,2024-04-18,2024-04-16,2024-03-04,Equipment,CAPEX,45147.76,46176.66,1028.9,2.28,Bank Transfer,Paid,FY2024,Q1,Over Budget
FIN000886,PO000886,V011,H002,D0040,CC1020,INV-2024-000886,2024-12-31,2025-03-01,2025-02-28,2024-12-30,Laboratory,OPEX,38740.59,38804.84,64.25,0.17,ACH,Paid,FY2024,Q4,Over Budget
FIN000887,PO000887,V002,H002,D0027,CC1007,INV-2023-000887,2023-05-20,2023-07-04,2023-06-29,2023-05-17,Medical Supplies,CAPEX,76389.32,75773.55,-615.77,-0.81,Wire Transfer,Paid,FY2023,Q2,Within Budget
FIN000888,PO000888,V012,H002,D0031,CC1011,INV-2024-000888,2024-11-20,2025-01-19,2025-01-14,2024-11-20,Pharmacy,CAPEX,11138.41,12098.32,959.91,8.62,Bank Transfer,Paid,FY2024,Q4,Over Budget
FIN000889,PO000889,V007,H003,D0043,CC1003,INV-2024-000889,2024-01-15,2024-03-15,,2024-01-14,Medical Supplies,OPEX,823955.58,763414.89,-60540.69,-7.35,Cheque,Pending,FY2024,Q1,Within Budget
FIN000890,PO000890,V001,H004,D0065,CC1005,INV-2023-000890,2023-11-12,2023-12-12,2023-12-21,2023-11-10,Medical Supplies,CAPEX,68601.82,71963.43,3361.61,4.9,Cheque,Partially Paid,FY2023,Q4,Over Budget
FIN000891,PO000891,V001,H002,D0034,CC1014,INV-2024-000891,2024-01-16,2024-02-15,2024-02-15,2024-01-16,Laboratory,CAPEX,196589.9,199136.55,2546.65,1.3,Bank Transfer,Paid,FY2024,Q1,Over Budget
FIN000892,PO000892,V007,H002,D0021,CC1001,INV-2023-000892,2023-10-19,2023-12-18,2023-12-16,2023-10-17,Laboratory,OPEX,1395222.9,1376707.86,-18515.04,-1.33,Bank Transfer,Paid,FY2023,Q4,Within Budget
FIN000893,PO000893,V009,H001,D0013,CC1013,INV-2024-000893,2024-12-19,2025-02-02,2025-01-30,2024-12-17,Pharmacy,OPEX,26642.72,27380.03,737.31,2.77,ACH,Paid,FY2024,Q4,Over Budget
FIN000894,PO000894,V006,H002,D0038,CC1018,INV-2023-000894,2023-09-25,2023-11-24,,2023-09-22,Pharmacy,CAPEX,45793013.78,45299471.76,-493542.02,-1.08,Bank Transfer,Pending,FY2023,Q3,Within Budget
FIN000895,PO000895,V004,H003,D0055,CC1015,INV-2023-000895,2023-11-22,2024-01-06,2024-01-01,2023-11-20,Laboratory,OPEX,20546.66,20023.58,-523.08,-2.55,ACH,Paid,FY2023,Q4,Within Budget
FIN000896,PO000896,V007,H004,D0065,CC1005,INV-2023-000896,2023-11-28,2024-01-27,,2023-11-28,Administration,OPEX,20909114.52,23049498.88,2140384.36,10.24,Cheque,Pending,FY2023,Q4,Over Budget
FIN000897,PO000897,V009,H001,D0018,CC1018,INV-2023-000897,2023-10-26,2023-12-10,2023-12-07,2023-10-24,Medical Supplies,OPEX,111033.31,113559.61,2526.3,2.28,Wire Transfer,Paid,FY2023,Q4,Over Budget
FIN000898,PO000898,V008,H004,D0065,CC1005,INV-2025-000898,2025-01-22,2025-03-23,2025-03-22,2025-01-22,Administration,CAPEX,11545344.92,12670332.45,1124987.53,9.74,UPI,Paid,FY2025,Q1,Over Budget
FIN000899,PO000899,V005,H005,D0081,CC1001,INV-2024-000899,2024-08-15,2024-10-14,2024-10-14,2024-08-14,Equipment,CAPEX,1434578.12,1542904.31,108326.19,7.55,Bank Transfer,Partially Paid,FY2024,Q3,Over Budget
FIN000900,PO000900,V003,H003,D0042,CC1002,INV-2025-000900,2025-11-23,2025-12-23,2025-12-18,2025-11-23,Equipment,OPEX,28950.75,29118.36,167.61,0.58,ACH,Paid,FY2025,Q4,Over Budget
FIN000901,PO000901,V002,H005,D0093,CC1013,INV-2025-000901,2025-04-06,2025-05-21,2025-05-29,2025-04-04,Laboratory,OPEX,169156.9,164784.78,-4372.12,-2.58,UPI,Overdue,FY2025,Q2,Within Budget
FIN000902,PO000902,V004,H003,D0049,CC1009,INV-2024-000902,2024-12-16,2025-01-30,2025-01-26,2024-12-16,Administration,OPEX,4881.04,5347.38,466.34,9.55,Bank Transfer,Paid,FY2024,Q4,Over Budget
FIN000903,PO000903,V010,H002,D0037,CC1017,INV-2025-000903,2025-07-19,2025-09-02,2025-08-28,2025-07-16,Laboratory,CAPEX,2143.08,2020.08,-123.0,-5.74,Bank Transfer,Paid,FY2025,Q3,Within Budget
FIN000904,PO000904,V010,H004,D0066,CC1006,INV-2023-000904,2023-10-27,2023-12-11,2023-12-10,2023-10-26,Medical Supplies,OPEX,6580.0,6008.2,-571.8,-8.69,Wire Transfer,Paid,FY2023,Q4,Within Budget
FIN000905,PO000905,V004,H001,D0016,CC1016,INV-2025-000905,2025-02-15,2025-04-01,2025-03-29,2025-02-13,Equipment,CAPEX,8612.03,9436.35,824.32,9.57,UPI,Paid,FY2025,Q1,Over Budget
FIN000906,PO000906,V007,H005,D0084,CC1004,INV-2024-000906,2024-01-25,2024-03-25,2024-03-25,2024-01-24,Equipment,OPEX,39634435.36,42480582.32,2846146.96,7.18,UPI,Partially Paid,FY2024,Q1,Over Budget
FIN000907,PO000907,V008,H001,D0005,CC1005,INV-2025-000907,2025-10-22,2025-12-21,2025-12-18,2025-10-21,Medical Supplies,OPEX,33023385.0,33862282.02,838897.02,2.54,Bank Transfer,Paid,FY2025,Q4,Over Budget
FIN000908,PO000908,V008,H001,D0006,CC1006,INV-2023-000908,2023-03-16,2023-05-15,,2023-03-16,Administration,CAPEX,14112837.48,15079709.69,966872.21,6.85,Cheque,Pending,FY2023,Q1,Over Budget
FIN000909,PO000909,V001,H005,D0097,CC1017,INV-2024-000909,2024-08-26,2024-09-25,,2024-08-23,Equipment,OPEX,203701.34,196111.68,-7589.66,-3.73,Wire Transfer,Pending,FY2024,Q3,Within Budget
FIN000910,PO000910,V007,H004,D0076,CC1016,INV-2023-000910,2023-10-02,2023-12-01,2023-11-30,2023-09-29,Administration,OPEX,12318306.74,12261689.95,-56616.79,-0.46,UPI,Paid,FY2023,Q3,Within Budget
FIN000911,PO000911,V004,H001,D0006,CC1006,INV-2025-000911,2025-06-23,2025-08-07,2025-08-07,2025-06-20,Pharmacy,CAPEX,13582.18,14510.87,928.69,6.84,Cheque,Paid,FY2025,Q2,Over Budget
FIN000912,PO000912,V002,H002,D0040,CC1020,INV-2024-000912,2024-06-26,2024-08-10,2024-08-06,2024-06-25,Medical Supplies,CAPEX,138331.18,153545.38,15214.2,11.0,UPI,Paid,FY2024,Q2,Over Budget
FIN000913,PO000913,V004,H002,D0035,CC1015,INV-2023-000913,2023-12-08,2024-01-22,,2023-12-05,Equipment,CAPEX,7341.28,7330.22,-11.06,-0.15,Bank Transfer,Pending,FY2023,Q4,Within Budget
FIN000914,PO000914,V012,H002,D0021,CC1001,INV-2024-000914,2024-09-04,2024-11-03,,2024-09-03,Laboratory,CAPEX,27516.11,29311.63,1795.52,6.53,ACH,Pending,FY2024,Q3,Over Budget
FIN000915,PO000915,V008,H004,D0076,CC1016,INV-2024-000915,2024-01-03,2024-03-03,2024-03-01,2024-01-03,Pharmacy,OPEX,3165463.41,3396595.2,231131.79,7.3,Cheque,Paid,FY2024,Q1,Over Budget
FIN000916,PO000916,V009,H003,D0047,CC1007,INV-2023-000916,2023-08-03,2023-09-17,2023-09-12,2023-07-31,Medical Supplies,OPEX,44063.09,46368.71,2305.62,5.23,ACH,Paid,FY2023,Q3,Over Budget
FIN000917,PO000917,V009,H004,D0062,CC1002,INV-2025-000917,2025-10-09,2025-11-23,2025-11-23,2025-10-06,Equipment,CAPEX,110102.12,104155.03,-5947.09,-5.4,UPI,Paid,FY2025,Q4,Within Budget
FIN000918,PO000918,V010,H003,D0055,CC1015,INV-2024-000918,2024-02-06,2024-03-22,2024-03-17,2024-02-03,Pharmacy,OPEX,3178.86,3128.95,-49.91,-1.57,Bank Transfer,Paid,FY2024,Q1,Within Budget
FIN000919,PO000919,V003,H003,D0056,CC1016,INV-2023-000919,2023-02-15,2023-03-17,2023-03-14,2023-02-15,Equipment,CAPEX,15503.46,16061.99,558.53,3.6,ACH,Paid,FY2023,Q1,Over Budget
FIN000920,PO000920,V002,H003,D0056,CC1016,INV-2025-000920,2025-12-23,2026-02-06,2026-02-03,2025-12-20,Equipment,OPEX,70772.41,77371.76,6599.35,9.32,UPI,Paid,FY2025,Q4,Over Budget
FIN000921,PO000921,V007,H003,D0045,CC1005,INV-2023-000921,2023-10-19,2023-12-18,2023-12-15,2023-10-16,Equipment,CAPEX,11601080.71,11706460.22,105379.51,0.91,Wire Transfer,Paid,FY2023,Q4,Over Budget
FIN000922,PO000922,V002,H003,D0044,CC1004,INV-2025-000922,2025-05-30,2025-07-14,2025-07-10,2025-05-29,Medical Supplies,CAPEX,112773.43,119915.33,7141.9,6.33,ACH,Paid,FY2025,Q2,Over Budget
FIN000923,PO000923,V012,H005,D0088,CC1008,INV-2024-000923,2024-02-25,2024-04-25,2024-04-24,2024-02-22,Pharmacy,OPEX,13446.61,14580.67,1134.06,8.43,Wire Transfer,Paid,FY2024,Q1,Over Budget
FIN000924,PO000924,V005,H003,D0049,CC1009,INV-2023-000924,2023-09-25,2023-11-24,2023-11-20,2023-09-24,Equipment,OPEX,1752691.89,1717101.2,-35590.69,-2.03,Cheque,Paid,FY2023,Q3,Within Budget
FIN000925,PO000925,V001,H004,D0078,CC1018,INV-2023-000925,2023-09-22,2023-10-22,2023-11-02,2023-09-19,Administration,CAPEX,215313.45,200965.56,-14347.89,-6.66,Cheque,Overdue,FY2023,Q3,Within Budget
FIN000926,PO000926,V003,H003,D0047,CC1007,INV-2023-000926,2023-11-05,2023-12-05,,2023-11-02,Equipment,OPEX,21109.27,22084.66,975.39,4.62,Wire Transfer,Pending,FY2023,Q4,Over Budget
FIN000927,PO000927,V007,H001,D0019,CC1019,INV-2023-000927,2023-08-15,2023-10-14,2023-11-06,2023-08-14,Equipment,OPEX,26151447.94,26499928.79,348480.85,1.33,Cheque,Overdue,FY2023,Q3,Over Budget
FIN000928,PO000928,V002,H005,D0081,CC1001,INV-2023-000928,2023-01-18,2023-03-04,2023-03-12,2023-01-18,Medical Supplies,CAPEX,384503.2,350812.31,-33690.89,-8.76,UPI,Partially Paid,FY2023,Q1,Within Budget
FIN000929,PO000929,V008,H002,D0025,CC1005,INV-2024-000929,2024-02-11,2024-04-11,2024-04-10,2024-02-11,Medical Supplies,OPEX,33052489.8,33766170.52,713680.72,2.16,Cheque,Paid,FY2024,Q1,Over Budget
FIN000930,PO000930,V002,H005,D0083,CC1003,INV-2024-000930,2024-03-26,2024-05-10,2024-05-09,2024-03-25,Medical Supplies,OPEX,93400.88,85689.92,-7710.96,-8.26,Cheque,Paid,FY2024,Q1,Within Budget
FIN000931,PO000931,V002,H003,D0042,CC1002,INV-2025-000931,2025-08-22,2025-10-06,,2025-08-21,Administration,OPEX,218364.01,211223.16,-7140.85,-3.27,Cheque,Pending,FY2025,Q3,Within Budget
FIN000932,PO000932,V011,H005,D0086,CC1006,INV-2023-000932,2023-07-07,2023-09-05,2023-09-22,2023-07-06,Equipment,CAPEX,23396.92,23567.74,170.82,0.73,Cheque,Overdue,FY2023,Q3,Over Budget
FIN000933,PO000933,V011,H003,D0046,CC1006,INV-2025-000933,2025-07-14,2025-09-12,2025-09-19,2025-07-14,Laboratory,CAPEX,9049.71,8695.12,-354.59,-3.92,UPI,Overdue,FY2025,Q3,Within Budget
FIN000934,PO000934,V006,H005,D0095,CC1015,INV-2023-000934,2023-06-18,2023-08-17,,2023-06-15,Administration,OPEX,39719903.05,43814700.76,4094797.71,10.31,Bank Transfer,Pending,FY2023,Q2,Over Budget
FIN000935,PO000935,V005,H001,D0010,CC1010,INV-2025-000935,2025-04-19,2025-06-18,,2025-04-17,Medical Supplies,CAPEX,16756341.04,16362159.56,-394181.48,-2.35,Bank Transfer,Pending,FY2025,Q2,Within Budget
FIN000936,PO000936,V007,H001,D0018,CC1018,INV-2024-000936,2024-01-07,2024-03-07,2024-03-07,2024-01-05,Pharmacy,CAPEX,11004662.46,11933140.65,928478.19,8.44,ACH,Paid,FY2024,Q1,Over Budget
FIN000937,PO000937,V010,H005,D0086,CC1006,INV-2024-000937,2024-05-09,2024-06-23,2024-06-22,2024-05-09,Equipment,CAPEX,18471.16,17939.53,-531.63,-2.88,ACH,Paid,FY2024,Q2,Within Budget
FIN000938,PO000938,V005,H005,D0092,CC1012,INV-2025-000938,2025-01-28,2025-03-29,,2025-01-25,Administration,OPEX,5375476.61,5333201.57,-42275.04,-0.79,ACH,Pending,FY2025,Q1,Within Budget
FIN000939,PO000939,V004,H005,D0100,CC1020,INV-2023-000939,2023-08-17,2023-10-01,2023-09-28,2023-08-15,Pharmacy,OPEX,13580.05,14085.83,505.78,3.72,Bank Transfer,Paid,FY2023,Q3,Over Budget
FIN000940,PO000940,V010,H001,D0017,CC1017,INV-2023-000940,2023-08-07,2023-09-21,2023-09-17,2023-08-04,Medical Supplies,CAPEX,2473.5,2538.06,64.56,2.61,UPI,Paid,FY2023,Q3,Over Budget
FIN000941,PO000941,V010,H005,D0095,CC1015,INV-2024-000941,2024-11-16,2024-12-31,2024-12-29,2024-11-14,Medical Supplies,OPEX,7394.14,7139.53,-254.61,-3.44,Cheque,Paid,FY2024,Q4,Within Budget
FIN000942,PO000942,V005,H003,D0044,CC1004,INV-2025-000942,2025-09-06,2025-11-05,2025-11-19,2025-09-03,Medical Supplies,OPEX,3641900.26,3969539.07,327638.81,9.0,ACH,Overdue,FY2025,Q3,Over Budget
FIN000943,PO000943,V003,H001,D0019,CC1019,INV-2023-000943,2023-02-10,2023-03-12,2023-03-11,2023-02-09,Administration,OPEX,6049.39,6333.19,283.8,4.69,Wire Transfer,Paid,FY2023,Q1,Over Budget
FIN000944,PO000944,V012,H005,D0099,CC1019,INV-2025-000944,2025-07-17,2025-09-15,2025-09-12,2025-07-16,Laboratory,OPEX,18034.79,18340.95,306.16,1.7,Wire Transfer,Paid,FY2025,Q3,Over Budget
FIN000945,PO000945,V010,H002,D0022,CC1002,INV-2025-000945,2025-10-21,2025-12-05,2025-12-17,2025-10-21,Administration,CAPEX,2473.51,2637.53,164.02,6.63,Cheque,Overdue,FY2025,Q4,Over Budget
FIN000946,PO000946,V001,H004,D0065,CC1005,INV-2025-000946,2025-10-15,2025-11-14,2025-11-09,2025-10-13,Administration,CAPEX,28779.15,28333.16,-445.99,-1.55,Cheque,Paid,FY2025,Q4,Within Budget
FIN000947,PO000947,V003,H004,D0078,CC1018,INV-2024-000947,2024-07-04,2024-08-03,2024-08-17,2024-07-03,Equipment,CAPEX,11847.33,12330.48,483.15,4.08,ACH,Overdue,FY2024,Q3,Over Budget
FIN000948,PO000948,V004,H002,D0034,CC1014,INV-2023-000948,2023-05-12,2023-06-26,,2023-05-10,Medical Supplies,OPEX,10504.63,10537.84,33.21,0.32,Wire Transfer,Pending,FY2023,Q2,Over Budget
FIN000949,PO000949,V006,H003,D0047,CC1007,INV-2024-000949,2024-12-22,2025-02-20,2025-02-19,2024-12-21,Administration,CAPEX,27117490.16,28339595.34,1222105.18,4.51,ACH,Paid,FY2024,Q4,Over Budget
FIN000950,PO000950,V009,H004,D0078,CC1018,INV-2024-000950,2024-12-31,2025-02-14,2025-02-14,2024-12-30,Medical Supplies,CAPEX,53538.07,48909.24,-4628.83,-8.65,UPI,Paid,FY2024,Q4,Within Budget
FIN000951,PO000951,V010,H002,D0025,CC1005,INV-2023-000951,2023-06-02,2023-07-17,2023-07-16,2023-05-31,Administration,OPEX,3493.24,3775.27,282.03,8.07,Wire Transfer,Paid,FY2023,Q2,Over Budget
FIN000952,PO000952,V001,H004,D0072,CC1012,INV-2025-000952,2025-08-13,2025-09-12,2025-09-08,2025-08-12,Equipment,CAPEX,113442.69,103543.47,-9899.22,-8.73,Bank Transfer,Paid,FY2025,Q3,Within Budget
FIN000953,PO000953,V012,H004,D0062,CC1002,INV-2024-000953,2024-11-02,2025-01-01,2025-01-03,2024-10-30,Laboratory,CAPEX,8966.12,8270.67,-695.45,-7.76,ACH,Partially Paid,FY2024,Q4,Within Budget
FIN000954,PO000954,V002,H002,D0021,CC1001,INV-2024-000954,2024-03-12,2024-04-26,2024-04-24,2024-03-10,Laboratory,CAPEX,142042.75,157674.81,15632.06,11.01,UPI,Paid,FY2024,Q1,Over Budget
FIN000955,PO000955,V008,H001,D0019,CC1019,INV-2024-000955,2024-10-03,2024-12-02,2024-12-02,2024-09-30,Laboratory,OPEX,16584481.65,16048811.69,-535669.96,-3.23,ACH,Paid,FY2024,Q3,Within Budget
FIN000956,PO000956,V007,H004,D0066,CC1006,INV-2024-000956,2024-09-07,2024-11-06,2024-11-03,2024-09-07,Administration,OPEX,1906108.0,1840580.27,-65527.73,-3.44,Cheque,Paid,FY2024,Q3,Within Budget
FIN000957,PO000957,V002,H003,D0053,CC1013,INV-2023-000957,2023-07-19,2023-09-02,2023-08-28,2023-07-17,Equipment,OPEX,197566.35,203366.63,5800.28,2.94,Wire Transfer,Paid,FY2023,Q3,Over Budget
FIN000958,PO000958,V010,H004,D0073,CC1013,INV-2024-000958,2024-03-22,2024-05-06,2024-05-03,2024-03-22,Medical Supplies,CAPEX,18425.62,19619.61,1193.99,6.48,ACH,Paid,FY2024,Q1,Over Budget
FIN000959,PO000959,V003,H004,D0061,CC1001,INV-2024-000959,2024-10-09,2024-11-08,2024-11-13,2024-10-09,Laboratory,OPEX,5823.95,5835.08,11.13,0.19,Cheque,Partially Paid,FY2024,Q4,Over Budget
FIN000960,PO000960,V003,H005,D0090,CC1010,INV-2023-000960,2023-02-15,2023-03-17,2023-03-15,2023-02-13,Pharmacy,CAPEX,40922.12,42017.69,1095.57,2.68,Cheque,Paid,FY2023,Q1,Over Budget
FIN000961,PO000961,V001,H005,D0084,CC1004,INV-2026-000961,2026-01-07,2026-02-06,2026-02-03,2026-01-07,Laboratory,CAPEX,136068.43,126591.73,-9476.7,-6.96,Wire Transfer,Paid,FY2026,Q1,Within Budget
FIN000962,PO000962,V003,H005,D0085,CC1005,INV-2024-000962,2024-05-15,2024-06-14,,2024-05-12,Laboratory,OPEX,22072.46,23663.65,1591.19,7.21,UPI,Pending,FY2024,Q2,Over Budget
FIN000963,PO000963,V012,H001,D0016,CC1016,INV-2025-000963,2025-05-13,2025-07-12,2025-07-09,2025-05-12,Administration,CAPEX,13944.83,13676.94,-267.89,-1.92,Bank Transfer,Paid,FY2025,Q2,Within Budget
FIN000964,PO000964,V003,H005,D0094,CC1014,INV-2024-000964,2024-05-10,2024-06-09,2024-06-06,2024-05-07,Pharmacy,CAPEX,3130.92,2881.31,-249.61,-7.97,ACH,Paid,FY2024,Q2,Within Budget
FIN000965,PO000965,V006,H005,D0081,CC1001,INV-2025-000965,2025-10-14,2025-12-13,2025-12-10,2025-10-13,Pharmacy,CAPEX,27529693.45,27225778.38,-303915.07,-1.1,Bank Transfer,Paid,FY2025,Q4,Within Budget
FIN000966,PO000966,V004,H004,D0072,CC1012,INV-2024-000966,2024-07-20,2024-09-03,2024-09-17,2024-07-18,Laboratory,CAPEX,17227.13,16182.4,-1044.73,-6.06,ACH,Overdue,FY2024,Q3,Within Budget
FIN000967,PO000967,V004,H004,D0072,CC1012,INV-2023-000967,2023-04-08,2023-05-23,2023-05-21,2023-04-08,Laboratory,OPEX,14195.58,15679.35,1483.77,10.45,Wire Transfer,Paid,FY2023,Q2,Over Budget
FIN000968,PO000968,V001,H003,D0043,CC1003,INV-2024-000968,2024-09-11,2024-10-11,2024-10-21,2024-09-08,Equipment,OPEX,306054.09,311210.43,5156.34,1.68,Bank Transfer,Partially Paid,FY2024,Q3,Over Budget
FIN000969,PO000969,V001,H001,D0002,CC1002,INV-2023-000969,2023-10-26,2023-11-25,2023-11-26,2023-10-23,Administration,CAPEX,154301.05,146542.55,-7758.5,-5.03,UPI,Partially Paid,FY2023,Q4,Within Budget
FIN000970,PO000970,V004,H003,D0056,CC1016,INV-2025-000970,2025-10-21,2025-12-05,2025-12-30,2025-10-18,Laboratory,OPEX,22904.64,22994.38,89.74,0.39,Wire Transfer,Overdue,FY2025,Q4,Over Budget
FIN000971,PO000971,V009,H001,D0003,CC1003,INV-2025-000971,2025-03-22,2025-05-06,2025-05-16,2025-03-22,Administration,OPEX,86514.43,86298.24,-216.19,-0.25,ACH,Overdue,FY2025,Q1,Within Budget
FIN000972,PO000972,V007,H001,D0011,CC1011,INV-2024-000972,2024-08-16,2024-10-15,2024-10-15,2024-08-15,Pharmacy,CAPEX,757469.0,785808.21,28339.21,3.74,Cheque,Paid,FY2024,Q3,Over Budget
FIN000973,PO000973,V006,H005,D0084,CC1004,INV-2026-000973,2026-01-20,2026-03-21,2026-03-19,2026-01-18,Administration,OPEX,3336962.62,3248444.37,-88518.25,-2.65,UPI,Paid,FY2026,Q1,Within Budget
FIN000974,PO000974,V004,H002,D0028,CC1008,INV-2024-000974,2024-07-29,2024-09-12,,2024-07-28,Administration,OPEX,10304.92,10977.13,672.21,6.52,UPI,Pending,FY2024,Q3,Over Budget
FIN000975,PO000975,V006,H004,D0063,CC1003,INV-2023-000975,2023-03-31,2023-05-30,2023-06-13,2023-03-29,Pharmacy,CAPEX,13179160.32,13663938.09,484777.77,3.68,Bank Transfer,Overdue,FY2023,Q1,Over Budget
FIN000976,PO000976,V008,H005,D0090,CC1010,INV-2023-000976,2023-10-02,2023-12-01,2023-12-06,2023-09-30,Equipment,CAPEX,37282582.89,37027681.93,-254900.96,-0.68,Wire Transfer,Overdue,FY2023,Q3,Within Budget
FIN000977,PO000977,V011,H005,D0097,CC1017,INV-2024-000977,2024-09-25,2024-11-24,2024-11-23,2024-09-22,Medical Supplies,OPEX,15259.21,14453.27,-805.94,-5.28,ACH,Paid,FY2024,Q3,Within Budget
FIN000978,PO000978,V003,H002,D0021,CC1001,INV-2024-000978,2024-10-21,2024-11-20,,2024-10-20,Administration,OPEX,33011.5,32989.18,-22.32,-0.07,Cheque,Pending,FY2024,Q4,Within Budget
FIN000979,PO000979,V008,H002,D0028,CC1008,INV-2025-000979,2025-05-20,2025-07-19,2025-07-18,2025-05-20,Medical Supplies,CAPEX,32869102.69,33130894.01,261791.32,0.8,Wire Transfer,Paid,FY2025,Q2,Over Budget
FIN000980,PO000980,V001,H004,D0075,CC1015,INV-2025-000980,2025-01-03,2025-02-02,2025-01-30,2025-01-01,Administration,CAPEX,195292.4,202940.27,7647.87,3.92,ACH,Paid,FY2025,Q1,Over Budget
FIN000981,PO000981,V010,H005,D0086,CC1006,INV-2025-000981,2025-07-11,2025-08-25,,2025-07-11,Medical Supplies,OPEX,7722.04,7410.94,-311.1,-4.03,ACH,Pending,FY2025,Q3,Within Budget
FIN000982,PO000982,V011,H002,D0029,CC1009,INV-2023-000982,2023-07-03,2023-09-01,,2023-07-02,Pharmacy,OPEX,38140.82,35600.28,-2540.54,-6.66,ACH,Pending,FY2023,Q3,Within Budget
FIN000983,PO000983,V007,H003,D0049,CC1009,INV-2024-000983,2024-11-15,2025-01-14,2025-01-14,2024-11-15,Medical Supplies,OPEX,798891.15,862692.76,63801.61,7.99,Cheque,Paid,FY2024,Q4,Over Budget
FIN000984,PO000984,V008,H002,D0034,CC1014,INV-2024-000984,2024-08-23,2024-10-22,2024-10-22,2024-08-23,Administration,OPEX,804732.14,765342.41,-39389.73,-4.89,Cheque,Paid,FY2024,Q3,Within Budget
FIN000985,PO000985,V004,H005,D0098,CC1018,INV-2024-000985,2024-04-10,2024-05-25,2024-05-23,2024-04-08,Medical Supplies,OPEX,2477.79,2682.22,204.43,8.25,Bank Transfer,Paid,FY2024,Q2,Over Budget
FIN000986,PO000986,V008,H004,D0075,CC1015,INV-2025-000986,2025-08-29,2025-10-28,2025-10-27,2025-08-28,Equipment,CAPEX,1780804.86,1642779.19,-138025.67,-7.75,Bank Transfer,Paid,FY2025,Q3,Within Budget
FIN000987,PO000987,V001,H003,D0057,CC1017,INV-2025-000987,2025-06-08,2025-07-08,2025-07-13,2025-06-06,Pharmacy,OPEX,36618.28,39882.42,3264.14,8.91,UPI,Partially Paid,FY2025,Q2,Over Budget
FIN000988,PO000988,V006,H001,D0005,CC1005,INV-2023-000988,2023-02-21,2023-04-22,2023-04-22,2023-02-20,Medical Supplies,OPEX,11097008.37,10506934.44,-590073.93,-5.32,UPI,Paid,FY2023,Q1,Within Budget
FIN000989,PO000989,V004,H002,D0024,CC1004,INV-2024-000989,2024-02-04,2024-03-20,2024-03-22,2024-02-03,Administration,OPEX,9357.66,9919.08,561.42,6.0,Bank Transfer,Partially Paid,FY2024,Q1,Over Budget
FIN000990,PO000990,V007,H001,D0005,CC1005,INV-2024-000990,2024-03-28,2024-05-27,2024-05-23,2024-03-25,Equipment,CAPEX,34169077.92,31496696.04,-2672381.88,-7.82,Bank Transfer,Paid,FY2024,Q1,Within Budget
FIN000991,PO000991,V005,H001,D0005,CC1005,INV-2025-000991,2025-05-09,2025-07-08,2025-07-14,2025-05-07,Equipment,OPEX,10874554.11,11616007.25,741453.14,6.82,Cheque,Partially Paid,FY2025,Q2,Over Budget
FIN000992,PO000992,V007,H003,D0053,CC1013,INV-2024-000992,2024-06-22,2024-08-21,2024-08-21,2024-06-20,Administration,OPEX,11215009.11,12156280.93,941271.82,8.39,Cheque,Paid,FY2024,Q2,Over Budget
FIN000993,PO000993,V002,H005,D0098,CC1018,INV-2025-000993,2025-04-07,2025-05-22,2025-05-22,2025-04-05,Medical Supplies,CAPEX,268336.73,254962.73,-13374.0,-4.98,Cheque,Paid,FY2025,Q2,Within Budget
FIN000994,PO000994,V006,H001,D0007,CC1007,INV-2023-000994,2023-08-02,2023-10-01,2023-09-26,2023-07-31,Pharmacy,CAPEX,7320448.21,7929904.84,609456.63,8.33,ACH,Paid,FY2023,Q3,Over Budget
FIN000995,PO000995,V012,H003,D0058,CC1018,INV-2023-000995,2023-04-20,2023-06-19,2023-06-25,2023-04-18,Equipment,OPEX,22056.6,21821.3,-235.3,-1.07,Cheque,Partially Paid,FY2023,Q2,Within Budget
FIN000996,PO000996,V001,H003,D0060,CC1020,INV-2025-000996,2025-02-07,2025-03-09,2025-03-04,2025-02-05,Laboratory,OPEX,282756.51,259930.36,-22826.15,-8.07,Cheque,Paid,FY2025,Q1,Within Budget
FIN000997,PO000997,V010,H004,D0066,CC1006,INV-2024-000997,2024-12-14,2025-01-28,2025-01-25,2024-12-14,Laboratory,OPEX,6978.18,7065.71,87.53,1.25,ACH,Paid,FY2024,Q4,Over Budget
FIN000998,PO000998,V006,H005,D0087,CC1007,INV-2024-000998,2024-07-05,2024-09-03,2024-08-30,2024-07-04,Laboratory,OPEX,2376582.75,2603213.06,226630.31,9.54,ACH,Paid,FY2024,Q3,Over Budget
FIN000999,PO000999,V010,H003,D0054,CC1014,INV-2025-000999,2025-01-29,2025-03-15,2025-03-10,2025-01-26,Administration,CAPEX,4594.63,4303.61,-291.02,-6.33,Cheque,Paid,FY2025,Q1,Within Budget
FIN001000,PO001000,V004,H003,D0058,CC1018,INV-2025-001000,2025-06-20,2025-08-04,2025-08-12,2025-06-17,Pharmacy,OPEX,19020.79,19584.44,563.65,2.96,Cheque,Partially Paid,FY2025,Q2,Over Budget
